European_code,Name,Category,Address,City,Region,Country,Lat,Lon
IT0001117976504,'BANCA CENTRO EMILIA - CREDITO COOPERATIVO' SOCIETA' COOPERATIVA,Entidad de crédito,"VIA STATALE, 39",CENTO,Emilia-Romagna,IT,44.7275471,11.2905632
IT0000105626685,"'BANCA DI CREDITO POPOLARE', SOCIETA' COOPERATIVA PER AZIONI",Entidad de crédito,"CORSO V. EMANUELE, 92/100",TORRE DEL GRECO,Campania,IT,40.7864447,14.3658584
IT0001627501111,AAREAL BANK AG,Entidad de crédito,"VIA SAVERIO MERCADANTE, 12/14",ROMA,Lazio,IT,41.892984,12.4835363
IT0002367758548,ALLFUNDS BANK S.A.,Entidad de crédito,VIA BOCCHETTO 6,MILANO,Lombardia,IT,45.466647,9.1906475
IT0000639755447,ALLIANZ BANK FINANCIAL ADVISORS S.P.A.,Entidad de crédito,"PIAZZA TRE TORRI, 3",MILANO,Lombardia,IT,45.466647,9.1906475
IT0003512424662,ANIMA LIQUIDITA' EURO,Fondo del mercado monetario,CORSO GARIBALDI 99,MILANO,Lombardia,IT,45.466647,9.1906475
IT0005425460987,ANIMA TESORERIA,Fondo del mercado monetario,CORSO GARIBALDI 99,MILANO,Lombardia,IT,45.466647,9.1906475
IT0004916351812,ARAB BANKING CORPORATION SA,Entidad de crédito,VIA AMEDEI 8,MILANO,Lombardia,IT,45.466647,9.1906475
IT0003749450531,ATTIJARIWAFA BANK EUROPE SEDE SECONDARIA ITALIANA,Entidad de crédito,"VIA ANGELO POLIZIANO, 1",MILANO,Lombardia,IT,45.466647,9.1906475
IT0000100778167,B.C.C. DEL GARDA - BANCA DI CREDITO COOPERATIVO COLLI MORENICI DEL GARDA - SOCIETA' COOPERATIVA,Entidad de crédito,"VIA TRIESTE, 62",MONTICHIARI,Lombardia,IT,45.4117117,10.3942599
IT0000162756956,BANCA 360 CREDITO COOPERATIVO FVG  - SOCIETA' COOPERATIVA,Entidad de crédito,"PIAZZALE DUCA D¿AOSTA, 12",PORDENONE,Friuli-Venezia Giulia,IT,45.9541959,12.6600751
IT0003267717892,BANCA ADRIA COLLI EUGANEI - CREDITO COOPERATIVO SOCIETA' COOPERATIVA,Entidad de crédito,"CORSO MAZZINI, 60",ADRIA,Veneto,IT,45.0548809,12.0573027
IT0000149981571,BANCA AGRICOLA POPOLARE DI SICILIA SOCIETA' COOPERATIVA PER AZIONI,Entidad de crédito,"VIALE EUROPA, 65",RAGUSA,Sicilia,IT,36.9249942,14.7306497
IT0000452546040,BANCA AIDEXA S.P.A.,Entidad de crédito,VIA CUSANI 10,MILANO,Lombardia,IT,45.466647,9.1906475
IT0000422149578,BANCA AKROS S.P.A.,Entidad de crédito,"VIALE EGINARDO, 29",MILANO,Lombardia,IT,45.466647,9.1906475
IT0000772835545,BANCA ALETTI S.P.A.,Entidad de crédito,CORSO MATTEOTTI 2A,MILANO,Lombardia,IT,45.466647,9.1906475
IT0000129818821,BANCA ALPI MARITTIME CREDITO COOPERATIVO CARRU' - SOCIETA' COOPERATIVA PER AZIONI,Entidad de crédito,"VIA STAZIONE, 10",CARRU',Piemonte,IT,44.4785513,7.8802367
IT0000115084542,BANCA ALTA TOSCANA CREDITO COOPERATIVO - SOCIETA' COOPERATIVA,Entidad de crédito,"VIA IV NOVEMBRE, 108",QUARRATA,Toscana,IT,43.8471367,10.9785919
IT0003038145782,BANCA CAMBIANO 1884 S.P.A.,Entidad de crédito,VIALE ANTONIO GRAMSCI 34,FIRENZE,Toscana,IT,43.7692262,11.2566059
IT0000849901673,BANCA CASSA DI RISPARMIO DI SAVIGLIANO S.P.A.,Entidad de crédito,"PIAZZA DEL POPOLO, 15",SAVIGLIANO,Piemonte,IT,44.6479622,7.6574521
IT0001149857572,BANCA CENTRO CALABRIA - CREDITO COOPERATIVO - SOCIETA' COOPERATIVA,Entidad de crédito,"VIA FLAMINIA, 1",CROPANI,Calabria,IT,38.7935304,16.4483817
IT0001149857572,BANCA CENTRO CALABRIA - CREDITO COOPERATIVO - SOCIETA' COOPERATIVA,Entidad de crédito,"VIA FLAMINIA, 1",CROPANI,Calabria,IT,39.013624,16.7697741
IT0001149857572,BANCA CENTRO CALABRIA - CREDITO COOPERATIVO - SOCIETA' COOPERATIVA,Entidad de crédito,"VIA FLAMINIA, 1",CROPANI,Calabria,IT,39.0172448,16.7846736
IT0001149857572,BANCA CENTRO CALABRIA - CREDITO COOPERATIVO - SOCIETA' COOPERATIVA,Entidad de crédito,"VIA FLAMINIA, 1",CROPANI,Calabria,IT,38.8806772,16.4880199
IT0001149857572,BANCA CENTRO CALABRIA - CREDITO COOPERATIVO - SOCIETA' COOPERATIVA,Entidad de crédito,"VIA FLAMINIA, 1",CROPANI,Calabria,IT,39.0186216,16.742797
IT0001149857572,BANCA CENTRO CALABRIA - CREDITO COOPERATIVO - SOCIETA' COOPERATIVA,Entidad de crédito,"VIA FLAMINIA, 1",CROPANI,Calabria,IT,38.9967844,16.5784077
IT0001149857572,BANCA CENTRO CALABRIA - CREDITO COOPERATIVO - SOCIETA' COOPERATIVA,Entidad de crédito,"VIA FLAMINIA, 1",CROPANI,Calabria,IT,39.0134893,16.6269478
IT0001149857572,BANCA CENTRO CALABRIA - CREDITO COOPERATIVO - SOCIETA' COOPERATIVA,Entidad de crédito,"VIA FLAMINIA, 1",CROPANI,Calabria,IT,39.0271555,16.8359383
IT0001149857572,BANCA CENTRO CALABRIA - CREDITO COOPERATIVO - SOCIETA' COOPERATIVA,Entidad de crédito,"VIA FLAMINIA, 1",CROPANI,Calabria,IT,38.7499084,16.4536816
IT0001149857572,BANCA CENTRO CALABRIA - CREDITO COOPERATIVO - SOCIETA' COOPERATIVA,Entidad de crédito,"VIA FLAMINIA, 1",CROPANI,Calabria,IT,38.9850144,16.5818345
IT0001149857572,BANCA CENTRO CALABRIA - CREDITO COOPERATIVO - SOCIETA' COOPERATIVA,Entidad de crédito,"VIA FLAMINIA, 1",CROPANI,Calabria,IT,39.0408363,16.7567518
IT0001149857572,BANCA CENTRO CALABRIA - CREDITO COOPERATIVO - SOCIETA' COOPERATIVA,Entidad de crédito,"VIA FLAMINIA, 1",CROPANI,Calabria,IT,38.9841504,16.6253579
IT0001149857572,BANCA CENTRO CALABRIA - CREDITO COOPERATIVO - SOCIETA' COOPERATIVA,Entidad de crédito,"VIA FLAMINIA, 1",CROPANI,Calabria,IT,38.9058344,16.7440541
IT0001149857572,BANCA CENTRO CALABRIA - CREDITO COOPERATIVO - SOCIETA' COOPERATIVA,Entidad de crédito,"VIA FLAMINIA, 1",CROPANI,Calabria,IT,38.9551194,16.6401212
IT0001149857572,BANCA CENTRO CALABRIA - CREDITO COOPERATIVO - SOCIETA' COOPERATIVA,Entidad de crédito,"VIA FLAMINIA, 1",CROPANI,Calabria,IT,39.0186917,16.5691242
IT0001149857572,BANCA CENTRO CALABRIA - CREDITO COOPERATIVO - SOCIETA' COOPERATIVA,Entidad de crédito,"VIA FLAMINIA, 1",CROPANI,Calabria,IT,38.9462213,16.6804078
IT0001149857572,BANCA CENTRO CALABRIA - CREDITO COOPERATIVO - SOCIETA' COOPERATIVA,Entidad de crédito,"VIA FLAMINIA, 1",CROPANI,Calabria,IT,38.7758332,16.4601873
IT0001149857572,BANCA CENTRO CALABRIA - CREDITO COOPERATIVO - SOCIETA' COOPERATIVA,Entidad de crédito,"VIA FLAMINIA, 1",CROPANI,Calabria,IT,38.9992449,16.6603057
IT0000104747993,BANCA CENTRO LAZIO CREDITO COOPERATIVO - SOCIETA' COOPERATIVA,Entidad de crédito,"VIALE DELLA VITTORIA, 21",PALESTRINA,Lazio,IT,41.8394082,12.8889861
IT0004508298418,BANCA CENTRO-CREDITO COOPERATIVO TOSCANA-UMBRIA SOC.COOPERATIVA,Entidad de crédito,"VIA DEL CROCINO, 2",SOVICILLE,Toscana,IT,43.2802561,11.2280741
IT0001203616964,BANCA CENTROPADANA CREDITO COOPERATIVO - SOCIETA' COOPERATIVA,Entidad de crédito,"CORSO ROMA, 100",LODI,Lombardia,IT,45.3144787,9.5028118
IT0003702705552,BANCA CESARE PONTI S.P.A.,Entidad de crédito,"PIAZZA DEL DUOMO, 19",MILANO,Lombardia,IT,45.466647,9.1906475
IT0000104748984,BANCA CF+ CREDITO FONDIARIO S.P.A.,Entidad de crédito,CORSO EUROPA 15,MILANO,Lombardia,IT,45.466647,9.1906475
IT0001079603126,BANCA CREDIFARMA S.P.A.,Entidad de crédito,VIA MARIO BIANCHINI 13,ROMA,Lazio,IT,41.892984,12.4835363
IT0000918181954,BANCA CREDITO ATTIVO S.P.A.,Entidad de crédito,"VIA VENTI SETTEMBRE, 30",ROMA,Lazio,IT,41.892984,12.4835363
IT0001551537451,BANCA CREMASCA E MANTOVANA - CREDITO COOPERATIVO - SOCIETA' COOPERATIVA,Entidad de crédito,"PIAZZA GARIBALDI, 29",CREMA,Lombardia,IT,45.3633237,9.6863792
IT0000125236019,BANCA D' ITALIA,Banco central,"VIA NAZIONALE, 91",ROMA,Lazio,IT,41.892984,12.4835363
IT0000441161504,BANCA DEI SIBILLINI-CREDITO COOPERATIVO DI CASAVECCHIA-SOCIETA' COOPERATIVA,Entidad de crédito,"VIA DANTE ALIGHIERI, 2",PIEVE TORINA,Marche,IT,42.9934238,13.0013368
IT0000441161504,BANCA DEI SIBILLINI-CREDITO COOPERATIVO DI CASAVECCHIA-SOCIETA' COOPERATIVA,Entidad de crédito,"VIA DANTE ALIGHIERI, 2",PIEVE TORINA,Marche,IT,43.0443121,13.0503575
IT0002733876882,BANCA DEL FUCINO S.P.A.,Entidad de crédito,"VIA TOMACELLI, 107",ROMA,Lazio,IT,41.892984,12.4835363
IT0000442867716,BANCA DEL PICENO CREDITO COOPERATIVO - SOCIETA' COOPERATIVA,Entidad de crédito,"VIA MARZIALE, 36",ACQUAVIVA PICENA,Marche,IT,42.9446387,13.812761
IT0000100240817,BANCA DEL PIEMONTE S.P.A.,Entidad de crédito,"VIA CERNAIA, 7",TORINO,Piemonte,IT,45.0732891,7.6806958
IT0000100778249,BANCA DEL TERRITORIO LOMBARDO CREDITO COOPERATIVO - SOCIETA' COOPERATIVA,Entidad de crédito,"VIA SOSTEGNO, 58",BRESCIA,Lombardia,IT,45.5399355,10.219113
IT0000104003078,BANCA DEL VALDARNO - CREDITO COOPERATIVO - SOCIETA' COOPERATIVA,Entidad de crédito,"PIAZZA DELLA LIBERTA', 26",SAN GIOVANNI VALDARNO,Toscana,IT,43.5665195,11.5300459
IT0001419230038,BANCA DELL'ALTA MURGIA CREDITO COOPERATIVO - SOCIETA' COOPERATIVA,Entidad de crédito,"PIAZZA ZANARDELLI, 16",ALTAMURA,Puglia,IT,40.8284111,16.5523558
IT0001227035648,BANCA DELL'ELBA CREDITO COOPERATIVO - SOCIETA' COOPERATIVA,Entidad de crédito,"CALATA ITALIA, 26",PORTOFERRAIO,Toscana,IT,42.8151229,10.3309242
IT0001674056957,BANCA DELLA MARCA CREDITO COOPERATIVO - SOCIETA' COOPERATIVA,Entidad de crédito,"VIA G. GARIBALDI, 46",ORSAGO,Veneto,IT,45.7874776,12.3617875
IT0001674056957,BANCA DELLA MARCA CREDITO COOPERATIVO - SOCIETA' COOPERATIVA,Entidad de crédito,"VIA G. GARIBALDI, 46",ORSAGO,Veneto,IT,45.9056283,12.1263592
IT0001674056957,BANCA DELLA MARCA CREDITO COOPERATIVO - SOCIETA' COOPERATIVA,Entidad de crédito,"VIA G. GARIBALDI, 46",ORSAGO,Veneto,IT,45.7870493,11.8673381
IT0001674056957,BANCA DELLA MARCA CREDITO COOPERATIVO - SOCIETA' COOPERATIVA,Entidad de crédito,"VIA G. GARIBALDI, 46",ORSAGO,Veneto,IT,46.0075533,12.3391381
IT0001674056957,BANCA DELLA MARCA CREDITO COOPERATIVO - SOCIETA' COOPERATIVA,Entidad de crédito,"VIA G. GARIBALDI, 46",ORSAGO,Veneto,IT,45.930078,12.3980924
IT0001674056957,BANCA DELLA MARCA CREDITO COOPERATIVO - SOCIETA' COOPERATIVA,Entidad de crédito,"VIA G. GARIBALDI, 46",ORSAGO,Veneto,IT,45.8411343,12.3516332
IT0001674056957,BANCA DELLA MARCA CREDITO COOPERATIVO - SOCIETA' COOPERATIVA,Entidad de crédito,"VIA G. GARIBALDI, 46",ORSAGO,Veneto,IT,45.8072598,11.9722633
IT0001674056957,BANCA DELLA MARCA CREDITO COOPERATIVO - SOCIETA' COOPERATIVA,Entidad de crédito,"VIA G. GARIBALDI, 46",ORSAGO,Veneto,IT,45.8305713,11.9213811
IT0001674056957,BANCA DELLA MARCA CREDITO COOPERATIVO - SOCIETA' COOPERATIVA,Entidad de crédito,"VIA G. GARIBALDI, 46",ORSAGO,Veneto,IT,45.8674075,12.1070329
IT0001674056957,BANCA DELLA MARCA CREDITO COOPERATIVO - SOCIETA' COOPERATIVA,Entidad de crédito,"VIA G. GARIBALDI, 46",ORSAGO,Veneto,IT,45.9312958,12.4237806
IT0002196317286,BANCA DELLA NUOVA TERRA S.P.A.,Entidad de crédito,"PIAZZA GARIBALDI, 16",SONDRIO,Lombardia,IT,46.1709959,9.8712633
IT0000643849285,BANCA DELLA VALSASSINA CREDITO COOPERATIVO - SOCIETA' COOPERATIVA,Entidad de crédito,"VIA XXV APRILE, 16/18",CREMENO,Lombardia,IT,45.9353286,9.472733
IT0000536647513,BANCA DELLE TERRE VENETE CREDITO COOPERATIVO ¿ SOCIETÀ COOPERATIVA,Entidad de crédito,"VIA SPADA, 2",VEDELAGO,Veneto,IT,45.9428922,12.0906756
IT0000536647513,BANCA DELLE TERRE VENETE CREDITO COOPERATIVO ¿ SOCIETÀ COOPERATIVA,Entidad de crédito,"VIA SPADA, 2",VEDELAGO,Veneto,IT,45.6502421,12.4341934
IT0000536647513,BANCA DELLE TERRE VENETE CREDITO COOPERATIVO ¿ SOCIETÀ COOPERATIVA,Entidad de crédito,"VIA SPADA, 2",VEDELAGO,Veneto,IT,45.6348811,12.0838041
IT0000536647513,BANCA DELLE TERRE VENETE CREDITO COOPERATIVO ¿ SOCIETÀ COOPERATIVA,Entidad de crédito,"VIA SPADA, 2",VEDELAGO,Veneto,IT,45.7165447,12.2016124
IT0000536647513,BANCA DELLE TERRE VENETE CREDITO COOPERATIVO ¿ SOCIETÀ COOPERATIVA,Entidad de crédito,"VIA SPADA, 2",VEDELAGO,Veneto,IT,45.7601512,12.2061028
IT0000536647513,BANCA DELLE TERRE VENETE CREDITO COOPERATIVO ¿ SOCIETÀ COOPERATIVA,Entidad de crédito,"VIA SPADA, 2",VEDELAGO,Veneto,IT,45.6870778,12.0183158
IT0000536647513,BANCA DELLE TERRE VENETE CREDITO COOPERATIVO ¿ SOCIETÀ COOPERATIVA,Entidad de crédito,"VIA SPADA, 2",VEDELAGO,Veneto,IT,45.6781775,12.4917658
IT0000643840011,BANCA DI ANCONA E FALCONARA MARITTIMA CREDITO COOPERATIVO - SOCIETA' COOPERATIVA,Entidad de crédito,"VIA DELL'AGRICOLTURA, 1",ANCONA,Marche,IT,43.616739,13.5188738
IT0002776453546,BANCA DI ANDRIA DI CREDITO COOPERATIVO - SOCIETA' COOPERATIVA PER AZIONI A RESPONSABILITA' LIMITATA,Entidad de crédito,"VIA DON LUIGI STURZO, 9/11/13",ANDRIA,Puglia,IT,41.2271061,16.2952722
IT0001338697847,BANCA DI ANGHIARI E STIA - CREDITO COOPERATIVO - SOCIETA' COOPERATIVA,Entidad de crédito,"VIA MAZZINI, 17",ANGHIARI,Toscana,IT,43.5404508,12.0571294
IT0001664959525,BANCA DI BARI E TARANTO CREDITO COOPERATIVO - SOCIETA' COOPERATIVA,Entidad de crédito,VIA ALESSANDRO MARIA CALEFATI 116,BARI,Puglia,IT,41.1254785,16.8670863
IT0000205603300,BANCA DI BOLOGNA CREDITO COOPERATIVO SOCIETA' COOPERATIVA,Entidad de crédito,"PIAZZA GALVANI, 4",BOLOGNA,Emilia-Romagna,IT,44.4941095,11.3417194
IT0000322183157,"BANCA DI CARAGLIO, DEL CUNEESE E DELLA RIVIERA DEI FIORI - CREDITO COOPERATIVO - SOCIETA' COOPERATIVA",Entidad de crédito,"PIAZZA DELLA COOPERAZIONE, 1",CARAGLIO,Piemonte,IT,44.4176825,7.4275651
IT0000103337633,BANCA DI CIVIDALE SOCIETA' PER AZIONI O IN FORMA ABBREVIATA CIVIBANK,Entidad de crédito,"VIA SEN. GUGLIELMO PELIZZO, 8-1",CIVIDALE DEL FRIULI,Friuli-Venezia Giulia,IT,46.0929379,13.430958
IT0000159413545,BANCA DI CREDITO COOPERATIVO ABRUZZESE - CAPPELLE SUL TAVO SOCIETA' COOPERATIVA,Entidad de crédito,"CORSO UMBERTO I, 78/80",CAPPELLE SUL TAVO,Abruzzo,IT,42.3161019,13.8609009
IT0000159413545,BANCA DI CREDITO COOPERATIVO ABRUZZESE - CAPPELLE SUL TAVO SOCIETA' COOPERATIVA,Entidad de crédito,"CORSO UMBERTO I, 78/80",CAPPELLE SUL TAVO,Abruzzo,IT,42.4654416,14.1033236
IT0000159413545,BANCA DI CREDITO COOPERATIVO ABRUZZESE - CAPPELLE SUL TAVO SOCIETA' COOPERATIVA,Entidad de crédito,"CORSO UMBERTO I, 78/80",CAPPELLE SUL TAVO,Abruzzo,IT,42.3329625,13.8600482
IT0000159413545,BANCA DI CREDITO COOPERATIVO ABRUZZESE - CAPPELLE SUL TAVO SOCIETA' COOPERATIVA,Entidad de crédito,"CORSO UMBERTO I, 78/80",CAPPELLE SUL TAVO,Abruzzo,IT,42.3258867,13.8969166
IT0000159413545,BANCA DI CREDITO COOPERATIVO ABRUZZESE - CAPPELLE SUL TAVO SOCIETA' COOPERATIVA,Entidad de crédito,"CORSO UMBERTO I, 78/80",CAPPELLE SUL TAVO,Abruzzo,IT,42.3646121,13.8891099
IT0000159413545,BANCA DI CREDITO COOPERATIVO ABRUZZESE - CAPPELLE SUL TAVO SOCIETA' COOPERATIVA,Entidad de crédito,"CORSO UMBERTO I, 78/80",CAPPELLE SUL TAVO,Abruzzo,IT,42.4584456,14.0144681
IT0000159413545,BANCA DI CREDITO COOPERATIVO ABRUZZESE - CAPPELLE SUL TAVO SOCIETA' COOPERATIVA,Entidad de crédito,"CORSO UMBERTO I, 78/80",CAPPELLE SUL TAVO,Abruzzo,IT,42.5188169,13.9682753
IT0000159413545,BANCA DI CREDITO COOPERATIVO ABRUZZESE - CAPPELLE SUL TAVO SOCIETA' COOPERATIVA,Entidad de crédito,"CORSO UMBERTO I, 78/80",CAPPELLE SUL TAVO,Abruzzo,IT,42.4416285,13.822102
IT0000159413545,BANCA DI CREDITO COOPERATIVO ABRUZZESE - CAPPELLE SUL TAVO SOCIETA' COOPERATIVA,Entidad de crédito,"CORSO UMBERTO I, 78/80",CAPPELLE SUL TAVO,Abruzzo,IT,42.4163758,13.8691537
IT0000159413545,BANCA DI CREDITO COOPERATIVO ABRUZZESE - CAPPELLE SUL TAVO SOCIETA' COOPERATIVA,Entidad de crédito,"CORSO UMBERTO I, 78/80",CAPPELLE SUL TAVO,Abruzzo,IT,42.4284332,14.0547155
IT0000159413545,BANCA DI CREDITO COOPERATIVO ABRUZZESE - CAPPELLE SUL TAVO SOCIETA' COOPERATIVA,Entidad de crédito,"CORSO UMBERTO I, 78/80",CAPPELLE SUL TAVO,Abruzzo,IT,42.3332354,13.9844745
IT0000159413545,BANCA DI CREDITO COOPERATIVO ABRUZZESE - CAPPELLE SUL TAVO SOCIETA' COOPERATIVA,Entidad de crédito,"CORSO UMBERTO I, 78/80",CAPPELLE SUL TAVO,Abruzzo,IT,42.4748466,13.9913866
IT0000159413545,BANCA DI CREDITO COOPERATIVO ABRUZZESE - CAPPELLE SUL TAVO SOCIETA' COOPERATIVA,Entidad de crédito,"CORSO UMBERTO I, 78/80",CAPPELLE SUL TAVO,Abruzzo,IT,42.455207,14.1408617
IT0000159413545,BANCA DI CREDITO COOPERATIVO ABRUZZESE - CAPPELLE SUL TAVO SOCIETA' COOPERATIVA,Entidad de crédito,"CORSO UMBERTO I, 78/80",CAPPELLE SUL TAVO,Abruzzo,IT,42.3420621,13.8976725
IT0000159413545,BANCA DI CREDITO COOPERATIVO ABRUZZESE - CAPPELLE SUL TAVO SOCIETA' COOPERATIVA,Entidad de crédito,"CORSO UMBERTO I, 78/80",CAPPELLE SUL TAVO,Abruzzo,IT,42.3800373,13.8589578
IT0003049850058,BANCA DI CREDITO COOPERATIVO AGRIGENTINO - SOCIETA' COOPERATIVA,Entidad de crédito,"VIALE LEONARDO SCIASCIA, 158",AGRIGENTO,Sicilia,IT,37.3113942,13.5770814
IT0000306184666,BANCA DI CREDITO COOPERATIVO AGROBRESCIANO - SOCIETA' COOPERATIVA,Entidad de crédito,"PIAZZA ROMA, 17",GHEDI,Lombardia,IT,45.4015634,10.2770851
IT0000105945058,BANCA DI CREDITO COOPERATIVO APPULO LUCANA - SOCIETA' COOPERATIVA,Entidad de crédito,"CORSO UMBERTO I, 52/B",SPINAZZOLA,Puglia,IT,40.9694069,16.0891983
IT0004346709565,BANCA DI CREDITO COOPERATIVO BERGAMASCA E OROBICA - SOCIETA' COOPERATIVA,Entidad de crédito,"VIA ALDO MORO, 2",ZANICA,Lombardia,IT,45.5135094,9.7052186
IT0004346709565,BANCA DI CREDITO COOPERATIVO BERGAMASCA E OROBICA - SOCIETA' COOPERATIVA,Entidad de crédito,"VIA ALDO MORO, 2",ZANICA,Lombardia,IT,45.6180815,9.7998439
IT0004346709565,BANCA DI CREDITO COOPERATIVO BERGAMASCA E OROBICA - SOCIETA' COOPERATIVA,Entidad de crédito,"VIA ALDO MORO, 2",ZANICA,Lombardia,IT,45.6251056,9.7614565
IT0004346709565,BANCA DI CREDITO COOPERATIVO BERGAMASCA E OROBICA - SOCIETA' COOPERATIVA,Entidad de crédito,"VIA ALDO MORO, 2",ZANICA,Lombardia,IT,45.5550545,9.8322277
IT0004346709565,BANCA DI CREDITO COOPERATIVO BERGAMASCA E OROBICA - SOCIETA' COOPERATIVA,Entidad de crédito,"VIA ALDO MORO, 2",ZANICA,Lombardia,IT,45.5372313,9.7873911
IT0004346709565,BANCA DI CREDITO COOPERATIVO BERGAMASCA E OROBICA - SOCIETA' COOPERATIVA,Entidad de crédito,"VIA ALDO MORO, 2",ZANICA,Lombardia,IT,45.5003385,9.7699814
IT0004346709565,BANCA DI CREDITO COOPERATIVO BERGAMASCA E OROBICA - SOCIETA' COOPERATIVA,Entidad de crédito,"VIA ALDO MORO, 2",ZANICA,Lombardia,IT,45.5937459,9.7538775
IT0004346709565,BANCA DI CREDITO COOPERATIVO BERGAMASCA E OROBICA - SOCIETA' COOPERATIVA,Entidad de crédito,"VIA ALDO MORO, 2",ZANICA,Lombardia,IT,45.6567032,9.7244573
IT0004346709565,BANCA DI CREDITO COOPERATIVO BERGAMASCA E OROBICA - SOCIETA' COOPERATIVA,Entidad de crédito,"VIA ALDO MORO, 2",ZANICA,Lombardia,IT,45.5661456,9.6408004
IT0004346709565,BANCA DI CREDITO COOPERATIVO BERGAMASCA E OROBICA - SOCIETA' COOPERATIVA,Entidad de crédito,"VIA ALDO MORO, 2",ZANICA,Lombardia,IT,45.5339858,9.7042313
IT0004346709565,BANCA DI CREDITO COOPERATIVO BERGAMASCA E OROBICA - SOCIETA' COOPERATIVA,Entidad de crédito,"VIA ALDO MORO, 2",ZANICA,Lombardia,IT,45.5916106,9.8085226
IT0004346709565,BANCA DI CREDITO COOPERATIVO BERGAMASCA E OROBICA - SOCIETA' COOPERATIVA,Entidad de crédito,"VIA ALDO MORO, 2",ZANICA,Lombardia,IT,45.4766159,9.6924504
IT0004346709565,BANCA DI CREDITO COOPERATIVO BERGAMASCA E OROBICA - SOCIETA' COOPERATIVA,Entidad de crédito,"VIA ALDO MORO, 2",ZANICA,Lombardia,IT,45.6760796,9.6925836
IT0004346709565,BANCA DI CREDITO COOPERATIVO BERGAMASCA E OROBICA - SOCIETA' COOPERATIVA,Entidad de crédito,"VIA ALDO MORO, 2",ZANICA,Lombardia,IT,45.58427,9.8361439
IT0004346709565,BANCA DI CREDITO COOPERATIVO BERGAMASCA E OROBICA - SOCIETA' COOPERATIVA,Entidad de crédito,"VIA ALDO MORO, 2",ZANICA,Lombardia,IT,45.4806137,9.8713882
IT0004346709565,BANCA DI CREDITO COOPERATIVO BERGAMASCA E OROBICA - SOCIETA' COOPERATIVA,Entidad de crédito,"VIA ALDO MORO, 2",ZANICA,Lombardia,IT,45.5822553,9.6709517
IT0004346709565,BANCA DI CREDITO COOPERATIVO BERGAMASCA E OROBICA - SOCIETA' COOPERATIVA,Entidad de crédito,"VIA ALDO MORO, 2",ZANICA,Lombardia,IT,45.4407556,9.8617328
IT0004346709565,BANCA DI CREDITO COOPERATIVO BERGAMASCA E OROBICA - SOCIETA' COOPERATIVA,Entidad de crédito,"VIA ALDO MORO, 2",ZANICA,Lombardia,IT,45.6431644,9.6832493
IT0000428815736,BANCA DI CREDITO COOPERATIVO BRIANZA E LAGHI - SOCIETA' COOPERATIVA,Entidad de crédito,"VIA IV NOVEMBRE,  549",ALZATE BRIANZA,Lombardia,IT,45.7815721,9.1998093
IT0000428815736,BANCA DI CREDITO COOPERATIVO BRIANZA E LAGHI - SOCIETA' COOPERATIVA,Entidad de crédito,"VIA IV NOVEMBRE,  549",ALZATE BRIANZA,Lombardia,IT,45.7670947,9.1816784
IT0000428815736,BANCA DI CREDITO COOPERATIVO BRIANZA E LAGHI - SOCIETA' COOPERATIVA,Entidad de crédito,"VIA IV NOVEMBRE,  549",ALZATE BRIANZA,Lombardia,IT,45.7705607,9.1989878
IT0000428815736,BANCA DI CREDITO COOPERATIVO BRIANZA E LAGHI - SOCIETA' COOPERATIVA,Entidad de crédito,"VIA IV NOVEMBRE,  549",ALZATE BRIANZA,Lombardia,IT,45.7431885,9.1851163
IT0000428815736,BANCA DI CREDITO COOPERATIVO BRIANZA E LAGHI - SOCIETA' COOPERATIVA,Entidad de crédito,"VIA IV NOVEMBRE,  549",ALZATE BRIANZA,Lombardia,IT,45.7527833,9.2222938
IT0000428815736,BANCA DI CREDITO COOPERATIVO BRIANZA E LAGHI - SOCIETA' COOPERATIVA,Entidad de crédito,"VIA IV NOVEMBRE,  549",ALZATE BRIANZA,Lombardia,IT,45.7829011,9.2323496
IT0000293147131,BANCA DI CREDITO COOPERATIVO CARATE BRIANZA E TREVIGLIO - SOCIETA' COOPERATIVA,Entidad de crédito,"VIA CUSANI, 6",CARATE BRIANZA,Lombardia,IT,45.677834,9.234413
IT0000105944303,BANCA DI CREDITO COOPERATIVO DEGLI ULIVI - TERRA DI BARI - SOCIETA' COOPERATIVA,Entidad de crédito,"CORSO GARIBALDI, 49/51",PALO DEL COLLE,Puglia,IT,41.0567859,16.7034029
IT0001631722169,BANCA DI CREDITO COOPERATIVO DEI CASTELLI E DEGLI IBLEI SOCIETA' COOPERATIVA,Entidad de crédito,"VIALE DELLA REPUBBLICA, 1",MAZZARINO,Sicilia,IT,37.3051113,14.2140704
IT0001903345813,BANCA DI CREDITO COOPERATIVO DEI CASTELLI ROMANI E DEL TUSCOLO - SOCIETA' COOPERATIVA,Entidad de crédito,"VIA DELLA ROCCA, 18",ROCCA PRIORA,Lazio,IT,41.7943761,12.7635527
IT0000643858000,BANCA DI CREDITO COOPERATIVO DEI COLLI ALBANI - SOCIETA' COOPERATIVA,Entidad de crédito,"VIA S. SILVESTRI ANG. VIA USA, 113",GENZANO DI ROMA,Lazio,IT,41.7069368,12.6910293
IT0000643848376,BANCA DI CREDITO COOPERATIVO DEL BASSO SEBINO - SOCIETA' COOPERATIVA,Entidad de crédito,"VIA CALEPIO, 8",CAPRIOLO,Lombardia,IT,45.6370223,9.9338573
IT0001067920700,BANCA DI CREDITO COOPERATIVO DEL CIRCEO E PRIVERNATE - SOCIETA' COOPERATIVA,Entidad de crédito,"VIA TORINO, 5",SABAUDIA,Lazio,IT,41.2996133,13.0246448
IT0000104565156,BANCA DI CREDITO COOPERATIVO DEL METAURO - SOCIETA' COOPERATIVA,Entidad de crédito,"VIA GIACOMO MATTEOTTI, 4",TERRE ROVERESCHE,Marche,IT,43.7632293,13.069438
IT0001696489873,BANCA DI CREDITO COOPERATIVO DELL'ADRIATICO TERAMANO - SOCIETA' COOPERATIVA,Entidad de crédito,"CORSO ELIO ADRIANO, 1/3",ATRI,Abruzzo,IT,42.5796768,13.9751825
IT0001110446240,BANCA DI CREDITO COOPERATIVO DELL'OGLIO E DEL SERIO - SOCIETA' COOPERATIVA,Entidad de crédito,"VIA PAPA GIOVANNI XXIII, 51",CALCIO,Lombardia,IT,45.5070882,9.848551
IT0004238803849,BANCA DI CREDITO COOPERATIVO DELLA CALABRIA ULTERIORE - SOCIETA' COOPERATIVA,Entidad de crédito,"VIA SAN FRANCESCO DI PAOLA, SNC",MARCELLINARA,Calabria,IT,38.9270918,16.4912615
IT0000643854871,BANCA DI CREDITO COOPERATIVO DELLA PROVINCIA ROMANA SOCIETA' COOPERATIVA,Entidad de crédito,"VIA DANTE ALIGHIERI, 25",RIANO,Lazio,IT,42.1366089,12.1038524
IT0000643854871,BANCA DI CREDITO COOPERATIVO DELLA PROVINCIA ROMANA SOCIETA' COOPERATIVA,Entidad de crédito,"VIA DANTE ALIGHIERI, 25",RIANO,Lazio,IT,42.1401047,12.5402255
IT0000643854871,BANCA DI CREDITO COOPERATIVO DELLA PROVINCIA ROMANA SOCIETA' COOPERATIVA,Entidad de crédito,"VIA DANTE ALIGHIERI, 25",RIANO,Lazio,IT,42.1253704,12.5004661
IT0000643854871,BANCA DI CREDITO COOPERATIVO DELLA PROVINCIA ROMANA SOCIETA' COOPERATIVA,Entidad de crédito,"VIA DANTE ALIGHIERI, 25",RIANO,Lazio,IT,42.1958628,12.5820212
IT0000643854871,BANCA DI CREDITO COOPERATIVO DELLA PROVINCIA ROMANA SOCIETA' COOPERATIVA,Entidad de crédito,"VIA DANTE ALIGHIERI, 25",RIANO,Lazio,IT,42.2558329,12.6029889
IT0000643854871,BANCA DI CREDITO COOPERATIVO DELLA PROVINCIA ROMANA SOCIETA' COOPERATIVA,Entidad de crédito,"VIA DANTE ALIGHIERI, 25",RIANO,Lazio,IT,42.0798882,12.400766
IT0000643854871,BANCA DI CREDITO COOPERATIVO DELLA PROVINCIA ROMANA SOCIETA' COOPERATIVA,Entidad de crédito,"VIA DANTE ALIGHIERI, 25",RIANO,Lazio,IT,42.1597059,12.4364217
IT0000643854871,BANCA DI CREDITO COOPERATIVO DELLA PROVINCIA ROMANA SOCIETA' COOPERATIVA,Entidad de crédito,"VIA DANTE ALIGHIERI, 25",RIANO,Lazio,IT,42.2044023,12.3992499
IT0000643854871,BANCA DI CREDITO COOPERATIVO DELLA PROVINCIA ROMANA SOCIETA' COOPERATIVA,Entidad de crédito,"VIA DANTE ALIGHIERI, 25",RIANO,Lazio,IT,42.2284823,12.5971359
IT0000643854871,BANCA DI CREDITO COOPERATIVO DELLA PROVINCIA ROMANA SOCIETA' COOPERATIVA,Entidad de crédito,"VIA DANTE ALIGHIERI, 25",RIANO,Lazio,IT,42.2580297,12.5719058
IT0000643854871,BANCA DI CREDITO COOPERATIVO DELLA PROVINCIA ROMANA SOCIETA' COOPERATIVA,Entidad de crédito,"VIA DANTE ALIGHIERI, 25",RIANO,Lazio,IT,42.0895698,12.5246918
IT0000643854871,BANCA DI CREDITO COOPERATIVO DELLA PROVINCIA ROMANA SOCIETA' COOPERATIVA,Entidad de crédito,"VIA DANTE ALIGHIERI, 25",RIANO,Lazio,IT,42.1060963,12.4474736
IT0000643854871,BANCA DI CREDITO COOPERATIVO DELLA PROVINCIA ROMANA SOCIETA' COOPERATIVA,Entidad de crédito,"VIA DANTE ALIGHIERI, 25",RIANO,Lazio,IT,42.2343122,12.5194233
IT0000643854871,BANCA DI CREDITO COOPERATIVO DELLA PROVINCIA ROMANA SOCIETA' COOPERATIVA,Entidad de crédito,"VIA DANTE ALIGHIERI, 25",RIANO,Lazio,IT,42.2367435,12.6181778
IT0000481804596,BANCA DI CREDITO COOPERATIVO DELLA ROMAGNA OCCIDENTALE - SOCIETA' COOPERATIVA,Entidad de crédito,"PIAZZA FANTI, 17",CASTEL BOLOGNESE,Emilia-Romagna,IT,44.3191023,11.7989486
IT0000643857191,BANCA DI CREDITO COOPERATIVO DELLA VALLE DEL FITALIA - SOCIETA' COOPERATIVA,Entidad de crédito,"VIA F. COTTONE, 16",LONGI,Sicilia,IT,38.0211879,14.7014792
IT0000643857191,BANCA DI CREDITO COOPERATIVO DELLA VALLE DEL FITALIA - SOCIETA' COOPERATIVA,Entidad de crédito,"VIA F. COTTONE, 16",LONGI,Sicilia,IT,38.1087118,14.7080639
IT0000643857191,BANCA DI CREDITO COOPERATIVO DELLA VALLE DEL FITALIA - SOCIETA' COOPERATIVA,Entidad de crédito,"VIA F. COTTONE, 16",LONGI,Sicilia,IT,37.886913,14.3109412
IT0000643857191,BANCA DI CREDITO COOPERATIVO DELLA VALLE DEL FITALIA - SOCIETA' COOPERATIVA,Entidad de crédito,"VIA F. COTTONE, 16",LONGI,Sicilia,IT,38.0846179,14.806974
IT0000643857191,BANCA DI CREDITO COOPERATIVO DELLA VALLE DEL FITALIA - SOCIETA' COOPERATIVA,Entidad de crédito,"VIA F. COTTONE, 16",LONGI,Sicilia,IT,38.0723198,14.7445824
IT0000643857191,BANCA DI CREDITO COOPERATIVO DELLA VALLE DEL FITALIA - SOCIETA' COOPERATIVA,Entidad de crédito,"VIA F. COTTONE, 16",LONGI,Sicilia,IT,38.0317061,14.7729101
IT0000643857191,BANCA DI CREDITO COOPERATIVO DELLA VALLE DEL FITALIA - SOCIETA' COOPERATIVA,Entidad de crédito,"VIA F. COTTONE, 16",LONGI,Sicilia,IT,38.0271229,14.7527119
IT0000643857191,BANCA DI CREDITO COOPERATIVO DELLA VALLE DEL FITALIA - SOCIETA' COOPERATIVA,Entidad de crédito,"VIA F. COTTONE, 16",LONGI,Sicilia,IT,38.0461872,14.6766594
IT0000643857191,BANCA DI CREDITO COOPERATIVO DELLA VALLE DEL FITALIA - SOCIETA' COOPERATIVA,Entidad de crédito,"VIA F. COTTONE, 16",LONGI,Sicilia,IT,38.085098,14.7527744
IT0000643857191,BANCA DI CREDITO COOPERATIVO DELLA VALLE DEL FITALIA - SOCIETA' COOPERATIVA,Entidad de crédito,"VIA F. COTTONE, 16",LONGI,Sicilia,IT,37.9809581,14.3022521
IT0000643857191,BANCA DI CREDITO COOPERATIVO DELLA VALLE DEL FITALIA - SOCIETA' COOPERATIVA,Entidad de crédito,"VIA F. COTTONE, 16",LONGI,Sicilia,IT,37.9665727,14.2908578
IT0000643857191,BANCA DI CREDITO COOPERATIVO DELLA VALLE DEL FITALIA - SOCIETA' COOPERATIVA,Entidad de crédito,"VIA F. COTTONE, 16",LONGI,Sicilia,IT,37.9728583,14.3446291
IT0000643857191,BANCA DI CREDITO COOPERATIVO DELLA VALLE DEL FITALIA - SOCIETA' COOPERATIVA,Entidad de crédito,"VIA F. COTTONE, 16",LONGI,Sicilia,IT,38.0736801,14.6993377
IT0000643857191,BANCA DI CREDITO COOPERATIVO DELLA VALLE DEL FITALIA - SOCIETA' COOPERATIVA,Entidad de crédito,"VIA F. COTTONE, 16",LONGI,Sicilia,IT,38.0709489,14.7774948
IT0000643857191,BANCA DI CREDITO COOPERATIVO DELLA VALLE DEL FITALIA - SOCIETA' COOPERATIVA,Entidad de crédito,"VIA F. COTTONE, 16",LONGI,Sicilia,IT,38.0560742,14.5881794
IT0000643857191,BANCA DI CREDITO COOPERATIVO DELLA VALLE DEL FITALIA - SOCIETA' COOPERATIVA,Entidad de crédito,"VIA F. COTTONE, 16",LONGI,Sicilia,IT,38.0887929,14.6786567
IT0000527850605,BANCA DI CREDITO COOPERATIVO DELLA VALLE DEL TRIGNO - SOCIETA' COOPERATIVA,Entidad de crédito,"VIA DUCA DEGLI ABRUZZI, 103",SAN SALVO,Abruzzo,IT,41.9167303,14.5275183
IT0000527850605,BANCA DI CREDITO COOPERATIVO DELLA VALLE DEL TRIGNO - SOCIETA' COOPERATIVA,Entidad de crédito,"VIA DUCA DEGLI ABRUZZI, 103",SAN SALVO,Abruzzo,IT,41.8715956,14.5808981
IT0000527850605,BANCA DI CREDITO COOPERATIVO DELLA VALLE DEL TRIGNO - SOCIETA' COOPERATIVA,Entidad de crédito,"VIA DUCA DEGLI ABRUZZI, 103",SAN SALVO,Abruzzo,IT,41.9416848,14.6357569
IT0000527850605,BANCA DI CREDITO COOPERATIVO DELLA VALLE DEL TRIGNO - SOCIETA' COOPERATIVA,Entidad de crédito,"VIA DUCA DEGLI ABRUZZI, 103",SAN SALVO,Abruzzo,IT,41.9045445,14.4871877
IT0000527850605,BANCA DI CREDITO COOPERATIVO DELLA VALLE DEL TRIGNO - SOCIETA' COOPERATIVA,Entidad de crédito,"VIA DUCA DEGLI ABRUZZI, 103",SAN SALVO,Abruzzo,IT,41.9753758,14.6624512
IT0000527850605,BANCA DI CREDITO COOPERATIVO DELLA VALLE DEL TRIGNO - SOCIETA' COOPERATIVA,Entidad de crédito,"VIA DUCA DEGLI ABRUZZI, 103",SAN SALVO,Abruzzo,IT,42.0083385,14.5863184
IT0000527850605,BANCA DI CREDITO COOPERATIVO DELLA VALLE DEL TRIGNO - SOCIETA' COOPERATIVA,Entidad de crédito,"VIA DUCA DEGLI ABRUZZI, 103",SAN SALVO,Abruzzo,IT,41.9968897,14.4758286
IT0000527850605,BANCA DI CREDITO COOPERATIVO DELLA VALLE DEL TRIGNO - SOCIETA' COOPERATIVA,Entidad de crédito,"VIA DUCA DEGLI ABRUZZI, 103",SAN SALVO,Abruzzo,IT,41.9972482,14.6765848
IT0000527850605,BANCA DI CREDITO COOPERATIVO DELLA VALLE DEL TRIGNO - SOCIETA' COOPERATIVA,Entidad de crédito,"VIA DUCA DEGLI ABRUZZI, 103",SAN SALVO,Abruzzo,IT,41.9549836,14.5556118
IT0000527850605,BANCA DI CREDITO COOPERATIVO DELLA VALLE DEL TRIGNO - SOCIETA' COOPERATIVA,Entidad de crédito,"VIA DUCA DEGLI ABRUZZI, 103",SAN SALVO,Abruzzo,IT,42.0879248,14.652797
IT0000527850605,BANCA DI CREDITO COOPERATIVO DELLA VALLE DEL TRIGNO - SOCIETA' COOPERATIVA,Entidad de crédito,"VIA DUCA DEGLI ABRUZZI, 103",SAN SALVO,Abruzzo,IT,41.9387838,14.5809977
IT0000527850605,BANCA DI CREDITO COOPERATIVO DELLA VALLE DEL TRIGNO - SOCIETA' COOPERATIVA,Entidad de crédito,"VIA DUCA DEGLI ABRUZZI, 103",SAN SALVO,Abruzzo,IT,41.938088,14.4711303
IT0000527850605,BANCA DI CREDITO COOPERATIVO DELLA VALLE DEL TRIGNO - SOCIETA' COOPERATIVA,Entidad de crédito,"VIA DUCA DEGLI ABRUZZI, 103",SAN SALVO,Abruzzo,IT,41.9804645,14.5696826
IT0000527850605,BANCA DI CREDITO COOPERATIVO DELLA VALLE DEL TRIGNO - SOCIETA' COOPERATIVA,Entidad de crédito,"VIA DUCA DEGLI ABRUZZI, 103",SAN SALVO,Abruzzo,IT,41.8425355,14.5621284
IT0000527850605,BANCA DI CREDITO COOPERATIVO DELLA VALLE DEL TRIGNO - SOCIETA' COOPERATIVA,Entidad de crédito,"VIA DUCA DEGLI ABRUZZI, 103",SAN SALVO,Abruzzo,IT,42.045395,14.7315971
IT0000527850605,BANCA DI CREDITO COOPERATIVO DELLA VALLE DEL TRIGNO - SOCIETA' COOPERATIVA,Entidad de crédito,"VIA DUCA DEGLI ABRUZZI, 103",SAN SALVO,Abruzzo,IT,41.8665346,14.5423918
IT0000527850605,BANCA DI CREDITO COOPERATIVO DELLA VALLE DEL TRIGNO - SOCIETA' COOPERATIVA,Entidad de crédito,"VIA DUCA DEGLI ABRUZZI, 103",SAN SALVO,Abruzzo,IT,41.9159495,14.6262889
IT0000643858672,BANCA DI CREDITO COOPERATIVO DELLE MADONIE - SOCIETA' COOPERATIVA,Entidad de crédito,"CORSO PAOLO AGLIATA, 149",PETRALIA SOTTANA,Sicilia,IT,37.8061325,14.0921887
IT0000162517386,BANCA DI CREDITO COOPERATIVO DI ABRUZZI E MOLISE - SOCIETA' COOPERATIVA,Entidad de crédito,"VIA BRIGATA ALPINA JULIA, 6",ATESSA,Abruzzo,IT,42.067795,14.4430274
IT0000146447691,"BANCA DI CREDITO COOPERATIVO DI ALBEROBELLO, SAMMICHELE E MONOPOLI  - SOCIETA' COOPERATIVA",Entidad de crédito,"VIALE BARI, 10",ALBEROBELLO,Puglia,IT,40.7839704,17.2372225
IT0000643846130,BANCA DI CREDITO COOPERATIVO DI ALTOFONTE E CACCAMO - SOCIETA' COOPERATIVA,Entidad de crédito,"PIAZZA FALCONE E BORSELLINO, 26",ALTOFONTE,Sicilia,IT,37.9642093,13.4560231
IT0000643846130,BANCA DI CREDITO COOPERATIVO DI ALTOFONTE E CACCAMO - SOCIETA' COOPERATIVA,Entidad de crédito,"PIAZZA FALCONE E BORSELLINO, 26",ALTOFONTE,Sicilia,IT,37.8261182,13.4845955
IT0000643846130,BANCA DI CREDITO COOPERATIVO DI ALTOFONTE E CACCAMO - SOCIETA' COOPERATIVA,Entidad de crédito,"PIAZZA FALCONE E BORSELLINO, 26",ALTOFONTE,Sicilia,IT,37.753131,13.269154
IT0000643846130,BANCA DI CREDITO COOPERATIVO DI ALTOFONTE E CACCAMO - SOCIETA' COOPERATIVA,Entidad de crédito,"PIAZZA FALCONE E BORSELLINO, 26",ALTOFONTE,Sicilia,IT,37.6797017,13.6042248
IT0000643846130,BANCA DI CREDITO COOPERATIVO DI ALTOFONTE E CACCAMO - SOCIETA' COOPERATIVA,Entidad de crédito,"PIAZZA FALCONE E BORSELLINO, 26",ALTOFONTE,Sicilia,IT,37.9152081,13.4630188
IT0000643846130,BANCA DI CREDITO COOPERATIVO DI ALTOFONTE E CACCAMO - SOCIETA' COOPERATIVA,Entidad de crédito,"PIAZZA FALCONE E BORSELLINO, 26",ALTOFONTE,Sicilia,IT,37.7285408,13.1842707
IT0000643846130,BANCA DI CREDITO COOPERATIVO DI ALTOFONTE E CACCAMO - SOCIETA' COOPERATIVA,Entidad de crédito,"PIAZZA FALCONE E BORSELLINO, 26",ALTOFONTE,Sicilia,IT,37.6779626,13.2340353
IT0000643846130,BANCA DI CREDITO COOPERATIVO DI ALTOFONTE E CACCAMO - SOCIETA' COOPERATIVA,Entidad de crédito,"PIAZZA FALCONE E BORSELLINO, 26",ALTOFONTE,Sicilia,IT,37.9030936,13.4278567
IT0000643846130,BANCA DI CREDITO COOPERATIVO DI ALTOFONTE E CACCAMO - SOCIETA' COOPERATIVA,Entidad de crédito,"PIAZZA FALCONE E BORSELLINO, 26",ALTOFONTE,Sicilia,IT,37.8643763,13.4645465
IT0000643846130,BANCA DI CREDITO COOPERATIVO DI ALTOFONTE E CACCAMO - SOCIETA' COOPERATIVA,Entidad de crédito,"PIAZZA FALCONE E BORSELLINO, 26",ALTOFONTE,Sicilia,IT,37.6819645,13.3786464
IT0000643846130,BANCA DI CREDITO COOPERATIVO DI ALTOFONTE E CACCAMO - SOCIETA' COOPERATIVA,Entidad de crédito,"PIAZZA FALCONE E BORSELLINO, 26",ALTOFONTE,Sicilia,IT,37.9080201,13.4868056
IT0000582220192,BANCA DI CREDITO COOPERATIVO DI ANAGNI SOCIETA' COOPERATIVA (IN BREVE BANCANAGNI CREDITO COOPERATIVO),Entidad de crédito,"PIAZZA G.MARCONI, 17",ANAGNI,Lazio,IT,41.7421952,13.1585797
IT0000643846212,BANCA DI CREDITO COOPERATIVO DI AQUARA SOCIETA' COOPERATIVA,Entidad de crédito,"VIA GARIBALDI, 3",AQUARA,Campania,IT,40.4427014,15.2532326
IT0000643846212,BANCA DI CREDITO COOPERATIVO DI AQUARA SOCIETA' COOPERATIVA,Entidad de crédito,"VIA GARIBALDI, 3",AQUARA,Campania,IT,40.4232128,15.3118824
IT0000643846212,BANCA DI CREDITO COOPERATIVO DI AQUARA SOCIETA' COOPERATIVA,Entidad de crédito,"VIA GARIBALDI, 3",AQUARA,Campania,IT,40.4950065,15.2314358
IT0000643846212,BANCA DI CREDITO COOPERATIVO DI AQUARA SOCIETA' COOPERATIVA,Entidad de crédito,"VIA GARIBALDI, 3",AQUARA,Campania,IT,40.8184113,15.3209772
IT0000643846212,BANCA DI CREDITO COOPERATIVO DI AQUARA SOCIETA' COOPERATIVA,Entidad de crédito,"VIA GARIBALDI, 3",AQUARA,Campania,IT,40.7251108,15.2935584
IT0000643846212,BANCA DI CREDITO COOPERATIVO DI AQUARA SOCIETA' COOPERATIVA,Entidad de crédito,"VIA GARIBALDI, 3",AQUARA,Campania,IT,40.509728,15.2047396
IT0000643846212,BANCA DI CREDITO COOPERATIVO DI AQUARA SOCIETA' COOPERATIVA,Entidad de crédito,"VIA GARIBALDI, 3",AQUARA,Campania,IT,40.4362023,15.381135
IT0000643846212,BANCA DI CREDITO COOPERATIVO DI AQUARA SOCIETA' COOPERATIVA,Entidad de crédito,"VIA GARIBALDI, 3",AQUARA,Campania,IT,40.7845707,15.305061
IT0000643846212,BANCA DI CREDITO COOPERATIVO DI AQUARA SOCIETA' COOPERATIVA,Entidad de crédito,"VIA GARIBALDI, 3",AQUARA,Campania,IT,40.6895801,15.2313348
IT0000643846212,BANCA DI CREDITO COOPERATIVO DI AQUARA SOCIETA' COOPERATIVA,Entidad de crédito,"VIA GARIBALDI, 3",AQUARA,Campania,IT,40.4632838,15.3154119
IT0000643846212,BANCA DI CREDITO COOPERATIVO DI AQUARA SOCIETA' COOPERATIVA,Entidad de crédito,"VIA GARIBALDI, 3",AQUARA,Campania,IT,40.6600363,15.2917294
IT0000643846212,BANCA DI CREDITO COOPERATIVO DI AQUARA SOCIETA' COOPERATIVA,Entidad de crédito,"VIA GARIBALDI, 3",AQUARA,Campania,IT,40.5327644,15.374138
IT0000643846212,BANCA DI CREDITO COOPERATIVO DI AQUARA SOCIETA' COOPERATIVA,Entidad de crédito,"VIA GARIBALDI, 3",AQUARA,Campania,IT,40.6692448,15.4827838
IT0000643846212,BANCA DI CREDITO COOPERATIVO DI AQUARA SOCIETA' COOPERATIVA,Entidad de crédito,"VIA GARIBALDI, 3",AQUARA,Campania,IT,40.6276836,15.4366169
IT0000643846212,BANCA DI CREDITO COOPERATIVO DI AQUARA SOCIETA' COOPERATIVA,Entidad de crédito,"VIA GARIBALDI, 3",AQUARA,Campania,IT,40.3991358,15.3463772
IT0000643846212,BANCA DI CREDITO COOPERATIVO DI AQUARA SOCIETA' COOPERATIVA,Entidad de crédito,"VIA GARIBALDI, 3",AQUARA,Campania,IT,40.5920335,15.4595643
IT0000643846212,BANCA DI CREDITO COOPERATIVO DI AQUARA SOCIETA' COOPERATIVA,Entidad de crédito,"VIA GARIBALDI, 3",AQUARA,Campania,IT,40.6561875,15.4035874
IT0000643846212,BANCA DI CREDITO COOPERATIVO DI AQUARA SOCIETA' COOPERATIVA,Entidad de crédito,"VIA GARIBALDI, 3",AQUARA,Campania,IT,40.8070189,15.3202132
IT0000643846212,BANCA DI CREDITO COOPERATIVO DI AQUARA SOCIETA' COOPERATIVA,Entidad de crédito,"VIA GARIBALDI, 3",AQUARA,Campania,IT,40.737066,15.2710193
IT0000325654594,BANCA DI CREDITO COOPERATIVO DI ARBOREA - SOCIETA' COOPERATIVA,Entidad de crédito,"VIA PORCELLA, 6",ARBOREA,Sardegna,IT,39.7744121,8.5819723
IT0000161337208,BANCA DI CREDITO COOPERATIVO DI AVETRANA - SOCIETA' COOPERATIVA,Entidad de crédito,"VIA ROMA, 109",AVETRANA,Puglia,IT,40.3484878,17.725547
IT0000161337208,BANCA DI CREDITO COOPERATIVO DI AVETRANA - SOCIETA' COOPERATIVA,Entidad de crédito,"VIA ROMA, 109",AVETRANA,Puglia,IT,40.4215577,17.3878223
IT0000161337208,BANCA DI CREDITO COOPERATIVO DI AVETRANA - SOCIETA' COOPERATIVA,Entidad de crédito,"VIA ROMA, 109",AVETRANA,Puglia,IT,40.3836413,17.3325867
IT0000161337208,BANCA DI CREDITO COOPERATIVO DI AVETRANA - SOCIETA' COOPERATIVA,Entidad de crédito,"VIA ROMA, 109",AVETRANA,Puglia,IT,40.3906529,17.4473169
IT0000161337208,BANCA DI CREDITO COOPERATIVO DI AVETRANA - SOCIETA' COOPERATIVA,Entidad de crédito,"VIA ROMA, 109",AVETRANA,Puglia,IT,40.3225013,17.5699567
IT0000161337208,BANCA DI CREDITO COOPERATIVO DI AVETRANA - SOCIETA' COOPERATIVA,Entidad de crédito,"VIA ROMA, 109",AVETRANA,Puglia,IT,40.5021263,17.378601
IT0000161337208,BANCA DI CREDITO COOPERATIVO DI AVETRANA - SOCIETA' COOPERATIVA,Entidad de crédito,"VIA ROMA, 109",AVETRANA,Puglia,IT,40.5626952,17.3384464
IT0000161337208,BANCA DI CREDITO COOPERATIVO DI AVETRANA - SOCIETA' COOPERATIVA,Entidad de crédito,"VIA ROMA, 109",AVETRANA,Puglia,IT,40.4456083,17.4140162
IT0000161337208,BANCA DI CREDITO COOPERATIVO DI AVETRANA - SOCIETA' COOPERATIVA,Entidad de crédito,"VIA ROMA, 109",AVETRANA,Puglia,IT,40.4376024,17.3885443
IT0000161337208,BANCA DI CREDITO COOPERATIVO DI AVETRANA - SOCIETA' COOPERATIVA,Entidad de crédito,"VIA ROMA, 109",AVETRANA,Puglia,IT,40.4509218,17.5063259
IT0000161337208,BANCA DI CREDITO COOPERATIVO DI AVETRANA - SOCIETA' COOPERATIVA,Entidad de crédito,"VIA ROMA, 109",AVETRANA,Puglia,IT,40.3549082,17.5028474
IT0000101248324,BANCA DI CREDITO COOPERATIVO DI BARLASSINA - SOCIETA' COOPERATIVA,Entidad de crédito,"VIA C. COLOMBO, 1/3",BARLASSINA,Lombardia,IT,45.5752368,9.117439
IT0000643841756,BANCA DI CREDITO COOPERATIVO DI BASCIANO - SOCIETA' COOPERATIVA,Entidad de crédito,"CONTRADA SALARA, 33",BASCIANO,Abruzzo,IT,42.5959032,13.738718
IT0000643841756,BANCA DI CREDITO COOPERATIVO DI BASCIANO - SOCIETA' COOPERATIVA,Entidad de crédito,"CONTRADA SALARA, 33",BASCIANO,Abruzzo,IT,42.5425536,13.716815
IT0000643841756,BANCA DI CREDITO COOPERATIVO DI BASCIANO - SOCIETA' COOPERATIVA,Entidad de crédito,"CONTRADA SALARA, 33",BASCIANO,Abruzzo,IT,42.5445735,13.8844508
IT0000643847121,BANCA DI CREDITO COOPERATIVO DI BELLEGRA SOCIETA' COOPERATIVA,Entidad de crédito,"VIA ROMA, 37/39",BELLEGRA,Lazio,IT,41.8819292,13.0285498
IT0000643847121,BANCA DI CREDITO COOPERATIVO DI BELLEGRA SOCIETA' COOPERATIVA,Entidad de crédito,"VIA ROMA, 37/39",BELLEGRA,Lazio,IT,41.8621507,12.9523013
IT0000643847121,BANCA DI CREDITO COOPERATIVO DI BELLEGRA SOCIETA' COOPERATIVA,Entidad de crédito,"VIA ROMA, 37/39",BELLEGRA,Lazio,IT,41.8461644,12.8942378
IT0000643847121,BANCA DI CREDITO COOPERATIVO DI BELLEGRA SOCIETA' COOPERATIVA,Entidad de crédito,"VIA ROMA, 37/39",BELLEGRA,Lazio,IT,41.8342395,12.7511256
IT0000643847121,BANCA DI CREDITO COOPERATIVO DI BELLEGRA SOCIETA' COOPERATIVA,Entidad de crédito,"VIA ROMA, 37/39",BELLEGRA,Lazio,IT,41.698056,13.0524809
IT0000643847121,BANCA DI CREDITO COOPERATIVO DI BELLEGRA SOCIETA' COOPERATIVA,Entidad de crédito,"VIA ROMA, 37/39",BELLEGRA,Lazio,IT,41.8332942,12.9726558
IT0000643847121,BANCA DI CREDITO COOPERATIVO DI BELLEGRA SOCIETA' COOPERATIVA,Entidad de crédito,"VIA ROMA, 37/39",BELLEGRA,Lazio,IT,41.6560026,13.1104932
IT0000643847121,BANCA DI CREDITO COOPERATIVO DI BELLEGRA SOCIETA' COOPERATIVA,Entidad de crédito,"VIA ROMA, 37/39",BELLEGRA,Lazio,IT,41.7857263,12.886304
IT0000643847121,BANCA DI CREDITO COOPERATIVO DI BELLEGRA SOCIETA' COOPERATIVA,Entidad de crédito,"VIA ROMA, 37/39",BELLEGRA,Lazio,IT,41.6495083,13.0395535
IT0000643847121,BANCA DI CREDITO COOPERATIVO DI BELLEGRA SOCIETA' COOPERATIVA,Entidad de crédito,"VIA ROMA, 37/39",BELLEGRA,Lazio,IT,41.8463827,12.9455386
IT0000643847121,BANCA DI CREDITO COOPERATIVO DI BELLEGRA SOCIETA' COOPERATIVA,Entidad de crédito,"VIA ROMA, 37/39",BELLEGRA,Lazio,IT,41.9106619,13.0245472
IT0000643847121,BANCA DI CREDITO COOPERATIVO DI BELLEGRA SOCIETA' COOPERATIVA,Entidad de crédito,"VIA ROMA, 37/39",BELLEGRA,Lazio,IT,41.874056,13.064352
IT0000643847121,BANCA DI CREDITO COOPERATIVO DI BELLEGRA SOCIETA' COOPERATIVA,Entidad de crédito,"VIA ROMA, 37/39",BELLEGRA,Lazio,IT,41.8825767,12.9822742
IT0000643847121,BANCA DI CREDITO COOPERATIVO DI BELLEGRA SOCIETA' COOPERATIVA,Entidad de crédito,"VIA ROMA, 37/39",BELLEGRA,Lazio,IT,41.8198093,12.8007734
IT0000316016107,BANCA DI CREDITO COOPERATIVO DI BRESCIA - SOCIETA' COOPERATIVA (ABBR. BCC BRESCIA - SOCIETA' COOPERATIVA),Entidad de crédito,"VIA REVERBERI, 1 ANG. VIA OBERDAN",BRESCIA,,IT,,
IT0000358669125,BANCA DI CREDITO COOPERATIVO DI BUSTO GAROLFO E BUGUGGIATE -SOCIETA' COOPERATIVA,Entidad de crédito,"VIA MANZONI, 50",BUSTO GAROLFO,Lombardia,IT,45.5412149,8.8513707
IT0000358669125,BANCA DI CREDITO COOPERATIVO DI BUSTO GAROLFO E BUGUGGIATE -SOCIETA' COOPERATIVA,Entidad de crédito,"VIA MANZONI, 50",BUSTO GAROLFO,Lombardia,IT,45.5797752,8.8011791
IT0000358669125,BANCA DI CREDITO COOPERATIVO DI BUSTO GAROLFO E BUGUGGIATE -SOCIETA' COOPERATIVA,Entidad de crédito,"VIA MANZONI, 50",BUSTO GAROLFO,Lombardia,IT,45.5523512,8.726146
IT0000358669125,BANCA DI CREDITO COOPERATIVO DI BUSTO GAROLFO E BUGUGGIATE -SOCIETA' COOPERATIVA,Entidad de crédito,"VIA MANZONI, 50",BUSTO GAROLFO,Lombardia,IT,45.5339561,8.7653738
IT0000358669125,BANCA DI CREDITO COOPERATIVO DI BUSTO GAROLFO E BUGUGGIATE -SOCIETA' COOPERATIVA,Entidad de crédito,"VIA MANZONI, 50",BUSTO GAROLFO,Lombardia,IT,45.5778194,8.7855557
IT0002173925964,BANCA DI CREDITO COOPERATIVO DI CAGLIARI SOCIETA' COOPERATIVA,Entidad de crédito,"VIA FRANCESCO CIUSA, 52",CAGLIARI,Sardegna,IT,39.2152268,9.1106174
IT0000141149046,BANCA DI CREDITO COOPERATIVO DI CANOSA - LOCONIA - SOCIETA' COOPERATIVA,Entidad de crédito,"PIAZZA DELLA REPUBBLICA, 28",CANOSA DI PUGLIA,Puglia,IT,41.2252311,16.062478
IT0000660334572,BANCA DI CREDITO COOPERATIVO DI CAPACCIO PAESTUM E SERINO- SOCIETA' COOPERATIVA,Entidad de crédito,"VIA MAGNA GRECIA, 345",CAPACCIO PAESTUM,Campania,IT,40.4229749,15.0807411
IT0000123671402,BANCA DI CREDITO COOPERATIVO DI CASSANO DELLE MURGE E TOLVE - SOCIETA' COOPERATIVA,Entidad de crédito,"VIA BITETTO, 2",CASSANO DELLE MURGE,Puglia,IT,41.0249839,16.7099242
IT0000123671402,BANCA DI CREDITO COOPERATIVO DI CASSANO DELLE MURGE E TOLVE - SOCIETA' COOPERATIVA,Entidad de crédito,"VIA BITETTO, 2",CASSANO DELLE MURGE,Puglia,IT,41.0401869,16.7483775
IT0000123671402,BANCA DI CREDITO COOPERATIVO DI CASSANO DELLE MURGE E TOLVE - SOCIETA' COOPERATIVA,Entidad de crédito,"VIA BITETTO, 2",CASSANO DELLE MURGE,Puglia,IT,41.041309,16.8259837
IT0000123671402,BANCA DI CREDITO COOPERATIVO DI CASSANO DELLE MURGE E TOLVE - SOCIETA' COOPERATIVA,Entidad de crédito,"VIA BITETTO, 2",CASSANO DELLE MURGE,Puglia,IT,40.8896021,16.7717311
IT0000123671402,BANCA DI CREDITO COOPERATIVO DI CASSANO DELLE MURGE E TOLVE - SOCIETA' COOPERATIVA,Entidad de crédito,"VIA BITETTO, 2",CASSANO DELLE MURGE,Puglia,IT,40.916552,16.2537472
IT0000123671402,BANCA DI CREDITO COOPERATIVO DI CASSANO DELLE MURGE E TOLVE - SOCIETA' COOPERATIVA,Entidad de crédito,"VIA BITETTO, 2",CASSANO DELLE MURGE,Puglia,IT,40.9968363,16.6796297
IT0001243796949,BANCA DI CREDITO COOPERATIVO DI CASTIGLIONE MESSER RAIMONDO E PIANELLA - SOCIETA' COOPERATIVA A RESPONSABILITA' LIMITATA,Entidad de crédito,VIALE UMBERTO 1',CASTIGLIONE MESSER RAIMONDO,Lombardia,IT,45.3895595,10.488816
IT0000440845319,BANCA DI CREDITO COOPERATIVO DI CHERASCO - SOCIETA' COOPERATIVA,Entidad de crédito,"VIA BRA, 15",CHERASCO,Piemonte,IT,44.6522131,7.8582499
IT0000249405537,BANCA DI CREDITO COOPERATIVO DI CONVERSANO - SOCIETA' COOPERATIVA,Entidad de crédito,"VIA GIUSEPPE MAZZINI, 52",CONVERSANO,Puglia,IT,40.9665299,17.1145414
IT0000532290190,BANCA DI CREDITO COOPERATIVO DI FANO - SOCIETA' COOPERATIVA,Entidad de crédito,"VIA FLAMINIA, 346/348",FANO,Marche,IT,43.8433005,13.0196459
IT0000643850245,BANCA DI CREDITO COOPERATIVO DI FLUMERI - SOCIETA' COOPERATIVA,Entidad de crédito,VIA OLIVIERI,FLUMERI,Campania,IT,40.9329261,15.3218258
IT0000643850245,BANCA DI CREDITO COOPERATIVO DI FLUMERI - SOCIETA' COOPERATIVA,Entidad de crédito,VIA OLIVIERI,FLUMERI,Campania,IT,40.8960823,15.3678762
IT0000643850245,BANCA DI CREDITO COOPERATIVO DI FLUMERI - SOCIETA' COOPERATIVA,Entidad de crédito,VIA OLIVIERI,FLUMERI,Campania,IT,40.7834629,15.2197677
IT0000643850245,BANCA DI CREDITO COOPERATIVO DI FLUMERI - SOCIETA' COOPERATIVA,Entidad de crédito,VIA OLIVIERI,FLUMERI,Campania,IT,40.9418378,14.874366
IT0000643850245,BANCA DI CREDITO COOPERATIVO DI FLUMERI - SOCIETA' COOPERATIVA,Entidad de crédito,VIA OLIVIERI,FLUMERI,Campania,IT,40.8142269,15.2244016
IT0000643850245,BANCA DI CREDITO COOPERATIVO DI FLUMERI - SOCIETA' COOPERATIVA,Entidad de crédito,VIA OLIVIERI,FLUMERI,Campania,IT,41.0283221,15.2083904
IT0000643850245,BANCA DI CREDITO COOPERATIVO DI FLUMERI - SOCIETA' COOPERATIVA,Entidad de crédito,VIA OLIVIERI,FLUMERI,Campania,IT,40.8706122,15.0269058
IT0000643850245,BANCA DI CREDITO COOPERATIVO DI FLUMERI - SOCIETA' COOPERATIVA,Entidad de crédito,VIA OLIVIERI,FLUMERI,Campania,IT,41.0515312,15.1913809
IT0000643850245,BANCA DI CREDITO COOPERATIVO DI FLUMERI - SOCIETA' COOPERATIVA,Entidad de crédito,VIA OLIVIERI,FLUMERI,Campania,IT,40.9317435,15.0428663
IT0000643850245,BANCA DI CREDITO COOPERATIVO DI FLUMERI - SOCIETA' COOPERATIVA,Entidad de crédito,VIA OLIVIERI,FLUMERI,Campania,IT,40.9292721,14.9871898
IT0000643850245,BANCA DI CREDITO COOPERATIVO DI FLUMERI - SOCIETA' COOPERATIVA,Entidad de crédito,VIA OLIVIERI,FLUMERI,Campania,IT,40.9317931,14.9166789
IT0000643850245,BANCA DI CREDITO COOPERATIVO DI FLUMERI - SOCIETA' COOPERATIVA,Entidad de crédito,VIA OLIVIERI,FLUMERI,Campania,IT,40.8564639,15.3359012
IT0000643850245,BANCA DI CREDITO COOPERATIVO DI FLUMERI - SOCIETA' COOPERATIVA,Entidad de crédito,VIA OLIVIERI,FLUMERI,Campania,IT,41.0758817,15.1500012
IT0000643850245,BANCA DI CREDITO COOPERATIVO DI FLUMERI - SOCIETA' COOPERATIVA,Entidad de crédito,VIA OLIVIERI,FLUMERI,Campania,IT,41.0162673,15.0187218
IT0000643850245,BANCA DI CREDITO COOPERATIVO DI FLUMERI - SOCIETA' COOPERATIVA,Entidad de crédito,VIA OLIVIERI,FLUMERI,Campania,IT,41.0117225,15.0979543
IT0000643850245,BANCA DI CREDITO COOPERATIVO DI FLUMERI - SOCIETA' COOPERATIVA,Entidad de crédito,VIA OLIVIERI,FLUMERI,Campania,IT,41.0063845,15.0703301
IT0000643850245,BANCA DI CREDITO COOPERATIVO DI FLUMERI - SOCIETA' COOPERATIVA,Entidad de crédito,VIA OLIVIERI,FLUMERI,Campania,IT,40.953897,15.209712
IT0000643850245,BANCA DI CREDITO COOPERATIVO DI FLUMERI - SOCIETA' COOPERATIVA,Entidad de crédito,VIA OLIVIERI,FLUMERI,Campania,IT,40.9860476,14.9910221
IT0000643850245,BANCA DI CREDITO COOPERATIVO DI FLUMERI - SOCIETA' COOPERATIVA,Entidad de crédito,VIA OLIVIERI,FLUMERI,Campania,IT,40.9197147,14.9971083
IT0000643850245,BANCA DI CREDITO COOPERATIVO DI FLUMERI - SOCIETA' COOPERATIVA,Entidad de crédito,VIA OLIVIERI,FLUMERI,Campania,IT,40.9297284,15.2425028
IT0000643850817,BANCA DI CREDITO COOPERATIVO DI GAMBATESA - SOCIETA' COOPERATIVA,Entidad de crédito,"VIA NAZIONALE APPULA, 29",GAMBATESA,Molise,IT,41.5098351,14.9144189
IT0000458417568,BANCA DI CREDITO COOPERATIVO DI GAUDIANO DI LAVELLO - SOCIETA' COOPERATIVA,Entidad de crédito,"VIA ROMA, 81/83",LAVELLO,Basilicata,IT,41.0489312,15.8006881
IT0000643851644,BANCA DI CREDITO COOPERATIVO DI LEVERANO - SOCIETA' COOPERATIVA,Entidad de crédito,"PIAZZA ROMA, 1",LEVERANO,Puglia,IT,40.288306,17.9957065
IT0000643851808,BANCA DI CREDITO COOPERATIVO DI LEZZENO (COMO) - SOCIETA' COOPERATIVA A RESPONSABILITA' LIMITATA,Entidad de crédito,VIA CHIESA,LEZZENO,Lombardia,IT,45.946505,9.1943919
IT0000288981209,BANCA DI CREDITO COOPERATIVO DI LOCOROTONDO CASSA RURALE E ARTIGIANA - SOCIETA' COOPERATIVA,Entidad de crédito,"PIAZZA MARCONI, 28",LOCOROTONDO,Puglia,IT,41.0033877,16.8711576
IT0000288981209,BANCA DI CREDITO COOPERATIVO DI LOCOROTONDO CASSA RURALE E ARTIGIANA - SOCIETA' COOPERATIVA,Entidad de crédito,"PIAZZA MARCONI, 28",LOCOROTONDO,Puglia,IT,41.0485905,16.918807
IT0000288981209,BANCA DI CREDITO COOPERATIVO DI LOCOROTONDO CASSA RURALE E ARTIGIANA - SOCIETA' COOPERATIVA,Entidad de crédito,"PIAZZA MARCONI, 28",LOCOROTONDO,Puglia,IT,40.955388,16.9182742
IT0000288981209,BANCA DI CREDITO COOPERATIVO DI LOCOROTONDO CASSA RURALE E ARTIGIANA - SOCIETA' COOPERATIVA,Entidad de crédito,"PIAZZA MARCONI, 28",LOCOROTONDO,Puglia,IT,41.018125,16.9290108
IT0000288981209,BANCA DI CREDITO COOPERATIVO DI LOCOROTONDO CASSA RURALE E ARTIGIANA - SOCIETA' COOPERATIVA,Entidad de crédito,"PIAZZA MARCONI, 28",LOCOROTONDO,Puglia,IT,40.7542447,17.3265998
IT0000288981209,BANCA DI CREDITO COOPERATIVO DI LOCOROTONDO CASSA RURALE E ARTIGIANA - SOCIETA' COOPERATIVA,Entidad de crédito,"PIAZZA MARCONI, 28",LOCOROTONDO,Puglia,IT,40.8897011,16.9495249
IT0000288981209,BANCA DI CREDITO COOPERATIVO DI LOCOROTONDO CASSA RURALE E ARTIGIANA - SOCIETA' COOPERATIVA,Entidad de crédito,"PIAZZA MARCONI, 28",LOCOROTONDO,Puglia,IT,40.9158697,17.020421
IT0000288981209,BANCA DI CREDITO COOPERATIVO DI LOCOROTONDO CASSA RURALE E ARTIGIANA - SOCIETA' COOPERATIVA,Entidad de crédito,"PIAZZA MARCONI, 28",LOCOROTONDO,Puglia,IT,41.041883,16.8872838
IT0000389733359,BANCA DI CREDITO COOPERATIVO DI MARINA DI GINOSA - SOCIETA' COOPERATIVA,Entidad de crédito,VIALE JONIO,GINOSA,Puglia,IT,40.5780011,16.7575052
IT0000268753109,BANCA DI CREDITO COOPERATIVO DI MILANO - SOCIETA' COOPERATIVA,Entidad de crédito,"VIA DE GASPERI, 11",CARUGATE,Lombardia,IT,45.5496216,9.3384912
IT0000478278943,BANCA DI CREDITO COOPERATIVO DI MOZZANICA - SOCIETA' COOPERATIVA,Entidad de crédito,"VIA UMBERTO I, 10",MOZZANICA,Lombardia,IT,45.5135094,9.7052186
IT0000478278943,BANCA DI CREDITO COOPERATIVO DI MOZZANICA - SOCIETA' COOPERATIVA,Entidad de crédito,"VIA UMBERTO I, 10",MOZZANICA,Lombardia,IT,45.6180815,9.7998439
IT0000478278943,BANCA DI CREDITO COOPERATIVO DI MOZZANICA - SOCIETA' COOPERATIVA,Entidad de crédito,"VIA UMBERTO I, 10",MOZZANICA,Lombardia,IT,45.6251056,9.7614565
IT0000478278943,BANCA DI CREDITO COOPERATIVO DI MOZZANICA - SOCIETA' COOPERATIVA,Entidad de crédito,"VIA UMBERTO I, 10",MOZZANICA,Lombardia,IT,45.5550545,9.8322277
IT0000478278943,BANCA DI CREDITO COOPERATIVO DI MOZZANICA - SOCIETA' COOPERATIVA,Entidad de crédito,"VIA UMBERTO I, 10",MOZZANICA,Lombardia,IT,45.5372313,9.7873911
IT0000478278943,BANCA DI CREDITO COOPERATIVO DI MOZZANICA - SOCIETA' COOPERATIVA,Entidad de crédito,"VIA UMBERTO I, 10",MOZZANICA,Lombardia,IT,45.5003385,9.7699814
IT0000478278943,BANCA DI CREDITO COOPERATIVO DI MOZZANICA - SOCIETA' COOPERATIVA,Entidad de crédito,"VIA UMBERTO I, 10",MOZZANICA,Lombardia,IT,45.5937459,9.7538775
IT0000478278943,BANCA DI CREDITO COOPERATIVO DI MOZZANICA - SOCIETA' COOPERATIVA,Entidad de crédito,"VIA UMBERTO I, 10",MOZZANICA,Lombardia,IT,45.6567032,9.7244573
IT0000478278943,BANCA DI CREDITO COOPERATIVO DI MOZZANICA - SOCIETA' COOPERATIVA,Entidad de crédito,"VIA UMBERTO I, 10",MOZZANICA,Lombardia,IT,45.5661456,9.6408004
IT0000478278943,BANCA DI CREDITO COOPERATIVO DI MOZZANICA - SOCIETA' COOPERATIVA,Entidad de crédito,"VIA UMBERTO I, 10",MOZZANICA,Lombardia,IT,45.5339858,9.7042313
IT0000478278943,BANCA DI CREDITO COOPERATIVO DI MOZZANICA - SOCIETA' COOPERATIVA,Entidad de crédito,"VIA UMBERTO I, 10",MOZZANICA,Lombardia,IT,45.5916106,9.8085226
IT0000478278943,BANCA DI CREDITO COOPERATIVO DI MOZZANICA - SOCIETA' COOPERATIVA,Entidad de crédito,"VIA UMBERTO I, 10",MOZZANICA,Lombardia,IT,45.4766159,9.6924504
IT0000478278943,BANCA DI CREDITO COOPERATIVO DI MOZZANICA - SOCIETA' COOPERATIVA,Entidad de crédito,"VIA UMBERTO I, 10",MOZZANICA,Lombardia,IT,45.6760796,9.6925836
IT0000478278943,BANCA DI CREDITO COOPERATIVO DI MOZZANICA - SOCIETA' COOPERATIVA,Entidad de crédito,"VIA UMBERTO I, 10",MOZZANICA,Lombardia,IT,45.58427,9.8361439
IT0000478278943,BANCA DI CREDITO COOPERATIVO DI MOZZANICA - SOCIETA' COOPERATIVA,Entidad de crédito,"VIA UMBERTO I, 10",MOZZANICA,Lombardia,IT,45.4806137,9.8713882
IT0000478278943,BANCA DI CREDITO COOPERATIVO DI MOZZANICA - SOCIETA' COOPERATIVA,Entidad de crédito,"VIA UMBERTO I, 10",MOZZANICA,Lombardia,IT,45.5822553,9.6709517
IT0000478278943,BANCA DI CREDITO COOPERATIVO DI MOZZANICA - SOCIETA' COOPERATIVA,Entidad de crédito,"VIA UMBERTO I, 10",MOZZANICA,Lombardia,IT,45.4407556,9.8617328
IT0000478278943,BANCA DI CREDITO COOPERATIVO DI MOZZANICA - SOCIETA' COOPERATIVA,Entidad de crédito,"VIA UMBERTO I, 10",MOZZANICA,Lombardia,IT,45.6431644,9.6832493
IT0003132891005,BANCA DI CREDITO COOPERATIVO DI NAPOLI SOCIETA' COOPERATIVA PER AZIONI (IN SIGLA B.C.C. DI NAPOLI),Entidad de crédito,"VIA ROBERTO BRACCO, 27/29",NAPOLI,Campania,IT,40.8400998,14.2500966
IT0000609709368,BANCA DI CREDITO COOPERATIVO DI NETTUNO SOCIETA' COOPERATIVA,Entidad de crédito,"VIA G. MATTEOTTI, 5",NETTUNO,Lazio,IT,41.4574894,12.6614342
IT0000153351699,BANCA DI CREDITO COOPERATIVO DI OSTRA E MORRO D'ALBA - SOCIETA' COOPERATIVA,Entidad de crédito,"VIA MAZZINI, 93",OSTRA,Marche,IT,43.5807252,13.0247839
IT0000153351699,BANCA DI CREDITO COOPERATIVO DI OSTRA E MORRO D'ALBA - SOCIETA' COOPERATIVA,Entidad de crédito,"VIA MAZZINI, 93",OSTRA,Marche,IT,43.6073267,12.9762386
IT0000153351699,BANCA DI CREDITO COOPERATIVO DI OSTRA E MORRO D'ALBA - SOCIETA' COOPERATIVA,Entidad de crédito,"VIA MAZZINI, 93",OSTRA,Marche,IT,43.6125398,13.1583783
IT0000153351699,BANCA DI CREDITO COOPERATIVO DI OSTRA E MORRO D'ALBA - SOCIETA' COOPERATIVA,Entidad de crédito,"VIA MAZZINI, 93",OSTRA,Marche,IT,43.6036524,13.0573844
IT0000144756774,BANCA DI CREDITO COOPERATIVO DI OSTRA VETERE SOCIETA' COOPERATIVA,Entidad de crédito,"VIA MARCONI, 29",OSTRA VETERE,Marche,IT,43.5807252,13.0247839
IT0000144756774,BANCA DI CREDITO COOPERATIVO DI OSTRA VETERE SOCIETA' COOPERATIVA,Entidad de crédito,"VIA MARCONI, 29",OSTRA VETERE,Marche,IT,43.6073267,12.9762386
IT0000144756774,BANCA DI CREDITO COOPERATIVO DI OSTRA VETERE SOCIETA' COOPERATIVA,Entidad de crédito,"VIA MARCONI, 29",OSTRA VETERE,Marche,IT,43.6125398,13.1583783
IT0000144756774,BANCA DI CREDITO COOPERATIVO DI OSTRA VETERE SOCIETA' COOPERATIVA,Entidad de crédito,"VIA MARCONI, 29",OSTRA VETERE,Marche,IT,43.6036524,13.0573844
IT0000441162005,BANCA DI CREDITO COOPERATIVO DI OSTUNI - SOCIETA' COOPERATIVA,Entidad de crédito,"LARGO MONSIGNOR ITALO PIGNATELLI, 2",OSTUNI,Puglia,IT,40.7320927,17.5775643
IT0000643853390,BANCA DI CREDITO COOPERATIVO DI PACHINO - SOCIETA' COOPERATIVA,Entidad de crédito,"VIA UNITA', 5",PACHINO,Sicilia,IT,36.7156466,15.0935436
IT0000112651703,BANCA DI CREDITO COOPERATIVO DI PERGOLA E CORINALDO SOCIETA' COOPERATIVA,Entidad de crédito,"V.LE MARTIRI DELLA LIBERTA', 46/B",PERGOLA,Marche,IT,43.5628542,12.8360175
IT0000660716069,BANCA DI CREDITO COOPERATIVO DI PIANFEI E ROCCA DE' BALDI - SOCIETA' COOPERATIVA,Entidad de crédito,"VIA VILLANOVA, 23",PIANFEI,Piemonte,IT,44.395061,7.8769069
IT0000660716069,BANCA DI CREDITO COOPERATIVO DI PIANFEI E ROCCA DE' BALDI - SOCIETA' COOPERATIVA,Entidad de crédito,"VIA VILLANOVA, 23",PIANFEI,Piemonte,IT,44.340064,7.8228866
IT0000660716069,BANCA DI CREDITO COOPERATIVO DI PIANFEI E ROCCA DE' BALDI - SOCIETA' COOPERATIVA,Entidad de crédito,"VIA VILLANOVA, 23",PIANFEI,Piemonte,IT,44.3307547,7.9410501
IT0000660716069,BANCA DI CREDITO COOPERATIVO DI PIANFEI E ROCCA DE' BALDI - SOCIETA' COOPERATIVA,Entidad de crédito,"VIA VILLANOVA, 23",PIANFEI,Piemonte,IT,44.3194434,7.8658339
IT0000660716069,BANCA DI CREDITO COOPERATIVO DI PIANFEI E ROCCA DE' BALDI - SOCIETA' COOPERATIVA,Entidad de crédito,"VIA VILLANOVA, 23",PIANFEI,Piemonte,IT,44.3705182,7.709771
IT0000660716069,BANCA DI CREDITO COOPERATIVO DI PIANFEI E ROCCA DE' BALDI - SOCIETA' COOPERATIVA,Entidad de crédito,"VIA VILLANOVA, 23",PIANFEI,Piemonte,IT,44.3045166,7.8912847
IT0000660716069,BANCA DI CREDITO COOPERATIVO DI PIANFEI E ROCCA DE' BALDI - SOCIETA' COOPERATIVA,Entidad de crédito,"VIA VILLANOVA, 23",PIANFEI,Piemonte,IT,44.3765698,7.9082315
IT0000660716069,BANCA DI CREDITO COOPERATIVO DI PIANFEI E ROCCA DE' BALDI - SOCIETA' COOPERATIVA,Entidad de crédito,"VIA VILLANOVA, 23",PIANFEI,Piemonte,IT,44.3520629,7.9002844
IT0000660716069,BANCA DI CREDITO COOPERATIVO DI PIANFEI E ROCCA DE' BALDI - SOCIETA' COOPERATIVA,Entidad de crédito,"VIA VILLANOVA, 23",PIANFEI,Piemonte,IT,44.3748905,7.8649098
IT0000104055204,BANCA DI CREDITO COOPERATIVO DI PONTASSIEVE - SOCIETA' COOPERATIVA,Entidad de crédito,"VIA VITTORIO VENETO, 9",PONTASSIEVE,Toscana,IT,43.7758485,11.4399182
IT0000507001867,BANCA DI CREDITO COOPERATIVO DI PRATOLA PELIGNA (L'AQUILA) -SOCIETA' COOPERATIVA,Entidad de crédito,"VIA A. GRAMSCI, 138",PRATOLA PELIGNA,Abruzzo,IT,42.0968914,13.8721218
IT0003832525172,BANCA DI CREDITO COOPERATIVO DI PUTIGNANO - SOCIETA' COOPERATIVA PER AZIONI,Entidad de crédito,"VIA MARGHERITA DI SAVOIA, 13",PUTIGNANO,Puglia,IT,40.8497063,17.1204885
IT0000283631254,BANCA DI CREDITO COOPERATIVO DI RECANATI E COLMURANO - SOCIETA' COOPERATIVA,Entidad de crédito,"PIAZZA LEOPARDI, 21-22 ANG. CORSO PERSIANI",RECANATI,Marche,IT,43.4038698,13.5489681
IT0000104747739,BANCA DI CREDITO COOPERATIVO DI ROMA - SOCIETA' COOPERATIVA,Entidad de crédito,"VIA SARDEGNA, 129",ROMA,Lazio,IT,41.892984,12.4835363
IT0000743271729,BANCA DI CREDITO COOPERATIVO DI SAN GIOVANNI ROTONDO - SOCIETA' COOPERATIVA,Entidad de crédito,"VIALE ALDO MORO, 9",SAN GIOVANNI ROTONDO,Puglia,IT,41.7070077,15.7272656
IT0000649678214,BANCA DI CREDITO COOPERATIVO DI SAN MARCO DEI CAVOTI E DEL SANNIO-CALVI - SOCIETA' COOPERATIVA,Entidad de crédito,"PIAZZA RISORGIMENTO, 16",SAN MARCO DEI CAVOTI,Campania,IT,41.3091889,14.8795883
IT0000761418292,BANCA DI CREDITO COOPERATIVO DI SAN MARZANO DI SAN GIUSEPPE - TARANTO - SOCIETA' COOPERATIVA,Entidad de crédito,VIA VITTORIO EMANUELE S.N.C.,SAN MARZANO DI SAN GIUSEPPE,Puglia,IT,40.3484878,17.725547
IT0000761418292,BANCA DI CREDITO COOPERATIVO DI SAN MARZANO DI SAN GIUSEPPE - TARANTO - SOCIETA' COOPERATIVA,Entidad de crédito,VIA VITTORIO EMANUELE S.N.C.,SAN MARZANO DI SAN GIUSEPPE,Puglia,IT,40.4215577,17.3878223
IT0000761418292,BANCA DI CREDITO COOPERATIVO DI SAN MARZANO DI SAN GIUSEPPE - TARANTO - SOCIETA' COOPERATIVA,Entidad de crédito,VIA VITTORIO EMANUELE S.N.C.,SAN MARZANO DI SAN GIUSEPPE,Puglia,IT,40.3836413,17.3325867
IT0000761418292,BANCA DI CREDITO COOPERATIVO DI SAN MARZANO DI SAN GIUSEPPE - TARANTO - SOCIETA' COOPERATIVA,Entidad de crédito,VIA VITTORIO EMANUELE S.N.C.,SAN MARZANO DI SAN GIUSEPPE,Puglia,IT,40.3906529,17.4473169
IT0000761418292,BANCA DI CREDITO COOPERATIVO DI SAN MARZANO DI SAN GIUSEPPE - TARANTO - SOCIETA' COOPERATIVA,Entidad de crédito,VIA VITTORIO EMANUELE S.N.C.,SAN MARZANO DI SAN GIUSEPPE,Puglia,IT,40.3225013,17.5699567
IT0000761418292,BANCA DI CREDITO COOPERATIVO DI SAN MARZANO DI SAN GIUSEPPE - TARANTO - SOCIETA' COOPERATIVA,Entidad de crédito,VIA VITTORIO EMANUELE S.N.C.,SAN MARZANO DI SAN GIUSEPPE,Puglia,IT,40.5021263,17.378601
IT0000761418292,BANCA DI CREDITO COOPERATIVO DI SAN MARZANO DI SAN GIUSEPPE - TARANTO - SOCIETA' COOPERATIVA,Entidad de crédito,VIA VITTORIO EMANUELE S.N.C.,SAN MARZANO DI SAN GIUSEPPE,Puglia,IT,40.5626952,17.3384464
IT0000761418292,BANCA DI CREDITO COOPERATIVO DI SAN MARZANO DI SAN GIUSEPPE - TARANTO - SOCIETA' COOPERATIVA,Entidad de crédito,VIA VITTORIO EMANUELE S.N.C.,SAN MARZANO DI SAN GIUSEPPE,Puglia,IT,40.4456083,17.4140162
IT0000761418292,BANCA DI CREDITO COOPERATIVO DI SAN MARZANO DI SAN GIUSEPPE - TARANTO - SOCIETA' COOPERATIVA,Entidad de crédito,VIA VITTORIO EMANUELE S.N.C.,SAN MARZANO DI SAN GIUSEPPE,Puglia,IT,40.4376024,17.3885443
IT0000761418292,BANCA DI CREDITO COOPERATIVO DI SAN MARZANO DI SAN GIUSEPPE - TARANTO - SOCIETA' COOPERATIVA,Entidad de crédito,VIA VITTORIO EMANUELE S.N.C.,SAN MARZANO DI SAN GIUSEPPE,Puglia,IT,40.4509218,17.5063259
IT0000761418292,BANCA DI CREDITO COOPERATIVO DI SAN MARZANO DI SAN GIUSEPPE - TARANTO - SOCIETA' COOPERATIVA,Entidad de crédito,VIA VITTORIO EMANUELE S.N.C.,SAN MARZANO DI SAN GIUSEPPE,Puglia,IT,40.3549082,17.5028474
IT0000105944975,BANCA DI CREDITO COOPERATIVO DI SANTERAMO IN COLLE - SOCIETA' COOPERATIVA,Entidad de crédito,"VIA TIROLO, 2",SANTERAMO IN COLLE,Puglia,IT,40.7938777,16.7543754
IT0000482303874,BANCA DI CREDITO COOPERATIVO DI SARSINA - SOCIETA' COOPERATIVA,Entidad de crédito,"VIA ROMA, 18",SARSINA,Emilia-Romagna,IT,43.9186789,12.1412978
IT0000109245201,BANCA DI CREDITO COOPERATIVO DI SCAFATI E CETARA SOCIETA' COOPERATIVA,Entidad de crédito,"VIA PIETRO MELCHIADE, 47-49-51",SCAFATI,Campania,IT,40.7494251,14.5272811
IT0000635659728,BANCA DI CREDITO COOPERATIVO DI SPELLO E DEL VELINO - SOCIETA' COOPERATIVA,Entidad de crédito,"PIAZZALE DELLA PACE, 1",SPELLO,Umbria,IT,42.992107,12.6710697
IT0000119166240,BANCA DI CREDITO COOPERATIVO DI TERRA D'OTRANTO - SOCIETA' COOPERATIVA,Entidad de crédito,VIA CESARE BATTISTI-ANG.VIA S.GIOVANNI,CARMIANO,Puglia,IT,40.3463194,18.0461355
IT0000389733921,BANCA DI CREDITO COOPERATIVO DI TRIUGGIO E DELLA VALLE DEL LAMBRO - SOCIETA' COOPERATIVA,Entidad de crédito,"VIA SERAFINO BIFFI, 8",TRIUGGIO,Lombardia,IT,45.6608562,9.2608362
IT0000144756510,"BANCA DI CREDITO COOPERATIVO DI VENEZIA, PADOVA E ROVIGO - BANCA ANNIA SOCIETA' COOPERATIVA",Entidad de crédito,"VIA ROMA, 15",CARTURA,Veneto,IT,45.2681015,11.8625604
IT0000643858182,BANCA DI CREDITO COOPERATIVO G. TONIOLO E SAN MICHELE DI SAN CATALDO (CALTANISSETTA)  SOCIETA' COOPERATIVA,Entidad de crédito,"CORSO VITTORIO EMANUELE, 171",SAN CATALDO,Sicilia,IT,37.4872222,13.9914224
IT0000180558223,BANCA DI CREDITO COOPERATIVO LA RISCOSSA DI REGALBUTO - SOCIETA' COOPERATIVA,Entidad de crédito,"VIA MONS. VITO PERNICONE, 1",REGALBUTO,Sicilia,IT,37.6521595,14.6407053
IT0000582339335,BANCA DI CREDITO COOPERATIVO LODI SOCIETA' COOPERATIVA,Entidad de crédito,"VIA GARIBALDI, 5",LODI,Lombardia,IT,45.3144787,9.5028118
IT0001484374866,BANCA DI CREDITO COOPERATIVO MAGNA GRECIA - SOCIETA' COOPERATIVA,Entidad de crédito,"VIA A.R. PASSARO, SNC",VALLO DELLA LUCANIA,Campania,IT,40.2293396,15.2675157
IT0000171446274,BANCA DI CREDITO COOPERATIVO PORDENONESE E MONSILE - SOCIETA' COOPERATIVA,Entidad de crédito,"VIA TRENTO, 1",AZZANO DECIMO,Friuli-Venezia Giulia,IT,45.881071,12.714859
IT0000643859337,BANCA DI CREDITO COOPERATIVO TERRA DI LAVORO - S. VINCENZO DE' PAOLI SOCIETA' COOPERATIVA PER AZIONI,Entidad de crédito,"VIA MADONNA DI POMPEI, 4",CASAGIOVE,Campania,IT,41.0788605,14.3093941
IT0000303415987,BANCA DI CREDITO COOPERATIVO VALDOSTANA - COOPERATIVE DE CREDIT VALDOTAINE - SOCIETA' COOPERATIVA,Entidad de crédito,"VIA TAXEL, 26",GRESSAN,Valle d'Aosta/Vallée d'Aoste,IT,45.8049344,7.5931979
IT0000303415987,BANCA DI CREDITO COOPERATIVO VALDOSTANA - COOPERATIVE DE CREDIT VALDOTAINE - SOCIETA' COOPERATIVA,Entidad de crédito,"VIA TAXEL, 26",GRESSAN,Valle d'Aosta/Vallée d'Aoste,IT,45.644935,7.7212415
IT0000303415987,BANCA DI CREDITO COOPERATIVO VALDOSTANA - COOPERATIVE DE CREDIT VALDOTAINE - SOCIETA' COOPERATIVA,Entidad de crédito,"VIA TAXEL, 26",GRESSAN,Valle d'Aosta/Vallée d'Aoste,IT,45.8115713,7.6865927
IT0000303415987,BANCA DI CREDITO COOPERATIVO VALDOSTANA - COOPERATIVE DE CREDIT VALDOTAINE - SOCIETA' COOPERATIVA,Entidad de crédito,"VIA TAXEL, 26",GRESSAN,Valle d'Aosta/Vallée d'Aoste,IT,45.6074889,7.7466436
IT0000303415987,BANCA DI CREDITO COOPERATIVO VALDOSTANA - COOPERATIVE DE CREDIT VALDOTAINE - SOCIETA' COOPERATIVA,Entidad de crédito,"VIA TAXEL, 26",GRESSAN,Valle d'Aosta/Vallée d'Aoste,IT,45.7273887,7.4031775
IT0000303415987,BANCA DI CREDITO COOPERATIVO VALDOSTANA - COOPERATIVE DE CREDIT VALDOTAINE - SOCIETA' COOPERATIVA,Entidad de crédito,"VIA TAXEL, 26",GRESSAN,Valle d'Aosta/Vallée d'Aoste,IT,45.7163717,7.7364954
IT0000303415987,BANCA DI CREDITO COOPERATIVO VALDOSTANA - COOPERATIVE DE CREDIT VALDOTAINE - SOCIETA' COOPERATIVA,Entidad de crédito,"VIA TAXEL, 26",GRESSAN,Valle d'Aosta/Vallée d'Aoste,IT,45.6897873,7.7064502
IT0000303415987,BANCA DI CREDITO COOPERATIVO VALDOSTANA - COOPERATIVE DE CREDIT VALDOTAINE - SOCIETA' COOPERATIVA,Entidad de crédito,"VIA TAXEL, 26",GRESSAN,Valle d'Aosta/Vallée d'Aoste,IT,45.8381943,7.6201422
IT0000303415987,BANCA DI CREDITO COOPERATIVO VALDOSTANA - COOPERATIVE DE CREDIT VALDOTAINE - SOCIETA' COOPERATIVA,Entidad de crédito,"VIA TAXEL, 26",GRESSAN,Valle d'Aosta/Vallée d'Aoste,IT,45.6857719,7.6577399
IT0000303415987,BANCA DI CREDITO COOPERATIVO VALDOSTANA - COOPERATIVE DE CREDIT VALDOTAINE - SOCIETA' COOPERATIVA,Entidad de crédito,"VIA TAXEL, 26",GRESSAN,Valle d'Aosta/Vallée d'Aoste,IT,45.6245124,7.6207762
IT0000303415987,BANCA DI CREDITO COOPERATIVO VALDOSTANA - COOPERATIVE DE CREDIT VALDOTAINE - SOCIETA' COOPERATIVA,Entidad de crédito,"VIA TAXEL, 26",GRESSAN,Valle d'Aosta/Vallée d'Aoste,IT,45.720452,7.3254024
IT0000303415987,BANCA DI CREDITO COOPERATIVO VALDOSTANA - COOPERATIVE DE CREDIT VALDOTAINE - SOCIETA' COOPERATIVA,Entidad de crédito,"VIA TAXEL, 26",GRESSAN,Valle d'Aosta/Vallée d'Aoste,IT,45.6034622,7.7674352
IT0000303415987,BANCA DI CREDITO COOPERATIVO VALDOSTANA - COOPERATIVE DE CREDIT VALDOTAINE - SOCIETA' COOPERATIVA,Entidad de crédito,"VIA TAXEL, 26",GRESSAN,Valle d'Aosta/Vallée d'Aoste,IT,45.7246974,7.700479
IT0000303415987,BANCA DI CREDITO COOPERATIVO VALDOSTANA - COOPERATIVE DE CREDIT VALDOTAINE - SOCIETA' COOPERATIVA,Entidad de crédito,"VIA TAXEL, 26",GRESSAN,Valle d'Aosta/Vallée d'Aoste,IT,45.7361317,7.4942621
IT0000303415987,BANCA DI CREDITO COOPERATIVO VALDOSTANA - COOPERATIVE DE CREDIT VALDOTAINE - SOCIETA' COOPERATIVA,Entidad de crédito,"VIA TAXEL, 26",GRESSAN,Valle d'Aosta/Vallée d'Aoste,IT,45.6490179,7.8609143
IT0000303415987,BANCA DI CREDITO COOPERATIVO VALDOSTANA - COOPERATIVE DE CREDIT VALDOTAINE - SOCIETA' COOPERATIVA,Entidad de crédito,"VIA TAXEL, 26",GRESSAN,Valle d'Aosta/Vallée d'Aoste,IT,45.7129119,7.8822666
IT0000303415987,BANCA DI CREDITO COOPERATIVO VALDOSTANA - COOPERATIVE DE CREDIT VALDOTAINE - SOCIETA' COOPERATIVA,Entidad de crédito,"VIA TAXEL, 26",GRESSAN,Valle d'Aosta/Vallée d'Aoste,IT,45.7215494,7.2894355
IT0000303415987,BANCA DI CREDITO COOPERATIVO VALDOSTANA - COOPERATIVE DE CREDIT VALDOTAINE - SOCIETA' COOPERATIVA,Entidad de crédito,"VIA TAXEL, 26",GRESSAN,Valle d'Aosta/Vallée d'Aoste,IT,45.8272674,7.8231796
IT0000303415987,BANCA DI CREDITO COOPERATIVO VALDOSTANA - COOPERATIVE DE CREDIT VALDOTAINE - SOCIETA' COOPERATIVA,Entidad de crédito,"VIA TAXEL, 26",GRESSAN,Valle d'Aosta/Vallée d'Aoste,IT,45.6118952,7.7355913
IT0000303415987,BANCA DI CREDITO COOPERATIVO VALDOSTANA - COOPERATIVE DE CREDIT VALDOTAINE - SOCIETA' COOPERATIVA,Entidad de crédito,"VIA TAXEL, 26",GRESSAN,Valle d'Aosta/Vallée d'Aoste,IT,45.6854327,7.8542203
IT0000303415987,BANCA DI CREDITO COOPERATIVO VALDOSTANA - COOPERATIVE DE CREDIT VALDOTAINE - SOCIETA' COOPERATIVA,Entidad de crédito,"VIA TAXEL, 26",GRESSAN,Valle d'Aosta/Vallée d'Aoste,IT,45.6538991,7.6844305
IT0000303415987,BANCA DI CREDITO COOPERATIVO VALDOSTANA - COOPERATIVE DE CREDIT VALDOTAINE - SOCIETA' COOPERATIVA,Entidad de crédito,"VIA TAXEL, 26",GRESSAN,Valle d'Aosta/Vallée d'Aoste,IT,45.7139559,7.2749217
IT0000303415987,BANCA DI CREDITO COOPERATIVO VALDOSTANA - COOPERATIVE DE CREDIT VALDOTAINE - SOCIETA' COOPERATIVA,Entidad de crédito,"VIA TAXEL, 26",GRESSAN,Valle d'Aosta/Vallée d'Aoste,IT,45.8108193,7.6190786
IT0000303415987,BANCA DI CREDITO COOPERATIVO VALDOSTANA - COOPERATIVE DE CREDIT VALDOTAINE - SOCIETA' COOPERATIVA,Entidad de crédito,"VIA TAXEL, 26",GRESSAN,Valle d'Aosta/Vallée d'Aoste,IT,45.6327794,7.8450681
IT0000303415987,BANCA DI CREDITO COOPERATIVO VALDOSTANA - COOPERATIVE DE CREDIT VALDOTAINE - SOCIETA' COOPERATIVA,Entidad de crédito,"VIA TAXEL, 26",GRESSAN,Valle d'Aosta/Vallée d'Aoste,IT,45.7042167,7.6741673
IT0000303415987,BANCA DI CREDITO COOPERATIVO VALDOSTANA - COOPERATIVE DE CREDIT VALDOTAINE - SOCIETA' COOPERATIVA,Entidad de crédito,"VIA TAXEL, 26",GRESSAN,Valle d'Aosta/Vallée d'Aoste,IT,45.7391173,7.4670006
IT0000303415987,BANCA DI CREDITO COOPERATIVO VALDOSTANA - COOPERATIVE DE CREDIT VALDOTAINE - SOCIETA' COOPERATIVA,Entidad de crédito,"VIA TAXEL, 26",GRESSAN,Valle d'Aosta/Vallée d'Aoste,IT,45.6130802,7.8086624
IT0000303415987,BANCA DI CREDITO COOPERATIVO VALDOSTANA - COOPERATIVE DE CREDIT VALDOTAINE - SOCIETA' COOPERATIVA,Entidad de crédito,"VIA TAXEL, 26",GRESSAN,Valle d'Aosta/Vallée d'Aoste,IT,45.7280909,7.3571974
IT0000303415987,BANCA DI CREDITO COOPERATIVO VALDOSTANA - COOPERATIVE DE CREDIT VALDOTAINE - SOCIETA' COOPERATIVA,Entidad de crédito,"VIA TAXEL, 26",GRESSAN,Valle d'Aosta/Vallée d'Aoste,IT,45.6063883,7.687618
IT0000303415987,BANCA DI CREDITO COOPERATIVO VALDOSTANA - COOPERATIVE DE CREDIT VALDOTAINE - SOCIETA' COOPERATIVA,Entidad de crédito,"VIA TAXEL, 26",GRESSAN,Valle d'Aosta/Vallée d'Aoste,IT,45.7406777,7.415603
IT0000303415987,BANCA DI CREDITO COOPERATIVO VALDOSTANA - COOPERATIVE DE CREDIT VALDOTAINE - SOCIETA' COOPERATIVA,Entidad de crédito,"VIA TAXEL, 26",GRESSAN,Valle d'Aosta/Vallée d'Aoste,IT,45.7483467,7.3577772
IT0000303415987,BANCA DI CREDITO COOPERATIVO VALDOSTANA - COOPERATIVE DE CREDIT VALDOTAINE - SOCIETA' COOPERATIVA,Entidad de crédito,"VIA TAXEL, 26",GRESSAN,Valle d'Aosta/Vallée d'Aoste,IT,45.7312801,7.4445077
IT0000303415987,BANCA DI CREDITO COOPERATIVO VALDOSTANA - COOPERATIVE DE CREDIT VALDOTAINE - SOCIETA' COOPERATIVA,Entidad de crédito,"VIA TAXEL, 26",GRESSAN,Valle d'Aosta/Vallée d'Aoste,IT,45.8014084,7.5705222
IT0000303415987,BANCA DI CREDITO COOPERATIVO VALDOSTANA - COOPERATIVE DE CREDIT VALDOTAINE - SOCIETA' COOPERATIVA,Entidad de crédito,"VIA TAXEL, 26",GRESSAN,Valle d'Aosta/Vallée d'Aoste,IT,45.7616751,7.5323182
IT0000643851562,BANCA DI CREDITO COOPERATIVO VALLE DEL TORTO - SOCIETA' COOPERATIVA,Entidad de crédito,"PIAZZA DUOMO, 4",LERCARA FRIDDI,Sicilia,IT,37.7476139,13.6029841
IT0000288750455,BANCA DI CREDITO COOPERATIVO VENEZIA GIULIA SOCIETA¿ COOPERATIVA,Entidad de crédito,"VIA ROMA, 20",TRIESTE,Friuli-Venezia Giulia,IT,45.6494502,13.7684078
IT0000442868399,BANCA DI CREDITO COOPERATIVO VICENTINO - POJANA MAGGIORE (VICENZA) - SOCIETA' COOPERATIVA,Entidad de crédito,"VIA MATTEOTTI, 47",POJANA MAGGIORE,Veneto,IT,45.2920721,11.5013277
IT0000588649769,BANCA DI FILOTTRANO - CREDITO COOPERATIVO DI FILOTTRANO E CAMERANO - SOCIETA' COOPERATIVA,Entidad de crédito,"PIAZZA GARIBALDI, 26",FILOTTRANO,Marche,IT,43.4357296,13.3512697
IT0000103420796,BANCA DI IMOLA S.P.A.,Entidad de crédito,"VIA EMILIA, 196",IMOLA,Emilia-Romagna,IT,44.3530613,11.7141186
IT0000643855945,BANCA DI PESARO CREDITO COOPERATIVO - SOCIETA' COOPERATIVA,Entidad de crédito,VIA FRATELLI CERVI,PESARO,Marche,IT,43.9101021,12.9133947
IT0000175439195,BANCA DI PESCIA E CASCINA - CREDITO COOPERATIVO - SOCIETA' COOPERATIVA,Entidad de crédito,"VIA ALBERGHI, 26",PESCIA,Toscana,IT,43.9043151,10.6889004
IT0000122257446,BANCA DI PIACENZA - SOCIETA' COOPERATIVA PER AZIONI,Entidad de crédito,"VIA MAZZINI, 20",PIACENZA,Emilia-Romagna,IT,45.0519613,9.6926721
IT0000660334818,BANCA DI RIPATRANSONE E DEL FERMANO - CREDITO COOPERATIVO - SOCIETA' COOPERATIVA,Entidad de crédito,"CORSO VITTORIO EMANUELE, 45",RIPATRANSONE,Marche,IT,43.0002558,13.7625897
IT0000393168566,BANCA DI SCONTO S.P.A.,Entidad de crédito,"VIA VENTI SETTEMBRE, 30",ROMA,Lazio,IT,41.892984,12.4835363
IT0000171702348,BANCA DI UDINE CREDITO COOPERATIVO - SOCIETA' COOPERATIVA,Entidad de crédito,"VIALE TRICESIMO, 85",UDINE,Friuli-Venezia Giulia,IT,46.0633481,13.2354304
IT0000171446356,BANCA DON RIZZO - CREDITO COOPERATIVO DELLA SICILIA OCCIDENTALE - SOCIETA' COOPERATIVA,Entidad de crédito,"VIA VITTORIO EMANUELE II, 15/17",ALCAMO,Sicilia,IT,37.9802778,12.9646022
IT0002132627363,BANCA FINANZIARIA INTERNAZIONALE S.P.A. IN BREVE BANCA FININT S.P.A.,Entidad de crédito,"VIA VITTORIO ALFIERI, 1",CONEGLIANO,Veneto,IT,45.887159,12.2976689
IT0000100008675,BANCA FINNAT EURAMERICA S.P.A. (IN FORMA ABBREVIATA BANCA FINNAT S.P.A. OVVERO BANCA EURAMERICA S.P.A.),Entidad de crédito,"PIAZZA DEL GESU', 49",ROMA,Lazio,IT,41.892984,12.4835363
IT0000835701279,BANCA GENERALI - SOCIETA' PER AZIONI (IN FORMA ABBREVIATA GENERBANCA),Entidad de crédito,"VIA MACHIAVELLI, 4",TRIESTE,Friuli-Venezia Giulia,IT,45.6494502,13.7684078
IT0000491993001,BANCA IFIGEST - S.P.A.,Entidad de crédito,"PIAZZA DI SANTA MARIA SOPRARNO, 1",FIRENZE,Toscana,IT,43.7692262,11.2566059
IT0000374287291,BANCA IFIS S.P.A. (OVVERO IFIS BANCA S.P.A. O IN FORMA ABBREVIATA IFIS S.P.A.),Entidad de crédito,"VIA TERRAGLIO, 63",VENEZIA,Veneto,IT,45.4349413,12.3384837
IT0000300865080,BANCA INVESTIS S.P.A.,Entidad de crédito,"VIA SAN DALMAZZO, 15",TORINO,Piemonte,IT,45.0732891,7.6806958
IT0000108813244,BANCA ITALIANA PER L' AMBIENTE E PER L' ENERGIA S.P.A. (IN BREVE BIAE S.P.A.),Entidad de crédito,"VIA TOMACELLI, 107",ROMA,Lazio,IT,41.892984,12.4835363
IT0000739638600,BANCA LAZIO NORD CREDITO COOPERATIVO - SOCIETA' COOPERATIVA PER AZIONI,Entidad de crédito,"VIA ALESSANDRO POLIDORI, 72",VITERBO,Lazio,IT,42.416936,12.1044977
IT0002644847750,BANCA MACERATA S.P.A. (IN FORMA ABBREVIATA BPRM S.P.A.),Entidad de crédito,"CONTRADA ACQUEVIVE, 20/A",MACERATA,Marche,IT,43.3002171,13.4531221
IT0001825324407,BANCA MALATESTIANA - CREDITO COOPERATIVO - SOCIETA' COOPERATIVA,Entidad de crédito,"VIA XX SETTEMBRE, 63 - PALAZZO GHETTI",RIMINI,Emilia-Romagna,IT,44.0608208,12.5652307
IT0000217472416,BANCA MEDIOLANUM S.P.A.,Entidad de crédito,VIA ENNIO DORIS - PALAZZO MEUCCI,BASIGLIO,Lombardia,IT,45.3615688,9.1579832
IT0000203426147,BANCA MONTE DEI PASCHI DI SIENA S.P.A.,Entidad de crédito,"PIAZZA SALIMBENI, 3",SIENA,Toscana,IT,43.3180049,11.3320017
IT0000300564369,"BANCA MONTE PRUNO - CREDITO COOPERATIVO DI FISCIANO, ROSCIGNO E LAURINO- SOCIETA' COOPERATIVA",Entidad de crédito,VIA IV NOVEMBRE,ROSCIGNO,Campania,IT,40.4427014,15.2532326
IT0000300564369,"BANCA MONTE PRUNO - CREDITO COOPERATIVO DI FISCIANO, ROSCIGNO E LAURINO- SOCIETA' COOPERATIVA",Entidad de crédito,VIA IV NOVEMBRE,ROSCIGNO,Campania,IT,40.4232128,15.3118824
IT0000300564369,"BANCA MONTE PRUNO - CREDITO COOPERATIVO DI FISCIANO, ROSCIGNO E LAURINO- SOCIETA' COOPERATIVA",Entidad de crédito,VIA IV NOVEMBRE,ROSCIGNO,Campania,IT,40.4950065,15.2314358
IT0000300564369,"BANCA MONTE PRUNO - CREDITO COOPERATIVO DI FISCIANO, ROSCIGNO E LAURINO- SOCIETA' COOPERATIVA",Entidad de crédito,VIA IV NOVEMBRE,ROSCIGNO,Campania,IT,40.8184113,15.3209772
IT0000300564369,"BANCA MONTE PRUNO - CREDITO COOPERATIVO DI FISCIANO, ROSCIGNO E LAURINO- SOCIETA' COOPERATIVA",Entidad de crédito,VIA IV NOVEMBRE,ROSCIGNO,Campania,IT,40.7251108,15.2935584
IT0000300564369,"BANCA MONTE PRUNO - CREDITO COOPERATIVO DI FISCIANO, ROSCIGNO E LAURINO- SOCIETA' COOPERATIVA",Entidad de crédito,VIA IV NOVEMBRE,ROSCIGNO,Campania,IT,40.509728,15.2047396
IT0000300564369,"BANCA MONTE PRUNO - CREDITO COOPERATIVO DI FISCIANO, ROSCIGNO E LAURINO- SOCIETA' COOPERATIVA",Entidad de crédito,VIA IV NOVEMBRE,ROSCIGNO,Campania,IT,40.4362023,15.381135
IT0000300564369,"BANCA MONTE PRUNO - CREDITO COOPERATIVO DI FISCIANO, ROSCIGNO E LAURINO- SOCIETA' COOPERATIVA",Entidad de crédito,VIA IV NOVEMBRE,ROSCIGNO,Campania,IT,40.7845707,15.305061
IT0000300564369,"BANCA MONTE PRUNO - CREDITO COOPERATIVO DI FISCIANO, ROSCIGNO E LAURINO- SOCIETA' COOPERATIVA",Entidad de crédito,VIA IV NOVEMBRE,ROSCIGNO,Campania,IT,40.6895801,15.2313348
IT0000300564369,"BANCA MONTE PRUNO - CREDITO COOPERATIVO DI FISCIANO, ROSCIGNO E LAURINO- SOCIETA' COOPERATIVA",Entidad de crédito,VIA IV NOVEMBRE,ROSCIGNO,Campania,IT,40.4632838,15.3154119
IT0000300564369,"BANCA MONTE PRUNO - CREDITO COOPERATIVO DI FISCIANO, ROSCIGNO E LAURINO- SOCIETA' COOPERATIVA",Entidad de crédito,VIA IV NOVEMBRE,ROSCIGNO,Campania,IT,40.6600363,15.2917294
IT0000300564369,"BANCA MONTE PRUNO - CREDITO COOPERATIVO DI FISCIANO, ROSCIGNO E LAURINO- SOCIETA' COOPERATIVA",Entidad de crédito,VIA IV NOVEMBRE,ROSCIGNO,Campania,IT,40.5327644,15.374138
IT0000300564369,"BANCA MONTE PRUNO - CREDITO COOPERATIVO DI FISCIANO, ROSCIGNO E LAURINO- SOCIETA' COOPERATIVA",Entidad de crédito,VIA IV NOVEMBRE,ROSCIGNO,Campania,IT,40.6692448,15.4827838
IT0000300564369,"BANCA MONTE PRUNO - CREDITO COOPERATIVO DI FISCIANO, ROSCIGNO E LAURINO- SOCIETA' COOPERATIVA",Entidad de crédito,VIA IV NOVEMBRE,ROSCIGNO,Campania,IT,40.6276836,15.4366169
IT0000300564369,"BANCA MONTE PRUNO - CREDITO COOPERATIVO DI FISCIANO, ROSCIGNO E LAURINO- SOCIETA' COOPERATIVA",Entidad de crédito,VIA IV NOVEMBRE,ROSCIGNO,Campania,IT,40.3991358,15.3463772
IT0000300564369,"BANCA MONTE PRUNO - CREDITO COOPERATIVO DI FISCIANO, ROSCIGNO E LAURINO- SOCIETA' COOPERATIVA",Entidad de crédito,VIA IV NOVEMBRE,ROSCIGNO,Campania,IT,40.5920335,15.4595643
IT0000300564369,"BANCA MONTE PRUNO - CREDITO COOPERATIVO DI FISCIANO, ROSCIGNO E LAURINO- SOCIETA' COOPERATIVA",Entidad de crédito,VIA IV NOVEMBRE,ROSCIGNO,Campania,IT,40.6561875,15.4035874
IT0000300564369,"BANCA MONTE PRUNO - CREDITO COOPERATIVO DI FISCIANO, ROSCIGNO E LAURINO- SOCIETA' COOPERATIVA",Entidad de crédito,VIA IV NOVEMBRE,ROSCIGNO,Campania,IT,40.8070189,15.3202132
IT0000300564369,"BANCA MONTE PRUNO - CREDITO COOPERATIVO DI FISCIANO, ROSCIGNO E LAURINO- SOCIETA' COOPERATIVA",Entidad de crédito,VIA IV NOVEMBRE,ROSCIGNO,Campania,IT,40.737066,15.2710193
IT0000643841184,BANCA MONTEPAONE - CREDITO COOPERATIVO - SOCIETA' COOPERATIVA,Entidad de crédito,"VIA PADRE PIO, 27",MONTEPAONE,Calabria,IT,38.6812468,16.4358663
IT0000643841184,BANCA MONTEPAONE - CREDITO COOPERATIVO - SOCIETA' COOPERATIVA,Entidad de crédito,"VIA PADRE PIO, 27",MONTEPAONE,Calabria,IT,38.5681969,16.52594
IT0000643841184,BANCA MONTEPAONE - CREDITO COOPERATIVO - SOCIETA' COOPERATIVA,Entidad de crédito,"VIA PADRE PIO, 27",MONTEPAONE,Calabria,IT,38.648364,16.4877257
IT0000643841184,BANCA MONTEPAONE - CREDITO COOPERATIVO - SOCIETA' COOPERATIVA,Entidad de crédito,"VIA PADRE PIO, 27",MONTEPAONE,Calabria,IT,38.6767734,16.462763
IT0000643841184,BANCA MONTEPAONE - CREDITO COOPERATIVO - SOCIETA' COOPERATIVA,Entidad de crédito,"VIA PADRE PIO, 27",MONTEPAONE,Calabria,IT,38.7389527,16.5093068
IT0000643841184,BANCA MONTEPAONE - CREDITO COOPERATIVO - SOCIETA' COOPERATIVA,Entidad de crédito,"VIA PADRE PIO, 27",MONTEPAONE,Calabria,IT,38.6006511,16.5196552
IT0000643841184,BANCA MONTEPAONE - CREDITO COOPERATIVO - SOCIETA' COOPERATIVA,Entidad de crédito,"VIA PADRE PIO, 27",MONTEPAONE,Calabria,IT,38.7489855,16.5108797
IT0000643841184,BANCA MONTEPAONE - CREDITO COOPERATIVO - SOCIETA' COOPERATIVA,Entidad de crédito,"VIA PADRE PIO, 27",MONTEPAONE,Calabria,IT,38.7222588,16.4970878
IT0000643841184,BANCA MONTEPAONE - CREDITO COOPERATIVO - SOCIETA' COOPERATIVA,Entidad de crédito,"VIA PADRE PIO, 27",MONTEPAONE,Calabria,IT,38.7007447,16.4739675
IT0000643841184,BANCA MONTEPAONE - CREDITO COOPERATIVO - SOCIETA' COOPERATIVA,Entidad de crédito,"VIA PADRE PIO, 27",MONTEPAONE,Calabria,IT,38.6376027,16.4857933
IT0000643841184,BANCA MONTEPAONE - CREDITO COOPERATIVO - SOCIETA' COOPERATIVA,Entidad de crédito,"VIA PADRE PIO, 27",MONTEPAONE,Calabria,IT,38.5334334,16.520887
IT0000643841184,BANCA MONTEPAONE - CREDITO COOPERATIVO - SOCIETA' COOPERATIVA,Entidad de crédito,"VIA PADRE PIO, 27",MONTEPAONE,Calabria,IT,38.6231133,16.528613
IT0000643841184,BANCA MONTEPAONE - CREDITO COOPERATIVO - SOCIETA' COOPERATIVA,Entidad de crédito,"VIA PADRE PIO, 27",MONTEPAONE,Calabria,IT,38.6685722,16.4835921
IT0000643841184,BANCA MONTEPAONE - CREDITO COOPERATIVO - SOCIETA' COOPERATIVA,Entidad de crédito,"VIA PADRE PIO, 27",MONTEPAONE,Calabria,IT,38.6515486,16.3722861
IT0002733874564,BANCA NAZIONALE DEL LAVORO S.P.A. (IN FORMA CONTRATTA BNL S.P.A.),Entidad de crédito,"VIALE ALTIERO SPINELLI, 30",ROMA,Lazio,IT,41.892984,12.4835363
IT0000102484742,BANCA PASSADORE & C. S.P.A.,Entidad de crédito,"VIA ETTORE VERNAZZA, 27",GENOVA,Liguria,IT,44.4114928,8.9326876
IT0001782075931,BANCA PATRIMONI SELLA & C. S.P.A. (IN SIGLA BPS S.P.A.),Entidad de crédito,"VIA LAGRANGE, 20",TORINO,,IT,,
IT0000207618963,BANCA PER IL TRENTINO ALTO ADIGE - BANK FÜR TRENTINO-SÜDTIROL - CREDITO COOPERATIVO ITALIANO SOCIETA' COOPERATIVA,Entidad de crédito,"VIA BELENZANI, 12",TRENTO,Trentino-Alto Adige/Südtirol,IT,46.0691811,11.1218349
IT0000861743492,BANCA POPOLARE COMMERCIALE SOCIETÀ PER AZIONI,Entidad de crédito,"VIA BRACCO, 31/35",NAPOLI,Campania,IT,40.8400998,14.2500966
IT0000104593032,BANCA POPOLARE DEL CASSINATE SOCIETA' COOPERATIVA PER AZIONI,Entidad de crédito,"PIAZZA ARMANDO DIAZ, 14",CASSINO,Lazio,IT,41.4927017,13.8305219
IT0000842686899,BANCA POPOLARE DEL FRUSINATE SOCIETA' COOPERATIVA PER AZIONI,Entidad de crédito,"PIAZZALE DE MATTHAEIS, 55",FROSINONE,Lazio,IT,41.6392366,13.3505701
IT0000049355813,BANCA POPOLARE DEL LAZIO SOCIETA' COOPERATIVA,Entidad de crédito,"VIA MARTIRI DELLE FOSSE ARDEATINE, 9",VELLETRI,Lazio,IT,41.6866627,12.7773485
IT0000102755844,BANCA POPOLARE DELL'ALTO ADIGE SOCIETA' PER AZIONI (IN TEDESCO SUDTIROLER VOLKSBANK A.G.),Entidad de crédito,"VIA DEL MACELLO, 55",BOLZANO-BOZEN,Trentino-Alto Adige/Südtirol,IT,46.4990522,11.3563105
IT0002720455682,BANCA POPOLARE DELLE PROVINCE MOLISANE - SOCIETA' COOPERATIVA PER AZIONI,Entidad de crédito,"VIA INSORTI D'UNGHERIA, 30",CAMPOBASSO,Molise,IT,41.5875657,14.2260998
IT0000111060517,BANCA POPOLARE DI CORTONA - SOCIETA' COOPERATIVA PER AZIONI,Entidad de crédito,"VIA GUELFA, 4",CORTONA,Toscana,IT,43.2750456,11.9851382
IT0000104617709,BANCA POPOLARE DI FONDI - SOCIETA' COOPERATIVA,Entidad de crédito,"VIA APPIA KM. 118,600",FONDI,Lazio,IT,41.3561734,13.4317348
IT0000474312425,BANCA POPOLARE DI LAJATICO SOCIETA' COOPERATIVA PER AZIONI,Entidad de crédito,"VIA GUELFI, 2",LAJATICO,Toscana,IT,43.475048,10.7285299
IT0000474312425,BANCA POPOLARE DI LAJATICO SOCIETA' COOPERATIVA PER AZIONI,Entidad de crédito,"VIA GUELFI, 2",LAJATICO,Toscana,IT,43.5247319,10.6762613
IT0000178909225,BANCA POPOLARE DI PUGLIA E BASILICATA - SOCIETA' COOPERATIVA PER AZIONI,Entidad de crédito,VIA OTTAVIO SERENA 13,ALTAMURA,Puglia,IT,40.8284111,16.5523558
IT0000102341108,BANCA POPOLARE DI SONDRIO SOCIETA' PER AZIONI,Entidad de crédito,"PIAZZA GARIBALDI, 16",SONDRIO,Lombardia,IT,46.1709959,9.8712633
IT0001210299538,BANCA POPOLARE ETICA - SOCIETA' COOPERATIVA PER AZIONI (IN FORMA ABBREVIATA BANCA ETICA O BPE),Entidad de crédito,"VIA NICCOLO' TOMMASEO, 7",PADOVA,Veneto,IT,45.40702,11.876346
IT0000014665564,BANCA POPOLARE PUGLIESE - SOCIETA' COOPERATIVA PER AZIONI,Entidad de crédito,"VIA PROV.LE PER MATINO, 5",PARABITA,Puglia,IT,40.0489353,18.1257791
IT0000377915142,BANCA PREALPI SANBIAGIO CREDITO COOPERATIVO - SOCIETA' COOPERATIVA,Entidad de crédito,"VIA LA CORONA, 45",TARZO,Veneto,IT,45.9253601,12.2079595
IT0000377915142,BANCA PREALPI SANBIAGIO CREDITO COOPERATIVO - SOCIETA' COOPERATIVA,Entidad de crédito,"VIA LA CORONA, 45",TARZO,Veneto,IT,45.9869862,12.2187601
IT0000377915142,BANCA PREALPI SANBIAGIO CREDITO COOPERATIVO - SOCIETA' COOPERATIVA,Entidad de crédito,"VIA LA CORONA, 45",TARZO,Veneto,IT,45.9211646,12.3580363
IT0000377915142,BANCA PREALPI SANBIAGIO CREDITO COOPERATIVO - SOCIETA' COOPERATIVA,Entidad de crédito,"VIA LA CORONA, 45",TARZO,Veneto,IT,45.9130645,12.2508368
IT0000377915142,BANCA PREALPI SANBIAGIO CREDITO COOPERATIVO - SOCIETA' COOPERATIVA,Entidad de crédito,"VIA LA CORONA, 45",TARZO,Veneto,IT,45.7913673,12.3944202
IT0000377915142,BANCA PREALPI SANBIAGIO CREDITO COOPERATIVO - SOCIETA' COOPERATIVA,Entidad de crédito,"VIA LA CORONA, 45",TARZO,Veneto,IT,45.8914139,12.3389811
IT0000377915142,BANCA PREALPI SANBIAGIO CREDITO COOPERATIVO - SOCIETA' COOPERATIVA,Entidad de crédito,"VIA LA CORONA, 45",TARZO,Veneto,IT,45.7787833,11.8399672
IT0000377915142,BANCA PREALPI SANBIAGIO CREDITO COOPERATIVO - SOCIETA' COOPERATIVA,Entidad de crédito,"VIA LA CORONA, 45",TARZO,Veneto,IT,45.8725267,12.1319975
IT0000377915142,BANCA PREALPI SANBIAGIO CREDITO COOPERATIVO - SOCIETA' COOPERATIVA,Entidad de crédito,"VIA LA CORONA, 45",TARZO,Veneto,IT,45.9733053,12.2321836
IT0000377915142,BANCA PREALPI SANBIAGIO CREDITO COOPERATIVO - SOCIETA' COOPERATIVA,Entidad de crédito,"VIA LA CORONA, 45",TARZO,Veneto,IT,45.8616008,12.0398381
IT0000377915142,BANCA PREALPI SANBIAGIO CREDITO COOPERATIVO - SOCIETA' COOPERATIVA,Entidad de crédito,"VIA LA CORONA, 45",TARZO,Veneto,IT,45.7129407,12.2600954
IT0000501174720,BANCA PRIVATA LEASING S.P.A.,Entidad de crédito,VIA P.CASTALDI DA FELTRE 1/A,REGGIO NELL'EMILIA,Emilia-Romagna,IT,44.6971946,10.6303573
IT0000710833803,BANCA PROFILO S.P.A. (OVVERO PROFILOBANK S.P.A.),Entidad de crédito,"VIA CERVA, 28",MILANO,Lombardia,IT,45.466647,9.1906475
IT0001124022432,BANCA PROGETTO S.P.A. IN A.S.,Entidad de crédito,VIA BOCCHETTO 6,MILANO,Lombardia,IT,45.466647,9.1906475
IT0001060139989,BANCA PROMOS S.P.A.,Entidad de crédito,"VIALE GRAMSCI, 19",NAPOLI,,IT,,
IT0001482552680,BANCA REALE S.P.A.,Entidad de crédito,"CORSO SICCARDI, 13",TORINO,Piemonte,IT,45.0732891,7.6806958
IT0000331671076,BANCA SAN FRANCESCO CREDITO COOPERATIVO - SOCIETA' COOPERATIVA,Entidad de crédito,"VIALE REGINA MARGHERITA, 63/65",CANICATTI',Sicilia,IT,37.3584387,13.8498168
IT0000399804122,BANCA SANTA GIULIA S.P.A.,Entidad de crédito,"VIA QUARTIERI, 39",CHIARI,Lombardia,IT,45.5372504,9.9315476
IT0002489834883,BANCA SELLA - S.P.A.,Entidad de crédito,"PIAZZA GAUDENZIO SELLA, 1",BIELLA,Piemonte,IT,45.5665653,8.0538009
IT0000861613790,BANCA SELLA HOLDING S.P.A.,Entidad de crédito,"PIAZZA GAUDENZIO SELLA, 1",BIELLA,Piemonte,IT,45.5665653,8.0538009
IT0001944096524,BANCA SIMETICA S.P.A.,Entidad de crédito,"VIA C. CROSA, 3/C",BIELLA,Piemonte,IT,45.5665653,8.0538009
IT0001498109053,BANCA SISTEMA S.P.A.,Entidad de crédito,LARGO AUGUSTO 1/A,MILANO,Lombardia,IT,45.466647,9.1906475
IT0000279656075,BANCA STABIESE - S.P.A.,Entidad de crédito,"VIA ETTORE TITO, 1",CASTELLAMMARE DI STABIA,Campania,IT,40.6945288,14.4803261
IT0000643856028,BANCA TERRITORI DEL MONVISO - CREDITO COOPERATIVO DI CASALGRASSO E SANT'ALBANO STURA SOCIETA' COOPERATIVA,Entidad de crédito,"VIA VALLAURI, 24",SANT'ALBANO STURA,Piemonte,IT,44.7586894,7.9155818
IT0000643856028,BANCA TERRITORI DEL MONVISO - CREDITO COOPERATIVO DI CASALGRASSO E SANT'ALBANO STURA SOCIETA' COOPERATIVA,Entidad de crédito,"VIA VALLAURI, 24",SANT'ALBANO STURA,Piemonte,IT,44.4441955,7.6390663
IT0000643856028,BANCA TERRITORI DEL MONVISO - CREDITO COOPERATIVO DI CASALGRASSO E SANT'ALBANO STURA SOCIETA' COOPERATIVA,Entidad de crédito,"VIA VALLAURI, 24",SANT'ALBANO STURA,Piemonte,IT,44.7994688,7.8206197
IT0000643856028,BANCA TERRITORI DEL MONVISO - CREDITO COOPERATIVO DI CASALGRASSO E SANT'ALBANO STURA SOCIETA' COOPERATIVA,Entidad de crédito,"VIA VALLAURI, 24",SANT'ALBANO STURA,Piemonte,IT,44.6346754,7.7931627
IT0000643856028,BANCA TERRITORI DEL MONVISO - CREDITO COOPERATIVO DI CASALGRASSO E SANT'ALBANO STURA SOCIETA' COOPERATIVA,Entidad de crédito,"VIA VALLAURI, 24",SANT'ALBANO STURA,Piemonte,IT,44.7354899,7.9613258
IT0000643856028,BANCA TERRITORI DEL MONVISO - CREDITO COOPERATIVO DI CASALGRASSO E SANT'ALBANO STURA SOCIETA' COOPERATIVA,Entidad de crédito,"VIA VALLAURI, 24",SANT'ALBANO STURA,Piemonte,IT,44.5879574,7.6626001
IT0000643856028,BANCA TERRITORI DEL MONVISO - CREDITO COOPERATIVO DI CASALGRASSO E SANT'ALBANO STURA SOCIETA' COOPERATIVA,Entidad de crédito,"VIA VALLAURI, 24",SANT'ALBANO STURA,Piemonte,IT,44.8046803,8.0998171
IT0000643856028,BANCA TERRITORI DEL MONVISO - CREDITO COOPERATIVO DI CASALGRASSO E SANT'ALBANO STURA SOCIETA' COOPERATIVA,Entidad de crédito,"VIA VALLAURI, 24",SANT'ALBANO STURA,Piemonte,IT,44.4025411,7.6868558
IT0000643856028,BANCA TERRITORI DEL MONVISO - CREDITO COOPERATIVO DI CASALGRASSO E SANT'ALBANO STURA SOCIETA' COOPERATIVA,Entidad de crédito,"VIA VALLAURI, 24",SANT'ALBANO STURA,Piemonte,IT,44.7686105,7.9244268
IT0000643856028,BANCA TERRITORI DEL MONVISO - CREDITO COOPERATIVO DI CASALGRASSO E SANT'ALBANO STURA SOCIETA' COOPERATIVA,Entidad de crédito,"VIA VALLAURI, 24",SANT'ALBANO STURA,Piemonte,IT,44.4619525,7.6655978
IT0000643856028,BANCA TERRITORI DEL MONVISO - CREDITO COOPERATIVO DI CASALGRASSO E SANT'ALBANO STURA SOCIETA' COOPERATIVA,Entidad de crédito,"VIA VALLAURI, 24",SANT'ALBANO STURA,Piemonte,IT,44.7802231,7.9309261
IT0000643856028,BANCA TERRITORI DEL MONVISO - CREDITO COOPERATIVO DI CASALGRASSO E SANT'ALBANO STURA SOCIETA' COOPERATIVA,Entidad de crédito,"VIA VALLAURI, 24",SANT'ALBANO STURA,Piemonte,IT,44.4230516,7.7104388
IT0000643856028,BANCA TERRITORI DEL MONVISO - CREDITO COOPERATIVO DI CASALGRASSO E SANT'ALBANO STURA SOCIETA' COOPERATIVA,Entidad de crédito,"VIA VALLAURI, 24",SANT'ALBANO STURA,Piemonte,IT,44.7349155,7.9786686
IT0000643856028,BANCA TERRITORI DEL MONVISO - CREDITO COOPERATIVO DI CASALGRASSO E SANT'ALBANO STURA SOCIETA' COOPERATIVA,Entidad de crédito,"VIA VALLAURI, 24",SANT'ALBANO STURA,Piemonte,IT,44.7907593,8.0622058
IT0000643856028,BANCA TERRITORI DEL MONVISO - CREDITO COOPERATIVO DI CASALGRASSO E SANT'ALBANO STURA SOCIETA' COOPERATIVA,Entidad de crédito,"VIA VALLAURI, 24",SANT'ALBANO STURA,Piemonte,IT,44.5781748,7.7921823
IT0000643856028,BANCA TERRITORI DEL MONVISO - CREDITO COOPERATIVO DI CASALGRASSO E SANT'ALBANO STURA SOCIETA' COOPERATIVA,Entidad de crédito,"VIA VALLAURI, 24",SANT'ALBANO STURA,Piemonte,IT,44.7522504,7.8035792
IT0000643856028,BANCA TERRITORI DEL MONVISO - CREDITO COOPERATIVO DI CASALGRASSO E SANT'ALBANO STURA SOCIETA' COOPERATIVA,Entidad de crédito,"VIA VALLAURI, 24",SANT'ALBANO STURA,Piemonte,IT,44.5099835,7.7209801
IT0000643856028,BANCA TERRITORI DEL MONVISO - CREDITO COOPERATIVO DI CASALGRASSO E SANT'ALBANO STURA SOCIETA' COOPERATIVA,Entidad de crédito,"VIA VALLAURI, 24",SANT'ALBANO STURA,Piemonte,IT,44.7887546,7.9398823
IT0000643856028,BANCA TERRITORI DEL MONVISO - CREDITO COOPERATIVO DI CASALGRASSO E SANT'ALBANO STURA SOCIETA' COOPERATIVA,Entidad de crédito,"VIA VALLAURI, 24",SANT'ALBANO STURA,Piemonte,IT,44.7430802,7.9052119
IT0000643856028,BANCA TERRITORI DEL MONVISO - CREDITO COOPERATIVO DI CASALGRASSO E SANT'ALBANO STURA SOCIETA' COOPERATIVA,Entidad de crédito,"VIA VALLAURI, 24",SANT'ALBANO STURA,Piemonte,IT,44.7634856,7.9935733
IT0004082678137,BANCA TRANSILVANIA S.A.,Entidad de crédito,VIA BALDO DEGLI UBALDI 184/B,ROMA,Lazio,IT,41.892984,12.4835363
IT0000161613905,BANCA UBAE S.P.A.,Entidad de crédito,"VIA QUINTINO SELLA, 2",ROMA,Lazio,IT,41.892984,12.4835363
IT0000100777748,BANCA VALSABBINA SOCIETA' COOPERATIVA PER AZIONI (IN BREVE LA VALSABBINA),Entidad de crédito,"VIA MOLINO, 4",VESTONE,Lombardia,IT,45.7520223,10.3730915
IT0000100777748,BANCA VALSABBINA SOCIETA' COOPERATIVA PER AZIONI (IN BREVE LA VALSABBINA),Entidad de crédito,"VIA MOLINO, 4",VESTONE,Lombardia,IT,45.7099674,10.404313
IT0000140217453,BANCA VERONESE CREDITO COOPERATIVO DI CONCAMARISE SOCIETA' COOPERATIVA,Entidad de crédito,"VIA CAPITELLO, 36",BOVOLONE,Veneto,IT,45.2178721,11.2839776
IT0000140217453,BANCA VERONESE CREDITO COOPERATIVO DI CONCAMARISE SOCIETA' COOPERATIVA,Entidad de crédito,"VIA CAPITELLO, 36",BOVOLONE,Veneto,IT,45.3803532,11.2089989
IT0000140217453,BANCA VERONESE CREDITO COOPERATIVO DI CONCAMARISE SOCIETA' COOPERATIVA,Entidad de crédito,"VIA CAPITELLO, 36",BOVOLONE,Veneto,IT,45.2072746,11.1387413
IT0000140217453,BANCA VERONESE CREDITO COOPERATIVO DI CONCAMARISE SOCIETA' COOPERATIVA,Entidad de crédito,"VIA CAPITELLO, 36",BOVOLONE,Veneto,IT,45.2912675,11.1980509
IT0000140217453,BANCA VERONESE CREDITO COOPERATIVO DI CONCAMARISE SOCIETA' COOPERATIVA,Entidad de crédito,"VIA CAPITELLO, 36",BOVOLONE,Veneto,IT,45.3072778,11.1784606
IT0000140217453,BANCA VERONESE CREDITO COOPERATIVO DI CONCAMARISE SOCIETA' COOPERATIVA,Entidad de crédito,"VIA CAPITELLO, 36",BOVOLONE,Veneto,IT,45.3245958,11.1548079
IT0000140217453,BANCA VERONESE CREDITO COOPERATIVO DI CONCAMARISE SOCIETA' COOPERATIVA,Entidad de crédito,"VIA CAPITELLO, 36",BOVOLONE,Veneto,IT,45.2729034,11.2468901
IT0000140217453,BANCA VERONESE CREDITO COOPERATIVO DI CONCAMARISE SOCIETA' COOPERATIVA,Entidad de crédito,"VIA CAPITELLO, 36",BOVOLONE,Veneto,IT,45.2482909,11.2317448
IT0000145615260,BANCA VERSILIA LUNIGIANA E GARFAGNANA - CREDITO COOPERATIVO - SOCIETA' COOPERATIVA,Entidad de crédito,"VIA MAZZINI, 80",PIETRASANTA,Toscana,IT,43.9601265,10.2264924
IT0000353590749,BANCO BILBAO VIZCAYA ARGENTARIA S.A. (BBVA),Entidad de crédito,"CORSO VITTORIO EMANUELE II, 9",MILANO,Lombardia,IT,45.466647,9.1906475
IT0004566288250,BANCO BPM SOCIETA' PER AZIONI,Entidad de crédito,PIAZZA FILIPPO MEDA 4,MILANO,Lombardia,IT,45.466647,9.1906475
IT0000142803826,BANCO DI CREDITO P.AZZOAGLIO - S.P.A.,Entidad de crédito,"VIA ANDREA DORIA, 17",CEVA,Piemonte,IT,44.3861728,8.0351954
IT0000142803826,BANCO DI CREDITO P.AZZOAGLIO - S.P.A.,Entidad de crédito,"VIA ANDREA DORIA, 17",CEVA,Piemonte,IT,44.4171093,8.0225
IT0000101246006,BANCO DI DESIO E DELLA BRIANZA - SOCIETA' PER AZIONI,Entidad de crédito,"VIA ROVAGNATI, 1",DESIO,Lombardia,IT,45.6201246,9.2088272
IT0001884162755,BANCO DI LUCCA E DEL TIRRENO S.P.A. (IN FORMA ABBREVIATA BANCO DI LUCCA S.P.A.),Entidad de crédito,"VIALE AGOSTINO MARTI, 443",LUCCA,Toscana,IT,43.8442458,10.5015454
IT0000865027966,BANCO DI SARDEGNA S.P.A.,Entidad de crédito,"VIALE BONARIA, 33",CAGLIARI,Sardegna,IT,39.2152268,9.1106174
IT0004508296018,BANCO FIORENTINO - MUGELLO IMPRUNETA SIGNA - CREDITO COOPERATIVO - SOCIETA' COOPERATIVA,Entidad de crédito,"VIA VILLANI, 13",FIRENZUOLA,Toscana,IT,44.1182653,11.3780403
IT0000104539671,BANCO MARCHIGIANO CREDITO COOPERATIVO,Entidad de crédito,"VIALE MATTEOTTI, 8",CIVITANOVA MARCHE,Marche,IT,43.3068139,13.7283984
IT0003124616764,BANCO SANTANDER S.A.,Entidad de crédito,"VIA GAETANO DE CASTILLIA, 23",MILANO,Lombardia,IT,45.466647,9.1906475
IT0005654902998,BANK JULIUS BAER EUROPE S.A.,Entidad de crédito,CORSO DI PORTA NUOVA 3,MILANO,Lombardia,IT,45.466647,9.1906475
IT0004852322762,BANK OF AMERICA EUROPE DESIGNATED ACTIVITY COMPANY,Entidad de crédito,"VIA ALESSANDRO MANZONI, 5",MILANO,Lombardia,IT,45.466647,9.1906475
IT0001292854901,BANK OF CHINA LIMITED - FILIALE DI MILANO O IN FORMA ABBREVIATA BANK OF CHINA - FILIALE DI MILANO,Entidad de crédito,"VIA SANTA MARGHERITA, 14/16",MILANO,Lombardia,IT,45.466647,9.1906475
IT0004478287652,BANK OF COMMUNICATIONS (LUXEMBOURG) S.A.,Entidad de crédito,"PIAZZA BARBERINI, 52,",ROMA,Lazio,IT,41.892984,12.4835363
IT0003131651364,BANK PICTET & CIE (EUROPE) AG,Entidad de crédito,"CORSO VITTORIO EMANUELE II, 95",TORINO,Piemonte,IT,45.0732891,7.6806958
IT0000076665305,BANK SEPAH IN A.S.,Entidad de crédito,"VIA BARBERINI, 50",ROMA,Lazio,IT,41.892984,12.4835363
IT0003132877082,"BANQUE CHAABI DU MAROC - IN ABBREVIATO, B.C.D.M.",Entidad de crédito,"VIALE NAZARIO SAURO, 14",MILANO,Lombardia,IT,45.466647,9.1906475
IT0005371129895,BANQUE J. SAFRA SARASIN (LUXEMBOURG) SA,Entidad de crédito,VIA BIGLI 19,MILANO,Lombardia,IT,45.466647,9.1906475
IT0004847230518,BARCLAYS BANK IRELAND PUBLIC LIMITED COMPANY,Entidad de crédito,"VIA BROLETTO, 4",MILANO,Lombardia,IT,45.466647,9.1906475
IT0001052422427,BAYERISCHE LANDESBANK,Entidad de crédito,"VIA DELLA MOSCOVA, 3",MILANO,Lombardia,IT,45.466647,9.1906475
IT0000643851318,BCC BASILICATA - CREDITO COOPERATIVO DI LAURENZANA E COMUNI LUCANI - SOCIETA' COOPERATIVA,Entidad de crédito,"VIA S.S. 92, 50",LAURENZANA,Basilicata,IT,40.459088,15.9722019
IT0000643846620,BCC CALABRIA NORD - CREDITO COOPERATIVO,Entidad de crédito,PIAZZA GESU' MAESTRO N.1,VERBICARO,Calabria,IT,39.4945573,15.9541238
IT0000643846620,BCC CALABRIA NORD - CREDITO COOPERATIVO,Entidad de crédito,PIAZZA GESU' MAESTRO N.1,VERBICARO,Calabria,IT,39.9287312,15.8234411
IT0000643846620,BCC CALABRIA NORD - CREDITO COOPERATIVO,Entidad de crédito,PIAZZA GESU' MAESTRO N.1,VERBICARO,Calabria,IT,39.5853794,15.8988839
IT0000643846620,BCC CALABRIA NORD - CREDITO COOPERATIVO,Entidad de crédito,PIAZZA GESU' MAESTRO N.1,VERBICARO,Calabria,IT,39.6906566,15.8825065
IT0000643846620,BCC CALABRIA NORD - CREDITO COOPERATIVO,Entidad de crédito,PIAZZA GESU' MAESTRO N.1,VERBICARO,Calabria,IT,39.7244846,15.8523326
IT0000643846620,BCC CALABRIA NORD - CREDITO COOPERATIVO,Entidad de crédito,PIAZZA GESU' MAESTRO N.1,VERBICARO,Calabria,IT,39.4641026,15.9982188
IT0000643846620,BCC CALABRIA NORD - CREDITO COOPERATIVO,Entidad de crédito,PIAZZA GESU' MAESTRO N.1,VERBICARO,Calabria,IT,39.7155106,15.8506195
IT0000643846620,BCC CALABRIA NORD - CREDITO COOPERATIVO,Entidad de crédito,PIAZZA GESU' MAESTRO N.1,VERBICARO,Calabria,IT,39.8016634,15.910605
IT0000643846620,BCC CALABRIA NORD - CREDITO COOPERATIVO,Entidad de crédito,PIAZZA GESU' MAESTRO N.1,VERBICARO,Calabria,IT,39.8715022,15.9050614
IT0000643846620,BCC CALABRIA NORD - CREDITO COOPERATIVO,Entidad de crédito,PIAZZA GESU' MAESTRO N.1,VERBICARO,Calabria,IT,39.6050666,15.9125859
IT0000643846620,BCC CALABRIA NORD - CREDITO COOPERATIVO,Entidad de crédito,PIAZZA GESU' MAESTRO N.1,VERBICARO,Calabria,IT,39.846068,15.7930222
IT0000643846620,BCC CALABRIA NORD - CREDITO COOPERATIVO,Entidad de crédito,PIAZZA GESU' MAESTRO N.1,VERBICARO,Calabria,IT,39.8192687,15.8566303
IT0000643846620,BCC CALABRIA NORD - CREDITO COOPERATIVO,Entidad de crédito,PIAZZA GESU' MAESTRO N.1,VERBICARO,Calabria,IT,39.748866,15.8363084
IT0000643846620,BCC CALABRIA NORD - CREDITO COOPERATIVO,Entidad de crédito,PIAZZA GESU' MAESTRO N.1,VERBICARO,Calabria,IT,39.9424908,15.8056095
IT0000643846620,BCC CALABRIA NORD - CREDITO COOPERATIVO,Entidad de crédito,PIAZZA GESU' MAESTRO N.1,VERBICARO,Calabria,IT,39.7554374,15.9122955
IT0000739638038,BCC CAMPANIA CENTRO - CASSA RURALE ED ARTIGIANA - SOCIETA' COOPERATIVA,Entidad de crédito,"PIAZZA A. DE CURTIS, 1-2",BATTIPAGLIA,Campania,IT,40.6077244,14.9830424
IT0000564659589,"BCC DI ALBA, LANGHE, ROERO E DEL CANAVESE S.C.",Entidad de crédito,"VIA CAVOUR, 4",ALBA,Piemonte,IT,44.7010636,8.035865
IT0000103421451,BCC FELSINEA - BANCA DI CREDITO COOPERATIVO DAL1902 - SOCIETA' COOPERATIVA,Entidad de crédito,"VIA CADUTI DI SABBIUNO, 3",SAN LAZZARO DI SAVENA,Emilia-Romagna,IT,44.4704674,11.408055
IT0000103338052,BCC FINANCING S.P.A.,Entidad de crédito,"VIA AQUILEIA, 1",UDINE,Friuli-Venezia Giulia,IT,46.0633481,13.2354304
IT0000176947615,BCC LEASING S.P.A.,Entidad de crédito,"VIA LUCREZIA ROMANA, 41/47",ROMA,Lazio,IT,41.892984,12.4835363
IT0000441161686,BCC VENETA - CREDITO COOPERATIVO - SOCIETÀ COOPERATIVA,Entidad de crédito,"VIA PERLENA, 78",FARA VICENTINO,Veneto,IT,45.6122915,11.5005898
IT0000441161686,BCC VENETA - CREDITO COOPERATIVO - SOCIETÀ COOPERATIVA,Entidad de crédito,"VIA PERLENA, 78",FARA VICENTINO,Veneto,IT,45.7704785,11.460172
IT0000441161686,BCC VENETA - CREDITO COOPERATIVO - SOCIETÀ COOPERATIVA,Entidad de crédito,"VIA PERLENA, 78",FARA VICENTINO,Veneto,IT,45.7656354,11.5116068
IT0000441161686,BCC VENETA - CREDITO COOPERATIVO - SOCIETÀ COOPERATIVA,Entidad de crédito,"VIA PERLENA, 78",FARA VICENTINO,Veneto,IT,45.5851831,11.487533
IT0000441161686,BCC VENETA - CREDITO COOPERATIVO - SOCIETÀ COOPERATIVA,Entidad de crédito,"VIA PERLENA, 78",FARA VICENTINO,Veneto,IT,45.7403949,11.5473874
IT0000441161686,BCC VENETA - CREDITO COOPERATIVO - SOCIETÀ COOPERATIVA,Entidad de crédito,"VIA PERLENA, 78",FARA VICENTINO,Veneto,IT,45.7540807,11.5223689
IT0000441161686,BCC VENETA - CREDITO COOPERATIVO - SOCIETÀ COOPERATIVA,Entidad de crédito,"VIA PERLENA, 78",FARA VICENTINO,Veneto,IT,45.6634585,11.5614929
IT0000441161686,BCC VENETA - CREDITO COOPERATIVO - SOCIETÀ COOPERATIVA,Entidad de crédito,"VIA PERLENA, 78",FARA VICENTINO,Veneto,IT,45.6609341,11.3618731
IT0000441161686,BCC VENETA - CREDITO COOPERATIVO - SOCIETÀ COOPERATIVA,Entidad de crédito,"VIA PERLENA, 78",FARA VICENTINO,Veneto,IT,45.6816835,11.3760488
IT0000441161686,BCC VENETA - CREDITO COOPERATIVO - SOCIETÀ COOPERATIVA,Entidad de crédito,"VIA PERLENA, 78",FARA VICENTINO,Veneto,IT,45.7082008,11.5263699
IT0000441161686,BCC VENETA - CREDITO COOPERATIVO - SOCIETÀ COOPERATIVA,Entidad de crédito,"VIA PERLENA, 78",FARA VICENTINO,Veneto,IT,45.7410722,11.2603616
IT0000441161686,BCC VENETA - CREDITO COOPERATIVO - SOCIETÀ COOPERATIVA,Entidad de crédito,"VIA PERLENA, 78",FARA VICENTINO,Veneto,IT,45.6550004,11.493583
IT0000441161686,BCC VENETA - CREDITO COOPERATIVO - SOCIETÀ COOPERATIVA,Entidad de crédito,"VIA PERLENA, 78",FARA VICENTINO,Veneto,IT,45.7335946,11.5214183
IT0000105944149,BDM BANCA S.P.A.,Entidad de crédito,"CORSO CAVOUR, 19",BARI,Puglia,IT,41.1254785,16.8670863
IT0000532290354,BENE BANCA CREDITO COOPERATIVO DI BENE VAGIENNA (CUNEO) - SOCIETA' COOPERATIVA,Entidad de crédito,"PIAZZA BOTERO, 7",BENE VAGIENNA,Piemonte,IT,44.5451996,7.8328219
IT0000464876170,BFF BANK SPA,Entidad de crédito,"VIALE LODOVICO SCARAMPO, 15",MILANO,Lombardia,IT,45.466647,9.1906475
IT0001305100760,BHW BAUSPARKASSE AG,Entidad de crédito,"GALLERIA STELLA, 4",BOLZANO-BOZEN,Trentino-Alto Adige/Südtirol,IT,46.4990522,11.3563105
IT0000106722850,BIBANCA S.P.A.,Entidad de crédito,"VIALE MANCINI, 2",SASSARI,Sardegna,IT,40.7265233,8.5592613
IT0004126624548,BLU BANCA S.P.A.,Entidad de crédito,"VIALE DEL CARAVAGGIO,  N. 39",ROMA,Lazio,IT,41.892984,12.4835363
IT0004026460530,BMW BANK GMBH,Entidad de crédito,VIA DELL'UNIONE EUROPEA 4,SAN DONATO MILANESE,Lombardia,IT,45.4166884,9.2654098
IT0002103209174,BNP PARIBAS LEASE GROUP,Entidad de crédito,PIAZZA LINA BO BARDI N.3,MILANO,Lombardia,IT,45.466647,9.1906475
IT0000247734188,BNP PARIBAS SA,Entidad de crédito,"PIAZZA LINA BO BARDI, 3",MILANO,Lombardia,IT,45.466647,9.1906475
IT0003124656021,BPCE LEASE S.A.,Entidad de crédito,"PIAZZA FREUD, 1",MILANO,Lombardia,IT,45.466647,9.1906475
IT0000375525937,BPER BANCA S.P.A.,Entidad de crédito,"VIA S. CARLO, 8/20",MODENA,Emilia-Romagna,IT,44.6459922,10.9263682
IT0005204823995,BUNQ B.V.,Entidad de crédito,VIA PASTRENGO 14,MILANO,Lombardia,IT,45.466647,9.1906475
IT0000320091029,BVR BANCA VENETO CENTRALE  CREDITO COOPERATIVO ITALIANO - SOC. COOP.,Entidad de crédito,"VIA PONTE DI COSTOZZA, 12",LONGARE,Veneto,IT,45.4786943,11.6070851
IT0005223346897,CA INDOSUEZ WEALTH (EUROPE) S.A.,Entidad de crédito,"PIAZZA CAVOUR, 2",MILANO,Lombardia,IT,45.466647,9.1906475
IT0004570546172,CACEIS BANK S.A.,Entidad de crédito,PIAZZA CAVOUR 2,MILANO,Lombardia,IT,45.466647,9.1906475
IT0005350209527,CAIXABANK S.A.,Entidad de crédito,"VIA AGNELLO, 2",MILANO,Lombardia,IT,45.466647,9.1906475
IT0000247374397,CASSA CENTRALE BANCA - CREDITO COOPERATIVO ITALIANOSOCIETA' PER AZIONI (IN SIGLA CASSA CENTRALE BANCA),Entidad de crédito,"VIA GIOVANNI SEGANTINI, 5",TRENTO,Trentino-Alto Adige/Südtirol,IT,46.0691811,11.1218349
IT0000382218916,CASSA CENTRALE RAIFFEISEN DELL'ALTO ADIGE - RAIFFEISEN-LANDESBANK SUEDTIROL A.G.,Entidad de crédito,"VIA LAURIN, 1",BOLZANO-BOZEN,Trentino-Alto Adige/Südtirol,IT,46.4990522,11.3563105
IT0000106355634,CASSA DEPOSITI E PRESTITI SOCIETA' PER AZIONI IN FORMA ABBREVIATA CDP S.P.A.,Entidad de crédito,"VIA GOITO, 4",ROMA,Lazio,IT,41.892984,12.4835363
IT0000857093276,CASSA DI RISPARMIO DI ASTI S.P.A. (IN FORMA ABBREVIATA BANCA C.R. ASTI S.P.A.),Entidad de crédito,"PIAZZA LIBERTA', 23",ASTI,Piemonte,IT,44.8995129,8.2049712
IT0000853968027,CASSA DI RISPARMIO DI BOLZANO S.P.A. - SUDTIROLER SPARKASSE AG,Entidad de crédito,"VIA CASSA DI RISPARMIO, 12/B",BOLZANO-BOZEN,Trentino-Alto Adige/Südtirol,IT,46.4990522,11.3563105
IT0000865212000,CASSA DI RISPARMIO DI FERMO S.P.A. (IN FORMA ABBREVIATA CARIFERMO S.P.A.),Entidad de crédito,"VIA DON ERNESTO RICCI, 1",FERMO,Marche,IT,43.1605572,13.7184586
IT0000865212590,CASSA DI RISPARMIO DI FOSSANO S.P.A.,Entidad de crédito,"VIA ROMA, 122",FOSSANO,Piemonte,IT,44.5493716,7.7248397
IT0000865212754,CASSA DI RISPARMIO DI ORVIETO S.P.A.,Entidad de crédito,"PIAZZA DELLA REPUBBLICA, 21",ORVIETO,Umbria,IT,42.7181522,12.1082237
IT0000841240563,CASSA DI RISPARMIO DI VOLTERRA S.P.A.,Entidad de crédito,"PIAZZA DEI PRIORI, 16/18",VOLTERRA,Toscana,IT,43.4017661,10.8594039
IT0000643838214,CASSA DI SOVVENZIONI E RISPARMIO FRA IL PERSONALE DELLA BANCA D'ITALIA - SOCIETA' COOPERATIVA PER AZIONI,Entidad de crédito,"VIA NAZIONALE, 91",ROMA,Lazio,IT,41.892984,12.4835363
IT0000128168984,CASSA LOMBARDA - S.P.A.,Entidad de crédito,"VIA MANZONI, 14",MILANO,Lombardia,IT,45.466647,9.1906475
IT0000145615188,CASSA PADANA BANCA DI CREDITO COOPERATIVO SOCIETA' COOPERATIVA,Entidad de crédito,"VIA GIUSEPPE GARIBALDI, 25",LENO,Lombardia,IT,45.3664861,10.2191331
IT0000593692800,CASSA RAIFFEISEN ALTA PUSTERIA SOCIETA' COOPERATIVA (IN LINGUA TEDESCA RAIFFEISENKASSE HOCHPUSTERTAL GENOSSENSCHAFT),Entidad de crédito,"PIAZZA DEL MAGISTRATO, 3",SAN CANDIDO-INNICHEN,Trentino-Alto Adige/Südtirol,IT,46.7325754,12.2829134
IT0000532003330,CASSA RAIFFEISEN ALTA VENOSTA SOCIETA' COOPERATIVA (IN LINGUA TEDESCA RAIFFEISENKASSE OBERVINSCHGAU GENOSSENSCHAFT),Entidad de crédito,"VIA VITTORIO VENETO, 72",CURON VENOSTA-GRAUN IM VINSCHG,Trentino-Alto Adige/Südtirol,IT,46.8066234,10.5421523
IT0000598697763,CASSA RAIFFEISEN BASSA ATESINA (IN LINGUA TEDESCA RAIFFEISENKASSE UNTERLAND),Entidad de crédito,"VIA B. FRANKLIN, 6",LAIVES-LEIFERS,Trentino-Alto Adige/Südtirol,IT,46.4263553,11.338133
IT0000604293390,CASSA RAIFFEISEN BASSA VALL'ISARCO SOCIETA' COOPERATIVA (IN TEDESCO RAIFFEISENKASSE UNTEREISACKTAL GENOSSENSCHAFT),Entidad de crédito,"PIAZZA CENTRALE, 6B",LAION-LAJEN,Trentino-Alto Adige/Südtirol,IT,46.3678092,11.354128
IT0000604293390,CASSA RAIFFEISEN BASSA VALL'ISARCO SOCIETA' COOPERATIVA (IN TEDESCO RAIFFEISENKASSE UNTEREISACKTAL GENOSSENSCHAFT),Entidad de crédito,"PIAZZA CENTRALE, 6B",LAION-LAJEN,Trentino-Alto Adige/Südtirol,IT,46.277635,11.3660356
IT0000604293390,CASSA RAIFFEISEN BASSA VALL'ISARCO SOCIETA' COOPERATIVA (IN TEDESCO RAIFFEISENKASSE UNTEREISACKTAL GENOSSENSCHAFT),Entidad de crédito,"PIAZZA CENTRALE, 6B",LAION-LAJEN,Trentino-Alto Adige/Südtirol,IT,46.6036182,11.5198339
IT0000604293390,CASSA RAIFFEISEN BASSA VALL'ISARCO SOCIETA' COOPERATIVA (IN TEDESCO RAIFFEISENKASSE UNTEREISACKTAL GENOSSENSCHAFT),Entidad de crédito,"PIAZZA CENTRALE, 6B",LAION-LAJEN,Trentino-Alto Adige/Südtirol,IT,46.8713172,11.4838016
IT0000604293390,CASSA RAIFFEISEN BASSA VALL'ISARCO SOCIETA' COOPERATIVA (IN TEDESCO RAIFFEISENKASSE UNTEREISACKTAL GENOSSENSCHAFT),Entidad de crédito,"PIAZZA CENTRALE, 6B",LAION-LAJEN,Trentino-Alto Adige/Südtirol,IT,46.5681173,11.5592863
IT0000604293390,CASSA RAIFFEISEN BASSA VALL'ISARCO SOCIETA' COOPERATIVA (IN TEDESCO RAIFFEISENKASSE UNTEREISACKTAL GENOSSENSCHAFT),Entidad de crédito,"PIAZZA CENTRALE, 6B",LAION-LAJEN,Trentino-Alto Adige/Südtirol,IT,46.3135356,11.2226025
IT0000604293390,CASSA RAIFFEISEN BASSA VALL'ISARCO SOCIETA' COOPERATIVA (IN TEDESCO RAIFFEISENKASSE UNTEREISACKTAL GENOSSENSCHAFT),Entidad de crédito,"PIAZZA CENTRALE, 6B",LAION-LAJEN,Trentino-Alto Adige/Südtirol,IT,46.2689448,11.2227283
IT0000604293390,CASSA RAIFFEISEN BASSA VALL'ISARCO SOCIETA' COOPERATIVA (IN TEDESCO RAIFFEISENKASSE UNTEREISACKTAL GENOSSENSCHAFT),Entidad de crédito,"PIAZZA CENTRALE, 6B",LAION-LAJEN,Trentino-Alto Adige/Südtirol,IT,46.6422431,11.6804782
IT0000604293390,CASSA RAIFFEISEN BASSA VALL'ISARCO SOCIETA' COOPERATIVA (IN TEDESCO RAIFFEISENKASSE UNTEREISACKTAL GENOSSENSCHAFT),Entidad de crédito,"PIAZZA CENTRALE, 6B",LAION-LAJEN,Trentino-Alto Adige/Südtirol,IT,46.6087013,11.565023
IT0000604293390,CASSA RAIFFEISEN BASSA VALL'ISARCO SOCIETA' COOPERATIVA (IN TEDESCO RAIFFEISENKASSE UNTEREISACKTAL GENOSSENSCHAFT),Entidad de crédito,"PIAZZA CENTRALE, 6B",LAION-LAJEN,Trentino-Alto Adige/Südtirol,IT,46.4542294,11.0622429
IT0000604293390,CASSA RAIFFEISEN BASSA VALL'ISARCO SOCIETA' COOPERATIVA (IN TEDESCO RAIFFEISENKASSE UNTEREISACKTAL GENOSSENSCHAFT),Entidad de crédito,"PIAZZA CENTRALE, 6B",LAION-LAJEN,Trentino-Alto Adige/Südtirol,IT,46.7459388,11.760741
IT0000604293390,CASSA RAIFFEISEN BASSA VALL'ISARCO SOCIETA' COOPERATIVA (IN TEDESCO RAIFFEISENKASSE UNTEREISACKTAL GENOSSENSCHAFT),Entidad de crédito,"PIAZZA CENTRALE, 6B",LAION-LAJEN,Trentino-Alto Adige/Südtirol,IT,46.2867552,11.2089608
IT0000604293390,CASSA RAIFFEISEN BASSA VALL'ISARCO SOCIETA' COOPERATIVA (IN TEDESCO RAIFFEISENKASSE UNTEREISACKTAL GENOSSENSCHAFT),Entidad de crédito,"PIAZZA CENTRALE, 6B",LAION-LAJEN,Trentino-Alto Adige/Südtirol,IT,46.3313243,11.3027193
IT0000604293390,CASSA RAIFFEISEN BASSA VALL'ISARCO SOCIETA' COOPERATIVA (IN TEDESCO RAIFFEISENKASSE UNTEREISACKTAL GENOSSENSCHAFT),Entidad de crédito,"PIAZZA CENTRALE, 6B",LAION-LAJEN,Trentino-Alto Adige/Südtirol,IT,46.7705837,11.6658163
IT0000604293390,CASSA RAIFFEISEN BASSA VALL'ISARCO SOCIETA' COOPERATIVA (IN TEDESCO RAIFFEISENKASSE UNTEREISACKTAL GENOSSENSCHAFT),Entidad de crédito,"PIAZZA CENTRALE, 6B",LAION-LAJEN,Trentino-Alto Adige/Südtirol,IT,46.3481366,11.2982227
IT0000604293390,CASSA RAIFFEISEN BASSA VALL'ISARCO SOCIETA' COOPERATIVA (IN TEDESCO RAIFFEISENKASSE UNTEREISACKTAL GENOSSENSCHAFT),Entidad de crédito,"PIAZZA CENTRALE, 6B",LAION-LAJEN,Trentino-Alto Adige/Südtirol,IT,46.5969676,11.5302458
IT0000604293390,CASSA RAIFFEISEN BASSA VALL'ISARCO SOCIETA' COOPERATIVA (IN TEDESCO RAIFFEISENKASSE UNTEREISACKTAL GENOSSENSCHAFT),Entidad de crédito,"PIAZZA CENTRALE, 6B",LAION-LAJEN,Trentino-Alto Adige/Südtirol,IT,46.4762164,11.022242
IT0000604293390,CASSA RAIFFEISEN BASSA VALL'ISARCO SOCIETA' COOPERATIVA (IN TEDESCO RAIFFEISENKASSE UNTEREISACKTAL GENOSSENSCHAFT),Entidad de crédito,"PIAZZA CENTRALE, 6B",LAION-LAJEN,Trentino-Alto Adige/Südtirol,IT,46.883059,11.378552
IT0000604293390,CASSA RAIFFEISEN BASSA VALL'ISARCO SOCIETA' COOPERATIVA (IN TEDESCO RAIFFEISENKASSE UNTEREISACKTAL GENOSSENSCHAFT),Entidad de crédito,"PIAZZA CENTRALE, 6B",LAION-LAJEN,Trentino-Alto Adige/Südtirol,IT,46.2389494,11.2124245
IT0000604293390,CASSA RAIFFEISEN BASSA VALL'ISARCO SOCIETA' COOPERATIVA (IN TEDESCO RAIFFEISENKASSE UNTEREISACKTAL GENOSSENSCHAFT),Entidad de crédito,"PIAZZA CENTRALE, 6B",LAION-LAJEN,Trentino-Alto Adige/Südtirol,IT,46.341087,11.2397625
IT0000604293390,CASSA RAIFFEISEN BASSA VALL'ISARCO SOCIETA' COOPERATIVA (IN TEDESCO RAIFFEISENKASSE UNTEREISACKTAL GENOSSENSCHAFT),Entidad de crédito,"PIAZZA CENTRALE, 6B",LAION-LAJEN,Trentino-Alto Adige/Südtirol,IT,46.3225638,11.3490311
IT0000604293390,CASSA RAIFFEISEN BASSA VALL'ISARCO SOCIETA' COOPERATIVA (IN TEDESCO RAIFFEISENKASSE UNTEREISACKTAL GENOSSENSCHAFT),Entidad de crédito,"PIAZZA CENTRALE, 6B",LAION-LAJEN,Trentino-Alto Adige/Südtirol,IT,46.7401193,11.63569
IT0000604293390,CASSA RAIFFEISEN BASSA VALL'ISARCO SOCIETA' COOPERATIVA (IN TEDESCO RAIFFEISENKASSE UNTEREISACKTAL GENOSSENSCHAFT),Entidad de crédito,"PIAZZA CENTRALE, 6B",LAION-LAJEN,Trentino-Alto Adige/Südtirol,IT,46.63116,11.5394862
IT0000604293390,CASSA RAIFFEISEN BASSA VALL'ISARCO SOCIETA' COOPERATIVA (IN TEDESCO RAIFFEISENKASSE UNTEREISACKTAL GENOSSENSCHAFT),Entidad de crédito,"PIAZZA CENTRALE, 6B",LAION-LAJEN,Trentino-Alto Adige/Südtirol,IT,46.6687892,11.5988803
IT0000126241693,CASSA RAIFFEISEN BASSA VENOSTA SOCIETA' COOPERATIVA (IN LINGUA TEDESCA RAIFFEISENKASSE UNTERVINSCHGAU GENOSSENSCHAFT),Entidad de crédito,"VIA PRINCIPALE, 12",NATURNO-NATURNS,Trentino-Alto Adige/Südtirol,IT,46.6510249,11.0049681
IT0000126241693,CASSA RAIFFEISEN BASSA VENOSTA SOCIETA' COOPERATIVA (IN LINGUA TEDESCA RAIFFEISENKASSE UNTERVINSCHGAU GENOSSENSCHAFT),Entidad de crédito,"VIA PRINCIPALE, 12",NATURNO-NATURNS,Trentino-Alto Adige/Südtirol,IT,46.6557283,11.0422942
IT0000643844312,CASSA RAIFFEISEN CAMPO DI TRENS SOCIETA' COOPERATIVA (IN LINGUA TEDESCA RAIFFEISENKASSE FREIENFELD GENOSSENSCHAFT),Entidad de crédito,"PIAZZA MUNICIPIO, 3",CAMPO DI TRENS-FREIENFELD,Trentino-Alto Adige/Südtirol,IT,46.3678092,11.354128
IT0000643844312,CASSA RAIFFEISEN CAMPO DI TRENS SOCIETA' COOPERATIVA (IN LINGUA TEDESCA RAIFFEISENKASSE FREIENFELD GENOSSENSCHAFT),Entidad de crédito,"PIAZZA MUNICIPIO, 3",CAMPO DI TRENS-FREIENFELD,Trentino-Alto Adige/Südtirol,IT,46.277635,11.3660356
IT0000643844312,CASSA RAIFFEISEN CAMPO DI TRENS SOCIETA' COOPERATIVA (IN LINGUA TEDESCA RAIFFEISENKASSE FREIENFELD GENOSSENSCHAFT),Entidad de crédito,"PIAZZA MUNICIPIO, 3",CAMPO DI TRENS-FREIENFELD,Trentino-Alto Adige/Südtirol,IT,46.6036182,11.5198339
IT0000643844312,CASSA RAIFFEISEN CAMPO DI TRENS SOCIETA' COOPERATIVA (IN LINGUA TEDESCA RAIFFEISENKASSE FREIENFELD GENOSSENSCHAFT),Entidad de crédito,"PIAZZA MUNICIPIO, 3",CAMPO DI TRENS-FREIENFELD,Trentino-Alto Adige/Südtirol,IT,46.8713172,11.4838016
IT0000643844312,CASSA RAIFFEISEN CAMPO DI TRENS SOCIETA' COOPERATIVA (IN LINGUA TEDESCA RAIFFEISENKASSE FREIENFELD GENOSSENSCHAFT),Entidad de crédito,"PIAZZA MUNICIPIO, 3",CAMPO DI TRENS-FREIENFELD,Trentino-Alto Adige/Südtirol,IT,46.5681173,11.5592863
IT0000643844312,CASSA RAIFFEISEN CAMPO DI TRENS SOCIETA' COOPERATIVA (IN LINGUA TEDESCA RAIFFEISENKASSE FREIENFELD GENOSSENSCHAFT),Entidad de crédito,"PIAZZA MUNICIPIO, 3",CAMPO DI TRENS-FREIENFELD,Trentino-Alto Adige/Südtirol,IT,46.3135356,11.2226025
IT0000643844312,CASSA RAIFFEISEN CAMPO DI TRENS SOCIETA' COOPERATIVA (IN LINGUA TEDESCA RAIFFEISENKASSE FREIENFELD GENOSSENSCHAFT),Entidad de crédito,"PIAZZA MUNICIPIO, 3",CAMPO DI TRENS-FREIENFELD,Trentino-Alto Adige/Südtirol,IT,46.2689448,11.2227283
IT0000643844312,CASSA RAIFFEISEN CAMPO DI TRENS SOCIETA' COOPERATIVA (IN LINGUA TEDESCA RAIFFEISENKASSE FREIENFELD GENOSSENSCHAFT),Entidad de crédito,"PIAZZA MUNICIPIO, 3",CAMPO DI TRENS-FREIENFELD,Trentino-Alto Adige/Südtirol,IT,46.6422431,11.6804782
IT0000643844312,CASSA RAIFFEISEN CAMPO DI TRENS SOCIETA' COOPERATIVA (IN LINGUA TEDESCA RAIFFEISENKASSE FREIENFELD GENOSSENSCHAFT),Entidad de crédito,"PIAZZA MUNICIPIO, 3",CAMPO DI TRENS-FREIENFELD,Trentino-Alto Adige/Südtirol,IT,46.6087013,11.565023
IT0000643844312,CASSA RAIFFEISEN CAMPO DI TRENS SOCIETA' COOPERATIVA (IN LINGUA TEDESCA RAIFFEISENKASSE FREIENFELD GENOSSENSCHAFT),Entidad de crédito,"PIAZZA MUNICIPIO, 3",CAMPO DI TRENS-FREIENFELD,Trentino-Alto Adige/Südtirol,IT,46.4542294,11.0622429
IT0000643844312,CASSA RAIFFEISEN CAMPO DI TRENS SOCIETA' COOPERATIVA (IN LINGUA TEDESCA RAIFFEISENKASSE FREIENFELD GENOSSENSCHAFT),Entidad de crédito,"PIAZZA MUNICIPIO, 3",CAMPO DI TRENS-FREIENFELD,Trentino-Alto Adige/Südtirol,IT,46.7459388,11.760741
IT0000643844312,CASSA RAIFFEISEN CAMPO DI TRENS SOCIETA' COOPERATIVA (IN LINGUA TEDESCA RAIFFEISENKASSE FREIENFELD GENOSSENSCHAFT),Entidad de crédito,"PIAZZA MUNICIPIO, 3",CAMPO DI TRENS-FREIENFELD,Trentino-Alto Adige/Südtirol,IT,46.2867552,11.2089608
IT0000643844312,CASSA RAIFFEISEN CAMPO DI TRENS SOCIETA' COOPERATIVA (IN LINGUA TEDESCA RAIFFEISENKASSE FREIENFELD GENOSSENSCHAFT),Entidad de crédito,"PIAZZA MUNICIPIO, 3",CAMPO DI TRENS-FREIENFELD,Trentino-Alto Adige/Südtirol,IT,46.3313243,11.3027193
IT0000643844312,CASSA RAIFFEISEN CAMPO DI TRENS SOCIETA' COOPERATIVA (IN LINGUA TEDESCA RAIFFEISENKASSE FREIENFELD GENOSSENSCHAFT),Entidad de crédito,"PIAZZA MUNICIPIO, 3",CAMPO DI TRENS-FREIENFELD,Trentino-Alto Adige/Südtirol,IT,46.7705837,11.6658163
IT0000643844312,CASSA RAIFFEISEN CAMPO DI TRENS SOCIETA' COOPERATIVA (IN LINGUA TEDESCA RAIFFEISENKASSE FREIENFELD GENOSSENSCHAFT),Entidad de crédito,"PIAZZA MUNICIPIO, 3",CAMPO DI TRENS-FREIENFELD,Trentino-Alto Adige/Südtirol,IT,46.3481366,11.2982227
IT0000643844312,CASSA RAIFFEISEN CAMPO DI TRENS SOCIETA' COOPERATIVA (IN LINGUA TEDESCA RAIFFEISENKASSE FREIENFELD GENOSSENSCHAFT),Entidad de crédito,"PIAZZA MUNICIPIO, 3",CAMPO DI TRENS-FREIENFELD,Trentino-Alto Adige/Südtirol,IT,46.5969676,11.5302458
IT0000643844312,CASSA RAIFFEISEN CAMPO DI TRENS SOCIETA' COOPERATIVA (IN LINGUA TEDESCA RAIFFEISENKASSE FREIENFELD GENOSSENSCHAFT),Entidad de crédito,"PIAZZA MUNICIPIO, 3",CAMPO DI TRENS-FREIENFELD,Trentino-Alto Adige/Südtirol,IT,46.4762164,11.022242
IT0000643844312,CASSA RAIFFEISEN CAMPO DI TRENS SOCIETA' COOPERATIVA (IN LINGUA TEDESCA RAIFFEISENKASSE FREIENFELD GENOSSENSCHAFT),Entidad de crédito,"PIAZZA MUNICIPIO, 3",CAMPO DI TRENS-FREIENFELD,Trentino-Alto Adige/Südtirol,IT,46.883059,11.378552
IT0000643844312,CASSA RAIFFEISEN CAMPO DI TRENS SOCIETA' COOPERATIVA (IN LINGUA TEDESCA RAIFFEISENKASSE FREIENFELD GENOSSENSCHAFT),Entidad de crédito,"PIAZZA MUNICIPIO, 3",CAMPO DI TRENS-FREIENFELD,Trentino-Alto Adige/Südtirol,IT,46.2389494,11.2124245
IT0000643844312,CASSA RAIFFEISEN CAMPO DI TRENS SOCIETA' COOPERATIVA (IN LINGUA TEDESCA RAIFFEISENKASSE FREIENFELD GENOSSENSCHAFT),Entidad de crédito,"PIAZZA MUNICIPIO, 3",CAMPO DI TRENS-FREIENFELD,Trentino-Alto Adige/Südtirol,IT,46.341087,11.2397625
IT0000643844312,CASSA RAIFFEISEN CAMPO DI TRENS SOCIETA' COOPERATIVA (IN LINGUA TEDESCA RAIFFEISENKASSE FREIENFELD GENOSSENSCHAFT),Entidad de crédito,"PIAZZA MUNICIPIO, 3",CAMPO DI TRENS-FREIENFELD,Trentino-Alto Adige/Südtirol,IT,46.3225638,11.3490311
IT0000643844312,CASSA RAIFFEISEN CAMPO DI TRENS SOCIETA' COOPERATIVA (IN LINGUA TEDESCA RAIFFEISENKASSE FREIENFELD GENOSSENSCHAFT),Entidad de crédito,"PIAZZA MUNICIPIO, 3",CAMPO DI TRENS-FREIENFELD,Trentino-Alto Adige/Südtirol,IT,46.7401193,11.63569
IT0000643844312,CASSA RAIFFEISEN CAMPO DI TRENS SOCIETA' COOPERATIVA (IN LINGUA TEDESCA RAIFFEISENKASSE FREIENFELD GENOSSENSCHAFT),Entidad de crédito,"PIAZZA MUNICIPIO, 3",CAMPO DI TRENS-FREIENFELD,Trentino-Alto Adige/Südtirol,IT,46.63116,11.5394862
IT0000643844312,CASSA RAIFFEISEN CAMPO DI TRENS SOCIETA' COOPERATIVA (IN LINGUA TEDESCA RAIFFEISENKASSE FREIENFELD GENOSSENSCHAFT),Entidad de crédito,"PIAZZA MUNICIPIO, 3",CAMPO DI TRENS-FREIENFELD,Trentino-Alto Adige/Südtirol,IT,46.6687892,11.5988803
IT0000373753009,CASSA RAIFFEISEN CASTELROTTO - ORTISEI SOC. COOPERATIVA - RAIFFEISENKASSE KASTELRUTH - ST. ULRICH GENOSSENSCHAFT,Entidad de crédito,"VIA O. V. WOLKENSTEIN, 9-A",CASTELROTTO-KASTELRUTH,Trentino-Alto Adige/Südtirol,IT,46.3678092,11.354128
IT0000373753009,CASSA RAIFFEISEN CASTELROTTO - ORTISEI SOC. COOPERATIVA - RAIFFEISENKASSE KASTELRUTH - ST. ULRICH GENOSSENSCHAFT,Entidad de crédito,"VIA O. V. WOLKENSTEIN, 9-A",CASTELROTTO-KASTELRUTH,Trentino-Alto Adige/Südtirol,IT,46.277635,11.3660356
IT0000373753009,CASSA RAIFFEISEN CASTELROTTO - ORTISEI SOC. COOPERATIVA - RAIFFEISENKASSE KASTELRUTH - ST. ULRICH GENOSSENSCHAFT,Entidad de crédito,"VIA O. V. WOLKENSTEIN, 9-A",CASTELROTTO-KASTELRUTH,Trentino-Alto Adige/Südtirol,IT,46.6036182,11.5198339
IT0000373753009,CASSA RAIFFEISEN CASTELROTTO - ORTISEI SOC. COOPERATIVA - RAIFFEISENKASSE KASTELRUTH - ST. ULRICH GENOSSENSCHAFT,Entidad de crédito,"VIA O. V. WOLKENSTEIN, 9-A",CASTELROTTO-KASTELRUTH,Trentino-Alto Adige/Südtirol,IT,46.8713172,11.4838016
IT0000373753009,CASSA RAIFFEISEN CASTELROTTO - ORTISEI SOC. COOPERATIVA - RAIFFEISENKASSE KASTELRUTH - ST. ULRICH GENOSSENSCHAFT,Entidad de crédito,"VIA O. V. WOLKENSTEIN, 9-A",CASTELROTTO-KASTELRUTH,Trentino-Alto Adige/Südtirol,IT,46.5681173,11.5592863
IT0000373753009,CASSA RAIFFEISEN CASTELROTTO - ORTISEI SOC. COOPERATIVA - RAIFFEISENKASSE KASTELRUTH - ST. ULRICH GENOSSENSCHAFT,Entidad de crédito,"VIA O. V. WOLKENSTEIN, 9-A",CASTELROTTO-KASTELRUTH,Trentino-Alto Adige/Südtirol,IT,46.3135356,11.2226025
IT0000373753009,CASSA RAIFFEISEN CASTELROTTO - ORTISEI SOC. COOPERATIVA - RAIFFEISENKASSE KASTELRUTH - ST. ULRICH GENOSSENSCHAFT,Entidad de crédito,"VIA O. V. WOLKENSTEIN, 9-A",CASTELROTTO-KASTELRUTH,Trentino-Alto Adige/Südtirol,IT,46.2689448,11.2227283
IT0000373753009,CASSA RAIFFEISEN CASTELROTTO - ORTISEI SOC. COOPERATIVA - RAIFFEISENKASSE KASTELRUTH - ST. ULRICH GENOSSENSCHAFT,Entidad de crédito,"VIA O. V. WOLKENSTEIN, 9-A",CASTELROTTO-KASTELRUTH,Trentino-Alto Adige/Südtirol,IT,46.6422431,11.6804782
IT0000373753009,CASSA RAIFFEISEN CASTELROTTO - ORTISEI SOC. COOPERATIVA - RAIFFEISENKASSE KASTELRUTH - ST. ULRICH GENOSSENSCHAFT,Entidad de crédito,"VIA O. V. WOLKENSTEIN, 9-A",CASTELROTTO-KASTELRUTH,Trentino-Alto Adige/Südtirol,IT,46.6087013,11.565023
IT0000373753009,CASSA RAIFFEISEN CASTELROTTO - ORTISEI SOC. COOPERATIVA - RAIFFEISENKASSE KASTELRUTH - ST. ULRICH GENOSSENSCHAFT,Entidad de crédito,"VIA O. V. WOLKENSTEIN, 9-A",CASTELROTTO-KASTELRUTH,Trentino-Alto Adige/Südtirol,IT,46.4542294,11.0622429
IT0000373753009,CASSA RAIFFEISEN CASTELROTTO - ORTISEI SOC. COOPERATIVA - RAIFFEISENKASSE KASTELRUTH - ST. ULRICH GENOSSENSCHAFT,Entidad de crédito,"VIA O. V. WOLKENSTEIN, 9-A",CASTELROTTO-KASTELRUTH,Trentino-Alto Adige/Südtirol,IT,46.7459388,11.760741
IT0000373753009,CASSA RAIFFEISEN CASTELROTTO - ORTISEI SOC. COOPERATIVA - RAIFFEISENKASSE KASTELRUTH - ST. ULRICH GENOSSENSCHAFT,Entidad de crédito,"VIA O. V. WOLKENSTEIN, 9-A",CASTELROTTO-KASTELRUTH,Trentino-Alto Adige/Südtirol,IT,46.2867552,11.2089608
IT0000373753009,CASSA RAIFFEISEN CASTELROTTO - ORTISEI SOC. COOPERATIVA - RAIFFEISENKASSE KASTELRUTH - ST. ULRICH GENOSSENSCHAFT,Entidad de crédito,"VIA O. V. WOLKENSTEIN, 9-A",CASTELROTTO-KASTELRUTH,Trentino-Alto Adige/Südtirol,IT,46.3313243,11.3027193
IT0000373753009,CASSA RAIFFEISEN CASTELROTTO - ORTISEI SOC. COOPERATIVA - RAIFFEISENKASSE KASTELRUTH - ST. ULRICH GENOSSENSCHAFT,Entidad de crédito,"VIA O. V. WOLKENSTEIN, 9-A",CASTELROTTO-KASTELRUTH,Trentino-Alto Adige/Südtirol,IT,46.7705837,11.6658163
IT0000373753009,CASSA RAIFFEISEN CASTELROTTO - ORTISEI SOC. COOPERATIVA - RAIFFEISENKASSE KASTELRUTH - ST. ULRICH GENOSSENSCHAFT,Entidad de crédito,"VIA O. V. WOLKENSTEIN, 9-A",CASTELROTTO-KASTELRUTH,Trentino-Alto Adige/Südtirol,IT,46.3481366,11.2982227
IT0000373753009,CASSA RAIFFEISEN CASTELROTTO - ORTISEI SOC. COOPERATIVA - RAIFFEISENKASSE KASTELRUTH - ST. ULRICH GENOSSENSCHAFT,Entidad de crédito,"VIA O. V. WOLKENSTEIN, 9-A",CASTELROTTO-KASTELRUTH,Trentino-Alto Adige/Südtirol,IT,46.5969676,11.5302458
IT0000373753009,CASSA RAIFFEISEN CASTELROTTO - ORTISEI SOC. COOPERATIVA - RAIFFEISENKASSE KASTELRUTH - ST. ULRICH GENOSSENSCHAFT,Entidad de crédito,"VIA O. V. WOLKENSTEIN, 9-A",CASTELROTTO-KASTELRUTH,Trentino-Alto Adige/Südtirol,IT,46.4762164,11.022242
IT0000373753009,CASSA RAIFFEISEN CASTELROTTO - ORTISEI SOC. COOPERATIVA - RAIFFEISENKASSE KASTELRUTH - ST. ULRICH GENOSSENSCHAFT,Entidad de crédito,"VIA O. V. WOLKENSTEIN, 9-A",CASTELROTTO-KASTELRUTH,Trentino-Alto Adige/Südtirol,IT,46.883059,11.378552
IT0000373753009,CASSA RAIFFEISEN CASTELROTTO - ORTISEI SOC. COOPERATIVA - RAIFFEISENKASSE KASTELRUTH - ST. ULRICH GENOSSENSCHAFT,Entidad de crédito,"VIA O. V. WOLKENSTEIN, 9-A",CASTELROTTO-KASTELRUTH,Trentino-Alto Adige/Südtirol,IT,46.2389494,11.2124245
IT0000373753009,CASSA RAIFFEISEN CASTELROTTO - ORTISEI SOC. COOPERATIVA - RAIFFEISENKASSE KASTELRUTH - ST. ULRICH GENOSSENSCHAFT,Entidad de crédito,"VIA O. V. WOLKENSTEIN, 9-A",CASTELROTTO-KASTELRUTH,Trentino-Alto Adige/Südtirol,IT,46.341087,11.2397625
IT0000373753009,CASSA RAIFFEISEN CASTELROTTO - ORTISEI SOC. COOPERATIVA - RAIFFEISENKASSE KASTELRUTH - ST. ULRICH GENOSSENSCHAFT,Entidad de crédito,"VIA O. V. WOLKENSTEIN, 9-A",CASTELROTTO-KASTELRUTH,Trentino-Alto Adige/Südtirol,IT,46.3225638,11.3490311
IT0000373753009,CASSA RAIFFEISEN CASTELROTTO - ORTISEI SOC. COOPERATIVA - RAIFFEISENKASSE KASTELRUTH - ST. ULRICH GENOSSENSCHAFT,Entidad de crédito,"VIA O. V. WOLKENSTEIN, 9-A",CASTELROTTO-KASTELRUTH,Trentino-Alto Adige/Südtirol,IT,46.7401193,11.63569
IT0000373753009,CASSA RAIFFEISEN CASTELROTTO - ORTISEI SOC. COOPERATIVA - RAIFFEISENKASSE KASTELRUTH - ST. ULRICH GENOSSENSCHAFT,Entidad de crédito,"VIA O. V. WOLKENSTEIN, 9-A",CASTELROTTO-KASTELRUTH,Trentino-Alto Adige/Südtirol,IT,46.63116,11.5394862
IT0000373753009,CASSA RAIFFEISEN CASTELROTTO - ORTISEI SOC. COOPERATIVA - RAIFFEISENKASSE KASTELRUTH - ST. ULRICH GENOSSENSCHAFT,Entidad de crédito,"VIA O. V. WOLKENSTEIN, 9-A",CASTELROTTO-KASTELRUTH,Trentino-Alto Adige/Südtirol,IT,46.6687892,11.5988803
IT0000643859827,CASSA RAIFFEISEN DELLA VAL PASSIRIA SOCIETA' COOPERATIVA ( IN LINGUA TEDESCA RAIFFEISENKASSE PASSEIER GENOSSENSHAFT),Entidad de crédito,"PIAZZA RAIFFEISEN, 1",SAN LEONARDO IN PASSIRIA-SANKT,Trentino-Alto Adige/Südtirol,IT,46.8116193,11.2438462
IT0000389700000,CASSA RAIFFEISEN DELLA VALLE ISARCO SOCIETA' COOPERATIVA ( IN LINGUA TEDESCA RAIFFEISENKASSE EISACKTAL GENOSSENSCHAFT),Entidad de crédito,"VIA BASTIONI MAGGIORI, 12",BRESSANONE-BRIXEN,Trentino-Alto Adige/Südtirol,IT,46.7165044,11.6567468
IT0000262120012,CASSA RAIFFEISEN DI BRUNICO SOCIETA' COOPERATIVA (IN LINGUA TEDESCA RAIFFEISENKASSE BRUNECK GENOSSENSCHAFT),Entidad de crédito,"VIA EUROPA, 19",BRUNICO-BRUNECK,Trentino-Alto Adige/Südtirol,IT,46.7966638,11.9354838
IT0000178010511,CASSA RAIFFEISEN DI DOBBIACO SOCIETA' COOPERATIVA (IN LINGUA TEDESCA RAIFFEISENKASSE TOBLACH GENOSSENSHAFT),Entidad de crédito,"VIA CONTE KUENIGL, 1",DOBBIACO-TOBLACH,Trentino-Alto Adige/Südtirol,IT,46.7353586,12.2225801
IT0000647482885,CASSA RAIFFEISEN DI FUNES SOCIETA' COOPERATIVA (IN LINGUA TEDESCA RAIFFEISENKASSE VILLNOESS GENOSSENSCHAFT),Entidad de crédito,"PETERWEG, N. 6",FUNES-VILLNOSS,Trentino-Alto Adige/Südtirol,IT,46.3678092,11.354128
IT0000647482885,CASSA RAIFFEISEN DI FUNES SOCIETA' COOPERATIVA (IN LINGUA TEDESCA RAIFFEISENKASSE VILLNOESS GENOSSENSCHAFT),Entidad de crédito,"PETERWEG, N. 6",FUNES-VILLNOSS,Trentino-Alto Adige/Südtirol,IT,46.277635,11.3660356
IT0000647482885,CASSA RAIFFEISEN DI FUNES SOCIETA' COOPERATIVA (IN LINGUA TEDESCA RAIFFEISENKASSE VILLNOESS GENOSSENSCHAFT),Entidad de crédito,"PETERWEG, N. 6",FUNES-VILLNOSS,Trentino-Alto Adige/Südtirol,IT,46.6036182,11.5198339
IT0000647482885,CASSA RAIFFEISEN DI FUNES SOCIETA' COOPERATIVA (IN LINGUA TEDESCA RAIFFEISENKASSE VILLNOESS GENOSSENSCHAFT),Entidad de crédito,"PETERWEG, N. 6",FUNES-VILLNOSS,Trentino-Alto Adige/Südtirol,IT,46.8713172,11.4838016
IT0000647482885,CASSA RAIFFEISEN DI FUNES SOCIETA' COOPERATIVA (IN LINGUA TEDESCA RAIFFEISENKASSE VILLNOESS GENOSSENSCHAFT),Entidad de crédito,"PETERWEG, N. 6",FUNES-VILLNOSS,Trentino-Alto Adige/Südtirol,IT,46.5681173,11.5592863
IT0000647482885,CASSA RAIFFEISEN DI FUNES SOCIETA' COOPERATIVA (IN LINGUA TEDESCA RAIFFEISENKASSE VILLNOESS GENOSSENSCHAFT),Entidad de crédito,"PETERWEG, N. 6",FUNES-VILLNOSS,Trentino-Alto Adige/Südtirol,IT,46.3135356,11.2226025
IT0000647482885,CASSA RAIFFEISEN DI FUNES SOCIETA' COOPERATIVA (IN LINGUA TEDESCA RAIFFEISENKASSE VILLNOESS GENOSSENSCHAFT),Entidad de crédito,"PETERWEG, N. 6",FUNES-VILLNOSS,Trentino-Alto Adige/Südtirol,IT,46.2689448,11.2227283
IT0000647482885,CASSA RAIFFEISEN DI FUNES SOCIETA' COOPERATIVA (IN LINGUA TEDESCA RAIFFEISENKASSE VILLNOESS GENOSSENSCHAFT),Entidad de crédito,"PETERWEG, N. 6",FUNES-VILLNOSS,Trentino-Alto Adige/Südtirol,IT,46.6422431,11.6804782
IT0000647482885,CASSA RAIFFEISEN DI FUNES SOCIETA' COOPERATIVA (IN LINGUA TEDESCA RAIFFEISENKASSE VILLNOESS GENOSSENSCHAFT),Entidad de crédito,"PETERWEG, N. 6",FUNES-VILLNOSS,Trentino-Alto Adige/Südtirol,IT,46.6087013,11.565023
IT0000647482885,CASSA RAIFFEISEN DI FUNES SOCIETA' COOPERATIVA (IN LINGUA TEDESCA RAIFFEISENKASSE VILLNOESS GENOSSENSCHAFT),Entidad de crédito,"PETERWEG, N. 6",FUNES-VILLNOSS,Trentino-Alto Adige/Südtirol,IT,46.4542294,11.0622429
IT0000647482885,CASSA RAIFFEISEN DI FUNES SOCIETA' COOPERATIVA (IN LINGUA TEDESCA RAIFFEISENKASSE VILLNOESS GENOSSENSCHAFT),Entidad de crédito,"PETERWEG, N. 6",FUNES-VILLNOSS,Trentino-Alto Adige/Südtirol,IT,46.7459388,11.760741
IT0000647482885,CASSA RAIFFEISEN DI FUNES SOCIETA' COOPERATIVA (IN LINGUA TEDESCA RAIFFEISENKASSE VILLNOESS GENOSSENSCHAFT),Entidad de crédito,"PETERWEG, N. 6",FUNES-VILLNOSS,Trentino-Alto Adige/Südtirol,IT,46.2867552,11.2089608
IT0000647482885,CASSA RAIFFEISEN DI FUNES SOCIETA' COOPERATIVA (IN LINGUA TEDESCA RAIFFEISENKASSE VILLNOESS GENOSSENSCHAFT),Entidad de crédito,"PETERWEG, N. 6",FUNES-VILLNOSS,Trentino-Alto Adige/Südtirol,IT,46.3313243,11.3027193
IT0000647482885,CASSA RAIFFEISEN DI FUNES SOCIETA' COOPERATIVA (IN LINGUA TEDESCA RAIFFEISENKASSE VILLNOESS GENOSSENSCHAFT),Entidad de crédito,"PETERWEG, N. 6",FUNES-VILLNOSS,Trentino-Alto Adige/Südtirol,IT,46.7705837,11.6658163
IT0000647482885,CASSA RAIFFEISEN DI FUNES SOCIETA' COOPERATIVA (IN LINGUA TEDESCA RAIFFEISENKASSE VILLNOESS GENOSSENSCHAFT),Entidad de crédito,"PETERWEG, N. 6",FUNES-VILLNOSS,Trentino-Alto Adige/Südtirol,IT,46.3481366,11.2982227
IT0000647482885,CASSA RAIFFEISEN DI FUNES SOCIETA' COOPERATIVA (IN LINGUA TEDESCA RAIFFEISENKASSE VILLNOESS GENOSSENSCHAFT),Entidad de crédito,"PETERWEG, N. 6",FUNES-VILLNOSS,Trentino-Alto Adige/Südtirol,IT,46.5969676,11.5302458
IT0000647482885,CASSA RAIFFEISEN DI FUNES SOCIETA' COOPERATIVA (IN LINGUA TEDESCA RAIFFEISENKASSE VILLNOESS GENOSSENSCHAFT),Entidad de crédito,"PETERWEG, N. 6",FUNES-VILLNOSS,Trentino-Alto Adige/Südtirol,IT,46.4762164,11.022242
IT0000647482885,CASSA RAIFFEISEN DI FUNES SOCIETA' COOPERATIVA (IN LINGUA TEDESCA RAIFFEISENKASSE VILLNOESS GENOSSENSCHAFT),Entidad de crédito,"PETERWEG, N. 6",FUNES-VILLNOSS,Trentino-Alto Adige/Südtirol,IT,46.883059,11.378552
IT0000647482885,CASSA RAIFFEISEN DI FUNES SOCIETA' COOPERATIVA (IN LINGUA TEDESCA RAIFFEISENKASSE VILLNOESS GENOSSENSCHAFT),Entidad de crédito,"PETERWEG, N. 6",FUNES-VILLNOSS,Trentino-Alto Adige/Südtirol,IT,46.2389494,11.2124245
IT0000647482885,CASSA RAIFFEISEN DI FUNES SOCIETA' COOPERATIVA (IN LINGUA TEDESCA RAIFFEISENKASSE VILLNOESS GENOSSENSCHAFT),Entidad de crédito,"PETERWEG, N. 6",FUNES-VILLNOSS,Trentino-Alto Adige/Südtirol,IT,46.341087,11.2397625
IT0000647482885,CASSA RAIFFEISEN DI FUNES SOCIETA' COOPERATIVA (IN LINGUA TEDESCA RAIFFEISENKASSE VILLNOESS GENOSSENSCHAFT),Entidad de crédito,"PETERWEG, N. 6",FUNES-VILLNOSS,Trentino-Alto Adige/Südtirol,IT,46.3225638,11.3490311
IT0000647482885,CASSA RAIFFEISEN DI FUNES SOCIETA' COOPERATIVA (IN LINGUA TEDESCA RAIFFEISENKASSE VILLNOESS GENOSSENSCHAFT),Entidad de crédito,"PETERWEG, N. 6",FUNES-VILLNOSS,Trentino-Alto Adige/Südtirol,IT,46.7401193,11.63569
IT0000647482885,CASSA RAIFFEISEN DI FUNES SOCIETA' COOPERATIVA (IN LINGUA TEDESCA RAIFFEISENKASSE VILLNOESS GENOSSENSCHAFT),Entidad de crédito,"PETERWEG, N. 6",FUNES-VILLNOSS,Trentino-Alto Adige/Südtirol,IT,46.63116,11.5394862
IT0000647482885,CASSA RAIFFEISEN DI FUNES SOCIETA' COOPERATIVA (IN LINGUA TEDESCA RAIFFEISENKASSE VILLNOESS GENOSSENSCHAFT),Entidad de crédito,"PETERWEG, N. 6",FUNES-VILLNOSS,Trentino-Alto Adige/Südtirol,IT,46.6687892,11.5988803
IT0000102755926,CASSA RAIFFEISEN DI LAGUNDO SOCIETA' COOPERATIVA (IN LINGUA TEDESCA RAIFFEISENKASSE ALGUND GENOSSENSCHAFT),Entidad de crédito,"VIA STRADA VECCHIA, 21",LAGUNDO-ALGUND,Trentino-Alto Adige/Südtirol,IT,46.6835885,11.1213208
IT0000647482967,CASSA RAIFFEISEN DI LASA SOCIETA' COOPERATIVA (IN LINGUA TEDESCA RAIFFEISENKASSE LAAS GENOSSENSCHAFT),Entidad de crédito,"VIA VENOSTA, 48",LASA  -  LAAS,Trentino-Alto Adige/Südtirol,IT,46.6181641,10.6974972
IT0000615340206,CASSA RAIFFEISEN DI MARLENGO SOCIETA' COOPERATIVA (IN LINGUA TEDESCA RAIFFEISENKASSE MARLING GENOSSENSHAFT),Entidad de crédito,"VIA FRANZ INNERHOFER, 3",MARLENGO-MARLING,Trentino-Alto Adige/Südtirol,IT,46.6283324,10.9011791
IT0000615340206,CASSA RAIFFEISEN DI MARLENGO SOCIETA' COOPERATIVA (IN LINGUA TEDESCA RAIFFEISENKASSE MARLING GENOSSENSHAFT),Entidad de crédito,"VIA FRANZ INNERHOFER, 3",MARLENGO-MARLING,Trentino-Alto Adige/Südtirol,IT,46.6711327,10.5549783
IT0000615340206,CASSA RAIFFEISEN DI MARLENGO SOCIETA' COOPERATIVA (IN LINGUA TEDESCA RAIFFEISENKASSE MARLING GENOSSENSHAFT),Entidad de crédito,"VIA FRANZ INNERHOFER, 3",MARLENGO-MARLING,Trentino-Alto Adige/Südtirol,IT,46.6548175,11.1404466
IT0000615340206,CASSA RAIFFEISEN DI MARLENGO SOCIETA' COOPERATIVA (IN LINGUA TEDESCA RAIFFEISENKASSE MARLING GENOSSENSHAFT),Entidad de crédito,"VIA FRANZ INNERHOFER, 3",MARLENGO-MARLING,Trentino-Alto Adige/Südtirol,IT,46.5660568,10.7824528
IT0000615340206,CASSA RAIFFEISEN DI MARLENGO SOCIETA' COOPERATIVA (IN LINGUA TEDESCA RAIFFEISENKASSE MARLING GENOSSENSHAFT),Entidad de crédito,"VIA FRANZ INNERHOFER, 3",MARLENGO-MARLING,Trentino-Alto Adige/Südtirol,IT,46.6846276,11.0731517
IT0000615340206,CASSA RAIFFEISEN DI MARLENGO SOCIETA' COOPERATIVA (IN LINGUA TEDESCA RAIFFEISENKASSE MARLING GENOSSENSHAFT),Entidad de crédito,"VIA FRANZ INNERHOFER, 3",MARLENGO-MARLING,Trentino-Alto Adige/Südtirol,IT,46.7052512,10.9097097
IT0000615340206,CASSA RAIFFEISEN DI MARLENGO SOCIETA' COOPERATIVA (IN LINGUA TEDESCA RAIFFEISENKASSE MARLING GENOSSENSHAFT),Entidad de crédito,"VIA FRANZ INNERHOFER, 3",MARLENGO-MARLING,Trentino-Alto Adige/Südtirol,IT,46.6641667,10.5848011
IT0000615340206,CASSA RAIFFEISEN DI MARLENGO SOCIETA' COOPERATIVA (IN LINGUA TEDESCA RAIFFEISENKASSE MARLING GENOSSENSHAFT),Entidad de crédito,"VIA FRANZ INNERHOFER, 3",MARLENGO-MARLING,Trentino-Alto Adige/Südtirol,IT,46.6465044,10.4644154
IT0000272299967,CASSA RAIFFEISEN DI MONGUELFO-CASIES-TESIDO SOCIETA' COOPERATIVA (RAIFFEISENKASSE WELSBERG-GSIES-TAISTEN GENOSSENSCHAFT),Entidad de crédito,"VIA PUSTERIA, 9",MONGUELFO-WELSBERG,Trentino-Alto Adige/Südtirol,IT,46.7569944,12.104787
IT0000395728544,CASSA RAIFFEISEN DI NOVA PONENTE-ALDINO SOCIETA' COOPERATIVA(IN TEDESCO RAIFFEISENKASSE DEUTSCHNOFEN-ALDEIN GEN.),Entidad de crédito,"VIA PRINCIPALE, 4",NOVA PONENTE-DEUTSCHNOFEN,Trentino-Alto Adige/Südtirol,IT,46.5176239,11.5016733
IT0000395728544,CASSA RAIFFEISEN DI NOVA PONENTE-ALDINO SOCIETA' COOPERATIVA(IN TEDESCO RAIFFEISENKASSE DEUTSCHNOFEN-ALDEIN GEN.),Entidad de crédito,"VIA PRINCIPALE, 4",NOVA PONENTE-DEUTSCHNOFEN,Trentino-Alto Adige/Südtirol,IT,46.4144449,11.4255689
IT0000395728544,CASSA RAIFFEISEN DI NOVA PONENTE-ALDINO SOCIETA' COOPERATIVA(IN TEDESCO RAIFFEISENKASSE DEUTSCHNOFEN-ALDEIN GEN.),Entidad de crédito,"VIA PRINCIPALE, 4",NOVA PONENTE-DEUTSCHNOFEN,Trentino-Alto Adige/Südtirol,IT,46.5347406,11.3312871
IT0000395728544,CASSA RAIFFEISEN DI NOVA PONENTE-ALDINO SOCIETA' COOPERATIVA(IN TEDESCO RAIFFEISENKASSE DEUTSCHNOFEN-ALDEIN GEN.),Entidad de crédito,"VIA PRINCIPALE, 4",NOVA PONENTE-DEUTSCHNOFEN,Trentino-Alto Adige/Südtirol,IT,46.4671749,11.5276908
IT0000130403572,CASSA RAIFFEISEN DI PARCINES SOCIETA' COOPERATIVA (IN LINGUA TEDESCA RAIFFEISENKASSE PARTSCHINS GENOSSENSHAFT),Entidad de crédito,"VIA SPAUREGG, 12",PARCINES-PARTSCHINS,Trentino-Alto Adige/Südtirol,IT,46.6283324,10.9011791
IT0000130403572,CASSA RAIFFEISEN DI PARCINES SOCIETA' COOPERATIVA (IN LINGUA TEDESCA RAIFFEISENKASSE PARTSCHINS GENOSSENSHAFT),Entidad de crédito,"VIA SPAUREGG, 12",PARCINES-PARTSCHINS,Trentino-Alto Adige/Südtirol,IT,46.6711327,10.5549783
IT0000130403572,CASSA RAIFFEISEN DI PARCINES SOCIETA' COOPERATIVA (IN LINGUA TEDESCA RAIFFEISENKASSE PARTSCHINS GENOSSENSHAFT),Entidad de crédito,"VIA SPAUREGG, 12",PARCINES-PARTSCHINS,Trentino-Alto Adige/Südtirol,IT,46.6548175,11.1404466
IT0000130403572,CASSA RAIFFEISEN DI PARCINES SOCIETA' COOPERATIVA (IN LINGUA TEDESCA RAIFFEISENKASSE PARTSCHINS GENOSSENSHAFT),Entidad de crédito,"VIA SPAUREGG, 12",PARCINES-PARTSCHINS,Trentino-Alto Adige/Südtirol,IT,46.5660568,10.7824528
IT0000130403572,CASSA RAIFFEISEN DI PARCINES SOCIETA' COOPERATIVA (IN LINGUA TEDESCA RAIFFEISENKASSE PARTSCHINS GENOSSENSHAFT),Entidad de crédito,"VIA SPAUREGG, 12",PARCINES-PARTSCHINS,Trentino-Alto Adige/Südtirol,IT,46.6846276,11.0731517
IT0000130403572,CASSA RAIFFEISEN DI PARCINES SOCIETA' COOPERATIVA (IN LINGUA TEDESCA RAIFFEISENKASSE PARTSCHINS GENOSSENSHAFT),Entidad de crédito,"VIA SPAUREGG, 12",PARCINES-PARTSCHINS,Trentino-Alto Adige/Südtirol,IT,46.7052512,10.9097097
IT0000130403572,CASSA RAIFFEISEN DI PARCINES SOCIETA' COOPERATIVA (IN LINGUA TEDESCA RAIFFEISENKASSE PARTSCHINS GENOSSENSHAFT),Entidad de crédito,"VIA SPAUREGG, 12",PARCINES-PARTSCHINS,Trentino-Alto Adige/Südtirol,IT,46.6641667,10.5848011
IT0000130403572,CASSA RAIFFEISEN DI PARCINES SOCIETA' COOPERATIVA (IN LINGUA TEDESCA RAIFFEISENKASSE PARTSCHINS GENOSSENSHAFT),Entidad de crédito,"VIA SPAUREGG, 12",PARCINES-PARTSCHINS,Trentino-Alto Adige/Südtirol,IT,46.6465044,10.4644154
IT0000598243679,CASSA RAIFFEISEN DI SAN MARTINO IN PASSIRIA SOCIETA' COOPERATIVA (RAIFFEISENKASSE ST. MARTIN IN PASSEIER GENOSSENSCHAFT),Entidad de crédito,"VIA GIOVO, 7",SAN MARTINO IN PASSIRIA-SANKT,Trentino-Alto Adige/Südtirol,IT,46.5203668,11.2331345
IT0000598243679,CASSA RAIFFEISEN DI SAN MARTINO IN PASSIRIA SOCIETA' COOPERATIVA (RAIFFEISENKASSE ST. MARTIN IN PASSEIER GENOSSENSCHAFT),Entidad de crédito,"VIA GIOVO, 7",SAN MARTINO IN PASSIRIA-SANKT,Trentino-Alto Adige/Südtirol,IT,46.6461328,11.2245184
IT0000598243679,CASSA RAIFFEISEN DI SAN MARTINO IN PASSIRIA SOCIETA' COOPERATIVA (RAIFFEISENKASSE ST. MARTIN IN PASSEIER GENOSSENSCHAFT),Entidad de crédito,"VIA GIOVO, 7",SAN MARTINO IN PASSIRIA-SANKT,Trentino-Alto Adige/Südtirol,IT,46.7018443,11.1806584
IT0000598243679,CASSA RAIFFEISEN DI SAN MARTINO IN PASSIRIA SOCIETA' COOPERATIVA (RAIFFEISENKASSE ST. MARTIN IN PASSEIER GENOSSENSCHAFT),Entidad de crédito,"VIA GIOVO, 7",SAN MARTINO IN PASSIRIA-SANKT,Trentino-Alto Adige/Südtirol,IT,46.6327495,11.1449304
IT0000598243679,CASSA RAIFFEISEN DI SAN MARTINO IN PASSIRIA SOCIETA' COOPERATIVA (RAIFFEISENKASSE ST. MARTIN IN PASSEIER GENOSSENSCHAFT),Entidad de crédito,"VIA GIOVO, 7",SAN MARTINO IN PASSIRIA-SANKT,Trentino-Alto Adige/Südtirol,IT,46.5847946,11.2013115
IT0000598243679,CASSA RAIFFEISEN DI SAN MARTINO IN PASSIRIA SOCIETA' COOPERATIVA (RAIFFEISENKASSE ST. MARTIN IN PASSEIER GENOSSENSCHAFT),Entidad de crédito,"VIA GIOVO, 7",SAN MARTINO IN PASSIRIA-SANKT,Trentino-Alto Adige/Südtirol,IT,46.5868603,11.2538278
IT0000598243679,CASSA RAIFFEISEN DI SAN MARTINO IN PASSIRIA SOCIETA' COOPERATIVA (RAIFFEISENKASSE ST. MARTIN IN PASSEIER GENOSSENSCHAFT),Entidad de crédito,"VIA GIOVO, 7",SAN MARTINO IN PASSIRIA-SANKT,Trentino-Alto Adige/Südtirol,IT,46.5431168,11.2034026
IT0000598243679,CASSA RAIFFEISEN DI SAN MARTINO IN PASSIRIA SOCIETA' COOPERATIVA (RAIFFEISENKASSE ST. MARTIN IN PASSEIER GENOSSENSCHAFT),Entidad de crédito,"VIA GIOVO, 7",SAN MARTINO IN PASSIRIA-SANKT,Trentino-Alto Adige/Südtirol,IT,46.7018443,11.1806584
IT0000598243679,CASSA RAIFFEISEN DI SAN MARTINO IN PASSIRIA SOCIETA' COOPERATIVA (RAIFFEISENKASSE ST. MARTIN IN PASSEIER GENOSSENSCHAFT),Entidad de crédito,"VIA GIOVO, 7",SAN MARTINO IN PASSIRIA-SANKT,Trentino-Alto Adige/Südtirol,IT,46.7822205,11.227057
IT0000598243679,CASSA RAIFFEISEN DI SAN MARTINO IN PASSIRIA SOCIETA' COOPERATIVA (RAIFFEISENKASSE ST. MARTIN IN PASSEIER GENOSSENSCHAFT),Entidad de crédito,"VIA GIOVO, 7",SAN MARTINO IN PASSIRIA-SANKT,Trentino-Alto Adige/Südtirol,IT,46.5856332,11.0865324
IT0000598243679,CASSA RAIFFEISEN DI SAN MARTINO IN PASSIRIA SOCIETA' COOPERATIVA (RAIFFEISENKASSE ST. MARTIN IN PASSEIER GENOSSENSCHAFT),Entidad de crédito,"VIA GIOVO, 7",SAN MARTINO IN PASSIRIA-SANKT,Trentino-Alto Adige/Südtirol,IT,46.5637876,11.1693184
IT0000598243679,CASSA RAIFFEISEN DI SAN MARTINO IN PASSIRIA SOCIETA' COOPERATIVA (RAIFFEISENKASSE ST. MARTIN IN PASSEIER GENOSSENSCHAFT),Entidad de crédito,"VIA GIOVO, 7",SAN MARTINO IN PASSIRIA-SANKT,Trentino-Alto Adige/Südtirol,IT,46.6050315,11.2265497
IT0000598243679,CASSA RAIFFEISEN DI SAN MARTINO IN PASSIRIA SOCIETA' COOPERATIVA (RAIFFEISENKASSE ST. MARTIN IN PASSEIER GENOSSENSCHAFT),Entidad de crédito,"VIA GIOVO, 7",SAN MARTINO IN PASSIRIA-SANKT,Trentino-Alto Adige/Südtirol,IT,46.4924668,11.1319034
IT0000167984807,CASSA RAIFFEISEN DI SCENA SOCIETA' COOPERATIVA (IN LINGUA TEDESCA RAIFFEISENKASSE SCHENNA GENOSSENSCHAFT),Entidad de crédito,"PIAZZA ARCIDUCA GIOVANNI, 2",SCENA-SCHENNA,Trentino-Alto Adige/Südtirol,IT,46.6901016,11.1869585
IT0000643844984,CASSA RAIFFEISEN DI TESIMO SOCIETA' COOPERATIVA (IN LINGUA TEDESCA RAIFFEISENKASSE TISENS GENOSSENSCHAFT),Entidad de crédito,"VIA TESIMO, 81",TESIMO-TISENS,Trentino-Alto Adige/Südtirol,IT,46.5203668,11.2331345
IT0000643844984,CASSA RAIFFEISEN DI TESIMO SOCIETA' COOPERATIVA (IN LINGUA TEDESCA RAIFFEISENKASSE TISENS GENOSSENSCHAFT),Entidad de crédito,"VIA TESIMO, 81",TESIMO-TISENS,Trentino-Alto Adige/Südtirol,IT,46.6461328,11.2245184
IT0000643844984,CASSA RAIFFEISEN DI TESIMO SOCIETA' COOPERATIVA (IN LINGUA TEDESCA RAIFFEISENKASSE TISENS GENOSSENSCHAFT),Entidad de crédito,"VIA TESIMO, 81",TESIMO-TISENS,Trentino-Alto Adige/Südtirol,IT,46.7018443,11.1806584
IT0000643844984,CASSA RAIFFEISEN DI TESIMO SOCIETA' COOPERATIVA (IN LINGUA TEDESCA RAIFFEISENKASSE TISENS GENOSSENSCHAFT),Entidad de crédito,"VIA TESIMO, 81",TESIMO-TISENS,Trentino-Alto Adige/Südtirol,IT,46.6327495,11.1449304
IT0000643844984,CASSA RAIFFEISEN DI TESIMO SOCIETA' COOPERATIVA (IN LINGUA TEDESCA RAIFFEISENKASSE TISENS GENOSSENSCHAFT),Entidad de crédito,"VIA TESIMO, 81",TESIMO-TISENS,Trentino-Alto Adige/Südtirol,IT,46.5847946,11.2013115
IT0000643844984,CASSA RAIFFEISEN DI TESIMO SOCIETA' COOPERATIVA (IN LINGUA TEDESCA RAIFFEISENKASSE TISENS GENOSSENSCHAFT),Entidad de crédito,"VIA TESIMO, 81",TESIMO-TISENS,Trentino-Alto Adige/Südtirol,IT,46.5868603,11.2538278
IT0000643844984,CASSA RAIFFEISEN DI TESIMO SOCIETA' COOPERATIVA (IN LINGUA TEDESCA RAIFFEISENKASSE TISENS GENOSSENSCHAFT),Entidad de crédito,"VIA TESIMO, 81",TESIMO-TISENS,Trentino-Alto Adige/Südtirol,IT,46.5431168,11.2034026
IT0000643844984,CASSA RAIFFEISEN DI TESIMO SOCIETA' COOPERATIVA (IN LINGUA TEDESCA RAIFFEISENKASSE TISENS GENOSSENSCHAFT),Entidad de crédito,"VIA TESIMO, 81",TESIMO-TISENS,Trentino-Alto Adige/Südtirol,IT,46.7018443,11.1806584
IT0000643844984,CASSA RAIFFEISEN DI TESIMO SOCIETA' COOPERATIVA (IN LINGUA TEDESCA RAIFFEISENKASSE TISENS GENOSSENSCHAFT),Entidad de crédito,"VIA TESIMO, 81",TESIMO-TISENS,Trentino-Alto Adige/Südtirol,IT,46.7822205,11.227057
IT0000643844984,CASSA RAIFFEISEN DI TESIMO SOCIETA' COOPERATIVA (IN LINGUA TEDESCA RAIFFEISENKASSE TISENS GENOSSENSCHAFT),Entidad de crédito,"VIA TESIMO, 81",TESIMO-TISENS,Trentino-Alto Adige/Südtirol,IT,46.5856332,11.0865324
IT0000643844984,CASSA RAIFFEISEN DI TESIMO SOCIETA' COOPERATIVA (IN LINGUA TEDESCA RAIFFEISENKASSE TISENS GENOSSENSCHAFT),Entidad de crédito,"VIA TESIMO, 81",TESIMO-TISENS,Trentino-Alto Adige/Südtirol,IT,46.5637876,11.1693184
IT0000643844984,CASSA RAIFFEISEN DI TESIMO SOCIETA' COOPERATIVA (IN LINGUA TEDESCA RAIFFEISENKASSE TISENS GENOSSENSCHAFT),Entidad de crédito,"VIA TESIMO, 81",TESIMO-TISENS,Trentino-Alto Adige/Südtirol,IT,46.6050315,11.2265497
IT0000643844984,CASSA RAIFFEISEN DI TESIMO SOCIETA' COOPERATIVA (IN LINGUA TEDESCA RAIFFEISENKASSE TISENS GENOSSENSCHAFT),Entidad de crédito,"VIA TESIMO, 81",TESIMO-TISENS,Trentino-Alto Adige/Südtirol,IT,46.4924668,11.1319034
IT0000564512227,CASSA RAIFFEISEN DI VANDOIES SOCIETA' COOPERATIVA (IN LINGUA TEDESCA RAIFFEISENKASSE VINTL GENOSSENSHAFT),Entidad de crédito,"VIA JOSEF ANTON ZOLLER, 6",VANDOIES-VINTL,Trentino-Alto Adige/Südtirol,IT,46.7189948,12.1296118
IT0000564512227,CASSA RAIFFEISEN DI VANDOIES SOCIETA' COOPERATIVA (IN LINGUA TEDESCA RAIFFEISENKASSE VINTL GENOSSENSHAFT),Entidad de crédito,"VIA JOSEF ANTON ZOLLER, 6",VANDOIES-VINTL,Trentino-Alto Adige/Südtirol,IT,46.8064316,11.8363064
IT0000564512227,CASSA RAIFFEISEN DI VANDOIES SOCIETA' COOPERATIVA (IN LINGUA TEDESCA RAIFFEISENKASSE VINTL GENOSSENSHAFT),Entidad de crédito,"VIA JOSEF ANTON ZOLLER, 6",VANDOIES-VINTL,Trentino-Alto Adige/Südtirol,IT,46.8119432,11.8827973
IT0000564512227,CASSA RAIFFEISEN DI VANDOIES SOCIETA' COOPERATIVA (IN LINGUA TEDESCA RAIFFEISENKASSE VINTL GENOSSENSHAFT),Entidad de crédito,"VIA JOSEF ANTON ZOLLER, 6",VANDOIES-VINTL,Trentino-Alto Adige/Südtirol,IT,46.8356705,11.9476819
IT0000564512227,CASSA RAIFFEISEN DI VANDOIES SOCIETA' COOPERATIVA (IN LINGUA TEDESCA RAIFFEISENKASSE VINTL GENOSSENSHAFT),Entidad de crédito,"VIA JOSEF ANTON ZOLLER, 6",VANDOIES-VINTL,Trentino-Alto Adige/Südtirol,IT,46.6975717,11.9327168
IT0000564512227,CASSA RAIFFEISEN DI VANDOIES SOCIETA' COOPERATIVA (IN LINGUA TEDESCA RAIFFEISENKASSE VINTL GENOSSENSHAFT),Entidad de crédito,"VIA JOSEF ANTON ZOLLER, 6",VANDOIES-VINTL,Trentino-Alto Adige/Südtirol,IT,46.7915103,11.9832241
IT0000564512227,CASSA RAIFFEISEN DI VANDOIES SOCIETA' COOPERATIVA (IN LINGUA TEDESCA RAIFFEISENKASSE VINTL GENOSSENSHAFT),Entidad de crédito,"VIA JOSEF ANTON ZOLLER, 6",VANDOIES-VINTL,Trentino-Alto Adige/Südtirol,IT,47.0379923,12.1028171
IT0000564512227,CASSA RAIFFEISEN DI VANDOIES SOCIETA' COOPERATIVA (IN LINGUA TEDESCA RAIFFEISENKASSE VINTL GENOSSENSHAFT),Entidad de crédito,"VIA JOSEF ANTON ZOLLER, 6",VANDOIES-VINTL,Trentino-Alto Adige/Südtirol,IT,46.780763,12.0493564
IT0000564512227,CASSA RAIFFEISEN DI VANDOIES SOCIETA' COOPERATIVA (IN LINGUA TEDESCA RAIFFEISENKASSE VINTL GENOSSENSHAFT),Entidad de crédito,"VIA JOSEF ANTON ZOLLER, 6",VANDOIES-VINTL,Trentino-Alto Adige/Südtirol,IT,46.7835453,11.901813
IT0000564512227,CASSA RAIFFEISEN DI VANDOIES SOCIETA' COOPERATIVA (IN LINGUA TEDESCA RAIFFEISENKASSE VINTL GENOSSENSHAFT),Entidad de crédito,"VIA JOSEF ANTON ZOLLER, 6",VANDOIES-VINTL,Trentino-Alto Adige/Südtirol,IT,46.6820025,11.8982796
IT0000564512227,CASSA RAIFFEISEN DI VANDOIES SOCIETA' COOPERATIVA (IN LINGUA TEDESCA RAIFFEISENKASSE VINTL GENOSSENSHAFT),Entidad de crédito,"VIA JOSEF ANTON ZOLLER, 6",VANDOIES-VINTL,Trentino-Alto Adige/Südtirol,IT,46.8903117,11.8621111
IT0000564512227,CASSA RAIFFEISEN DI VANDOIES SOCIETA' COOPERATIVA (IN LINGUA TEDESCA RAIFFEISENKASSE VINTL GENOSSENSHAFT),Entidad de crédito,"VIA JOSEF ANTON ZOLLER, 6",VANDOIES-VINTL,Trentino-Alto Adige/Südtirol,IT,46.7020896,12.3503066
IT0000564512227,CASSA RAIFFEISEN DI VANDOIES SOCIETA' COOPERATIVA (IN LINGUA TEDESCA RAIFFEISENKASSE VINTL GENOSSENSHAFT),Entidad de crédito,"VIA JOSEF ANTON ZOLLER, 6",VANDOIES-VINTL,Trentino-Alto Adige/Südtirol,IT,46.8290123,11.7766225
IT0000564512227,CASSA RAIFFEISEN DI VANDOIES SOCIETA' COOPERATIVA (IN LINGUA TEDESCA RAIFFEISENKASSE VINTL GENOSSENSHAFT),Entidad de crédito,"VIA JOSEF ANTON ZOLLER, 6",VANDOIES-VINTL,Trentino-Alto Adige/Südtirol,IT,46.7612104,12.0303526
IT0000564512227,CASSA RAIFFEISEN DI VANDOIES SOCIETA' COOPERATIVA (IN LINGUA TEDESCA RAIFFEISENKASSE VINTL GENOSSENSHAFT),Entidad de crédito,"VIA JOSEF ANTON ZOLLER, 6",VANDOIES-VINTL,Trentino-Alto Adige/Südtirol,IT,46.9948795,11.9801403
IT0000564512227,CASSA RAIFFEISEN DI VANDOIES SOCIETA' COOPERATIVA (IN LINGUA TEDESCA RAIFFEISENKASSE VINTL GENOSSENSHAFT),Entidad de crédito,"VIA JOSEF ANTON ZOLLER, 6",VANDOIES-VINTL,Trentino-Alto Adige/Südtirol,IT,46.8111033,12.2273473
IT0000564512227,CASSA RAIFFEISEN DI VANDOIES SOCIETA' COOPERATIVA (IN LINGUA TEDESCA RAIFFEISENKASSE VINTL GENOSSENSHAFT),Entidad de crédito,"VIA JOSEF ANTON ZOLLER, 6",VANDOIES-VINTL,Trentino-Alto Adige/Südtirol,IT,46.8163767,11.7222705
IT0000564512227,CASSA RAIFFEISEN DI VANDOIES SOCIETA' COOPERATIVA (IN LINGUA TEDESCA RAIFFEISENKASSE VINTL GENOSSENSHAFT),Entidad de crédito,"VIA JOSEF ANTON ZOLLER, 6",VANDOIES-VINTL,Trentino-Alto Adige/Südtirol,IT,46.6576513,11.925017
IT0000559526917,CASSA RAIFFEISEN DI VILLABASSA SOCIETA' COOPERATIVA (IN LINGUA TEDESCA RAIFFEISENKASSE NIEDERDORF GENOSSENSCHAFT),Entidad de crédito,"VIA HANS WASSERMANN, 4",VILLABASSA-NIEDERDORF,Trentino-Alto Adige/Südtirol,IT,46.7377426,12.1690848
IT0000250033445,CASSA RAIFFEISEN ETSCHTAL SOCIETA' COOPERATIVA (IN LINGUA TEDESCA RAIFFEISENKASSE ETSCHTAL GENOSSENSCHAFT),Entidad de crédito,"PIAZZA DOTT. WEISER, 9",TERLANO-TERLAN,Trentino-Alto Adige/Südtirol,IT,46.5290778,11.2486383
IT0000559527418,CASSA RAIFFEISEN LACES SOCIETA' COOPERATIVA (IN LINGUA TEDESCA RAIFFEISENKASSE LATSCH GENOSSENSCHAFT),Entidad de crédito,"VIA CENTRALE, 38",LACES-LATSCH,Trentino-Alto Adige/Südtirol,IT,46.6171586,10.8592154
IT0000366235850,CASSA RAIFFEISEN LANA SOCIETA' COOPERATIVA (IN LINGUA TEDESCA RAIFFEISENKASSE LANA GENOSSENSCHAFT),Entidad de crédito,"VIA MADONNA DEL SUFFRAGIO, 22",LANA  -  LANA,Trentino-Alto Adige/Südtirol,IT,46.6161882,11.1453105
IT0000345698551,CASSA RAIFFEISEN MERANO SOCIETA' COOPERATIVA (IN LINGUA TEDESCA RAIFFEISENKASSE MERAN GENOSSENSCHAFT),Entidad de crédito,"CORSO LIBERTA', 40",MERANO-MERAN,Trentino-Alto Adige/Südtirol,IT,46.6720943,11.1616662
IT0000178477574,CASSA RAIFFEISEN OLTRADIGE SOCIETA' COOPERATIVA (IN LINGUA TEDESCA RAIFFEISENKASSE UBERETSCH GENOSSENSCHAFT),Entidad de crédito,"PIAZZA MUNICIPIO, 13",APPIANO SULLA STRADA DEL VINO-,Trentino-Alto Adige/Südtirol,IT,46.4554699,11.2589922
IT0000409390507,CASSA RAIFFEISEN PRATO-TUBRE SOCIETA' COOPERATIVA (IN LINGUA TEDESCA RAIFFEISENKASSE PRAD-TAUFERS GENOSSENSHAFT),Entidad de crédito,"VIA CROCE, 8",PRATO ALLO STELVIO-PRAD AM STI,Trentino-Alto Adige/Südtirol,IT,46.6172434,10.5888752
IT0000643839877,CASSA RAIFFEISEN SCHLERN - ROSENGARTEN SOCIETA' COOPERATIVA (IN TED. RAIFFEISENKASSE SCHLERN-ROSENGARTEN GENOSSENSCHAFT),Entidad de crédito,"ZONA PRODUTTIVA, 1",CORNEDO ALL'ISARCO-KARNEID,Trentino-Alto Adige/Südtirol,IT,46.4940995,11.391868
IT0000593692238,CASSA RAIFFEISEN SILANDRO SOCIETA' COOPERATIVA (IN LINGUA TEDESCA RAIFFEISENKASSE SCHLANDERS GENOSSENSCHAFT),Entidad de crédito,"VIA PRINCIPALE, 33",SILANDRO-SCHLANDERS,Trentino-Alto Adige/Südtirol,IT,46.6279753,10.7731664
IT0000109124261,CASSA RAIFFEISEN TIROLO SOCIETA' COOPERATIVA (IN LINGUA TEDESCA RAIFFEISENKASSE TIROL GENOSSENSCHAFT),Entidad de crédito,"VIA PRINCIPALE, 31",TIROLO-TIROL,Trentino-Alto Adige/Südtirol,IT,46.6906322,11.1538499
IT0000197569072,CASSA RAIFFEISEN TURES-AURINA SOCIETA' COOPERATIVA (IN LINGUA TEDESCA RAIFFEISENKASSE TAUFERER-AHRNTAL GENOSSENSCHAFT),Entidad de crédito,"VIA VALLE AURINA, 20",CAMPO TURES-SAND IN TAUFERS,Trentino-Alto Adige/Südtirol,IT,46.9198078,11.9523794
IT0000643843738,CASSA RAIFFEISEN ULTIMO - S. PANCRAZIO - LAUREGNO SOCIETA' COOPERATIVA (RAIFFEISENKASSE ULTEN-ST.PANKRAZ-LAUREIN GEN.),Entidad de crédito,"VIA PRINCIPALE, 118",ULTIMO-ULTEN,Trentino-Alto Adige/Südtirol,IT,46.5502782,11.0059276
IT0000125068044,CASSA RAIFFEISEN VAL BADIA SOCIETA' COOPERATIVA - GENOSSENSCHAFT,Entidad de crédito,"VIA COL ALT, 16",CORVARA IN BADIA-CORVARA,Trentino-Alto Adige/Südtirol,IT,46.54986,11.874057
IT0000511477421,CASSA RAIFFEISEN VAL GARDENA SOCIETA' COOPERATIVA (RAIFFEISENKASSE GRODEN GENOSSENSCHAFT - CASSA RAIFFEISEN GHERDEINA),Entidad de crédito,"VIA MEISULES, 211",SELVA DI VAL GARDENA,Trentino-Alto Adige/Südtirol,IT,46.5561577,11.7582758
IT0000615339562,CASSA RAIFFEISEN VAL SARENTINO SOCIETA' COOPERATIVA (IN LINGUA TEDESCA RAIFFEISENKASSE SARNTAL GENOSSENSCHAFT),Entidad de crédito,"PIAZZA DELLA CHIESA, 5",SARENTINO-SARNTAL,Trentino-Alto Adige/Südtirol,IT,46.6427283,11.3566581
IT0000526512542,CASSA RAIFFEISEN WIPPTAL SOCIETA' COOPERATIVA (IN LINGUA TEDESCA RAIFFEISENKASSE WIPPTAL GENOSSENSCHAFT),Entidad de crédito,"CITTA' NUOVA, 9",VIPITENO-STERZING,Trentino-Alto Adige/Südtirol,IT,46.8997441,11.4624438
IT0000526512542,CASSA RAIFFEISEN WIPPTAL SOCIETA' COOPERATIVA (IN LINGUA TEDESCA RAIFFEISENKASSE WIPPTAL GENOSSENSCHAFT),Entidad de crédito,"CITTA' NUOVA, 9",VIPITENO-STERZING,Trentino-Alto Adige/Südtirol,IT,46.8979094,11.4318371
IT0000162899448,CASSA RURALE  VAL DI FIEMME - BANCA DI CREDITO COOPERATIVO - SOCIETA' COOPERATIVA,Entidad de crédito,"PIAZZA CESARE BATTISTI,  12",CAVALESE,Trentino-Alto Adige/Südtirol,IT,46.2907346,11.4593419
IT0000207618473,CASSA RURALE ALTA VALSUGANA - BANCA DI CREDITO COOPERATIVO - SOCIETA' COOPERATIVA,Entidad de crédito,"PIAZZA GAVAZZI, 5",PERGINE VALSUGANA,Trentino-Alto Adige/Südtirol,IT,46.060538,11.240598
IT0000207618473,CASSA RURALE ALTA VALSUGANA - BANCA DI CREDITO COOPERATIVO - SOCIETA' COOPERATIVA,Entidad de crédito,"PIAZZA GAVAZZI, 5",PERGINE VALSUGANA,Trentino-Alto Adige/Südtirol,IT,46.0444726,11.2772566
IT0000221754915,CASSA RURALE ALTOGARDA - ROVERETO - BANCA DI CREDITO COOPERATIVO - SOCIETA' COOPERATIVA,Entidad de crédito,"VIALE DELLE MAGNOLIE, 1",ARCO,Trentino-Alto Adige/Südtirol,IT,45.9192493,10.8862296
IT0000305196078,CASSA RURALE DI BOLZANO SOCIETA' COOPERATIVA (IN LINGUA TEDESCA RAIFFEISENKASSE BOZEN GENOSSENSCHAFT),Entidad de crédito,"VIA DE LAI, 2",BOLZANO-BOZEN,Trentino-Alto Adige/Südtirol,IT,46.4990522,11.3563105
IT0000641229480,CASSA RURALE DI LEDRO - BANCA DI CREDITO COOPERATIVO - SOCIETA' COOPERATIVA,Entidad de crédito,"VIALE CHIASSI, 17",LEDRO,Trentino-Alto Adige/Südtirol,IT,45.8887164,10.7327869
IT0000273649266,CASSA RURALE DI SALORNO SOCIETA' COOPERATIVA (IN LINGUA TEDESCA RAIFFEISENKASSE SALURN GENOSSENSCHAFT),Entidad de crédito,"VIA TRENTO, 7",SALORNO SULLA STRADA DEL VINO - SALURN AN DER WEINSTRASSE,Trentino-Alto Adige/Südtirol,IT,46.3678092,11.354128
IT0000273649266,CASSA RURALE DI SALORNO SOCIETA' COOPERATIVA (IN LINGUA TEDESCA RAIFFEISENKASSE SALURN GENOSSENSCHAFT),Entidad de crédito,"VIA TRENTO, 7",SALORNO SULLA STRADA DEL VINO - SALURN AN DER WEINSTRASSE,Trentino-Alto Adige/Südtirol,IT,46.277635,11.3660356
IT0000273649266,CASSA RURALE DI SALORNO SOCIETA' COOPERATIVA (IN LINGUA TEDESCA RAIFFEISENKASSE SALURN GENOSSENSCHAFT),Entidad de crédito,"VIA TRENTO, 7",SALORNO SULLA STRADA DEL VINO - SALURN AN DER WEINSTRASSE,Trentino-Alto Adige/Südtirol,IT,46.6036182,11.5198339
IT0000273649266,CASSA RURALE DI SALORNO SOCIETA' COOPERATIVA (IN LINGUA TEDESCA RAIFFEISENKASSE SALURN GENOSSENSCHAFT),Entidad de crédito,"VIA TRENTO, 7",SALORNO SULLA STRADA DEL VINO - SALURN AN DER WEINSTRASSE,Trentino-Alto Adige/Südtirol,IT,46.8713172,11.4838016
IT0000273649266,CASSA RURALE DI SALORNO SOCIETA' COOPERATIVA (IN LINGUA TEDESCA RAIFFEISENKASSE SALURN GENOSSENSCHAFT),Entidad de crédito,"VIA TRENTO, 7",SALORNO SULLA STRADA DEL VINO - SALURN AN DER WEINSTRASSE,Trentino-Alto Adige/Südtirol,IT,46.5681173,11.5592863
IT0000273649266,CASSA RURALE DI SALORNO SOCIETA' COOPERATIVA (IN LINGUA TEDESCA RAIFFEISENKASSE SALURN GENOSSENSCHAFT),Entidad de crédito,"VIA TRENTO, 7",SALORNO SULLA STRADA DEL VINO - SALURN AN DER WEINSTRASSE,Trentino-Alto Adige/Südtirol,IT,46.3135356,11.2226025
IT0000273649266,CASSA RURALE DI SALORNO SOCIETA' COOPERATIVA (IN LINGUA TEDESCA RAIFFEISENKASSE SALURN GENOSSENSCHAFT),Entidad de crédito,"VIA TRENTO, 7",SALORNO SULLA STRADA DEL VINO - SALURN AN DER WEINSTRASSE,Trentino-Alto Adige/Südtirol,IT,46.2689448,11.2227283
IT0000273649266,CASSA RURALE DI SALORNO SOCIETA' COOPERATIVA (IN LINGUA TEDESCA RAIFFEISENKASSE SALURN GENOSSENSCHAFT),Entidad de crédito,"VIA TRENTO, 7",SALORNO SULLA STRADA DEL VINO - SALURN AN DER WEINSTRASSE,Trentino-Alto Adige/Südtirol,IT,46.6422431,11.6804782
IT0000273649266,CASSA RURALE DI SALORNO SOCIETA' COOPERATIVA (IN LINGUA TEDESCA RAIFFEISENKASSE SALURN GENOSSENSCHAFT),Entidad de crédito,"VIA TRENTO, 7",SALORNO SULLA STRADA DEL VINO - SALURN AN DER WEINSTRASSE,Trentino-Alto Adige/Südtirol,IT,46.6087013,11.565023
IT0000273649266,CASSA RURALE DI SALORNO SOCIETA' COOPERATIVA (IN LINGUA TEDESCA RAIFFEISENKASSE SALURN GENOSSENSCHAFT),Entidad de crédito,"VIA TRENTO, 7",SALORNO SULLA STRADA DEL VINO - SALURN AN DER WEINSTRASSE,Trentino-Alto Adige/Südtirol,IT,46.4542294,11.0622429
IT0000273649266,CASSA RURALE DI SALORNO SOCIETA' COOPERATIVA (IN LINGUA TEDESCA RAIFFEISENKASSE SALURN GENOSSENSCHAFT),Entidad de crédito,"VIA TRENTO, 7",SALORNO SULLA STRADA DEL VINO - SALURN AN DER WEINSTRASSE,Trentino-Alto Adige/Südtirol,IT,46.7459388,11.760741
IT0000273649266,CASSA RURALE DI SALORNO SOCIETA' COOPERATIVA (IN LINGUA TEDESCA RAIFFEISENKASSE SALURN GENOSSENSCHAFT),Entidad de crédito,"VIA TRENTO, 7",SALORNO SULLA STRADA DEL VINO - SALURN AN DER WEINSTRASSE,Trentino-Alto Adige/Südtirol,IT,46.2867552,11.2089608
IT0000273649266,CASSA RURALE DI SALORNO SOCIETA' COOPERATIVA (IN LINGUA TEDESCA RAIFFEISENKASSE SALURN GENOSSENSCHAFT),Entidad de crédito,"VIA TRENTO, 7",SALORNO SULLA STRADA DEL VINO - SALURN AN DER WEINSTRASSE,Trentino-Alto Adige/Südtirol,IT,46.3313243,11.3027193
IT0000273649266,CASSA RURALE DI SALORNO SOCIETA' COOPERATIVA (IN LINGUA TEDESCA RAIFFEISENKASSE SALURN GENOSSENSCHAFT),Entidad de crédito,"VIA TRENTO, 7",SALORNO SULLA STRADA DEL VINO - SALURN AN DER WEINSTRASSE,Trentino-Alto Adige/Südtirol,IT,46.7705837,11.6658163
IT0000273649266,CASSA RURALE DI SALORNO SOCIETA' COOPERATIVA (IN LINGUA TEDESCA RAIFFEISENKASSE SALURN GENOSSENSCHAFT),Entidad de crédito,"VIA TRENTO, 7",SALORNO SULLA STRADA DEL VINO - SALURN AN DER WEINSTRASSE,Trentino-Alto Adige/Südtirol,IT,46.3481366,11.2982227
IT0000273649266,CASSA RURALE DI SALORNO SOCIETA' COOPERATIVA (IN LINGUA TEDESCA RAIFFEISENKASSE SALURN GENOSSENSCHAFT),Entidad de crédito,"VIA TRENTO, 7",SALORNO SULLA STRADA DEL VINO - SALURN AN DER WEINSTRASSE,Trentino-Alto Adige/Südtirol,IT,46.5969676,11.5302458
IT0000273649266,CASSA RURALE DI SALORNO SOCIETA' COOPERATIVA (IN LINGUA TEDESCA RAIFFEISENKASSE SALURN GENOSSENSCHAFT),Entidad de crédito,"VIA TRENTO, 7",SALORNO SULLA STRADA DEL VINO - SALURN AN DER WEINSTRASSE,Trentino-Alto Adige/Südtirol,IT,46.4762164,11.022242
IT0000273649266,CASSA RURALE DI SALORNO SOCIETA' COOPERATIVA (IN LINGUA TEDESCA RAIFFEISENKASSE SALURN GENOSSENSCHAFT),Entidad de crédito,"VIA TRENTO, 7",SALORNO SULLA STRADA DEL VINO - SALURN AN DER WEINSTRASSE,Trentino-Alto Adige/Südtirol,IT,46.883059,11.378552
IT0000273649266,CASSA RURALE DI SALORNO SOCIETA' COOPERATIVA (IN LINGUA TEDESCA RAIFFEISENKASSE SALURN GENOSSENSCHAFT),Entidad de crédito,"VIA TRENTO, 7",SALORNO SULLA STRADA DEL VINO - SALURN AN DER WEINSTRASSE,Trentino-Alto Adige/Südtirol,IT,46.2389494,11.2124245
IT0000273649266,CASSA RURALE DI SALORNO SOCIETA' COOPERATIVA (IN LINGUA TEDESCA RAIFFEISENKASSE SALURN GENOSSENSCHAFT),Entidad de crédito,"VIA TRENTO, 7",SALORNO SULLA STRADA DEL VINO - SALURN AN DER WEINSTRASSE,Trentino-Alto Adige/Südtirol,IT,46.341087,11.2397625
IT0000273649266,CASSA RURALE DI SALORNO SOCIETA' COOPERATIVA (IN LINGUA TEDESCA RAIFFEISENKASSE SALURN GENOSSENSCHAFT),Entidad de crédito,"VIA TRENTO, 7",SALORNO SULLA STRADA DEL VINO - SALURN AN DER WEINSTRASSE,Trentino-Alto Adige/Südtirol,IT,46.3225638,11.3490311
IT0000273649266,CASSA RURALE DI SALORNO SOCIETA' COOPERATIVA (IN LINGUA TEDESCA RAIFFEISENKASSE SALURN GENOSSENSCHAFT),Entidad de crédito,"VIA TRENTO, 7",SALORNO SULLA STRADA DEL VINO - SALURN AN DER WEINSTRASSE,Trentino-Alto Adige/Südtirol,IT,46.7401193,11.63569
IT0000273649266,CASSA RURALE DI SALORNO SOCIETA' COOPERATIVA (IN LINGUA TEDESCA RAIFFEISENKASSE SALURN GENOSSENSCHAFT),Entidad de crédito,"VIA TRENTO, 7",SALORNO SULLA STRADA DEL VINO - SALURN AN DER WEINSTRASSE,Trentino-Alto Adige/Südtirol,IT,46.63116,11.5394862
IT0000273649266,CASSA RURALE DI SALORNO SOCIETA' COOPERATIVA (IN LINGUA TEDESCA RAIFFEISENKASSE SALURN GENOSSENSCHAFT),Entidad de crédito,"VIA TRENTO, 7",SALORNO SULLA STRADA DEL VINO - SALURN AN DER WEINSTRASSE,Trentino-Alto Adige/Südtirol,IT,46.6687892,11.5988803
IT0000101248406,CASSA RURALE ED ARTIGIANA DI BINASCO - CREDITO COOPERATIVO SOCIETA' COOPERATIVA,Entidad de crédito,"VIA TURATI, 2",BINASCO,Lombardia,IT,45.332192,9.0996124
IT0000101248406,CASSA RURALE ED ARTIGIANA DI BINASCO - CREDITO COOPERATIVO SOCIETA' COOPERATIVA,Entidad de crédito,"VIA TURATI, 2",BINASCO,Lombardia,IT,45.3577611,9.0709221
IT0000177163414,CASSA RURALE ED ARTIGIANA DI BORGO SAN GIACOMO (BRESCIA) - CREDITO COOPERATIVO - SOCIETA' COOPERATIVA,Entidad de crédito,"VIA PETROBELLI, 11",BORGO SAN GIACOMO,Lombardia,IT,45.3501934,9.9679357
IT0000643847539,CASSA RURALE ED ARTIGIANA DI BOVES - BANCA DI CREDITO COOPERATIVO (BOVES-CUNEO) - SOCIETA' COOPERATIVA,Entidad de crédito,"PIAZZA ITALIA, 44",BOVES,Piemonte,IT,44.329758,7.5516836
IT0000100887308,CASSA RURALE ED ARTIGIANA DI CANTU' BANCA DI CREDITO COOPERATIVO - SOCIETA' COOPERATIVA,Entidad de crédito,"CORSO UNITA' D'ITALIA, 11",CANTU',Lombardia,IT,45.7391398,9.1266516
IT0000105944893,CASSA RURALE ED ARTIGIANA DI CASTELLANA GROTTE CREDITO COOPERATIVO - SOCIETA' COOPERATIVA,Entidad de crédito,VIA ROMA,CASTELLANA GROTTE,Puglia,IT,40.8828985,17.1687493
IT0000643854381,CASSA RURALE ED ARTIGIANA DI RIVAROLO MANTOVANO (MANTOVA) CREDITO COOPERATIVO - SOCIETA' COOPERATIVA,Entidad de crédito,"VIA MAZZINI, 33",RIVAROLO MANTOVANO,Lombardia,IT,45.0708456,10.4320895
IT0000102756345,CASSA RURALE RENON SOCIETA' COOPERATIVA (IN LINGUA TEDESCA RAIFFEISENKASSE RITTEN GENOSSENSCHAFT),Entidad de crédito,"VIA DEL PAESE, 7",RENON-RITTEN,Trentino-Alto Adige/Südtirol,IT,46.5367991,11.4631081
IT0000207618881,CASSA RURALE VAL DI NON - ROTALIANA E GIOVO - BANCA DI CREDITO COOPERATIVO - SOCIETA' COOPERATIVA,Entidad de crédito,"VIA G. MARCONI, 58",CLES,Trentino-Alto Adige/Südtirol,IT,46.3650659,11.034621
IT0000630937690,CASSA RURALE VAL DI SOLE - BANCA DI CREDITO COOPERATIVO - SOCIETA' COOPERATIVA,Entidad de crédito,"VIA IV NOVEMBRE, 13",MALE',Trentino-Alto Adige/Südtirol,IT,46.3446399,10.9045153
IT0000630937690,CASSA RURALE VAL DI SOLE - BANCA DI CREDITO COOPERATIVO - SOCIETA' COOPERATIVA,Entidad de crédito,"VIA IV NOVEMBRE, 13",MALE',Trentino-Alto Adige/Südtirol,IT,46.3522423,10.9128064
IT0000630937690,CASSA RURALE VAL DI SOLE - BANCA DI CREDITO COOPERATIVO - SOCIETA' COOPERATIVA,Entidad de crédito,"VIA IV NOVEMBRE, 13",MALE',Trentino-Alto Adige/Südtirol,IT,46.3614084,10.9260531
IT0000321863895,CASSA RURALE VALLAGARINA - BANCA DI CREDITO COOPERATIVO - SOCIETA' COOPERATIVA,Entidad de crédito,"VIA GIANFRANCESCO MALFATTI, 2",ALA,Trentino-Alto Adige/Südtirol,IT,45.7566523,11.0051179
IT0000643840357,CASSA RURALE VALSUGANA E TESINO - BANCA DI CREDITO COOPERATIVO - SOCIETA' COOPERATIVA,Entidad de crédito,"VIALE IV NOVEMBRE, 20",BORGO VALSUGANA,Trentino-Alto Adige/Südtirol,IT,46.0803707,11.5535606
IT0000643840357,CASSA RURALE VALSUGANA E TESINO - BANCA DI CREDITO COOPERATIVO - SOCIETA' COOPERATIVA,Entidad de crédito,"VIALE IV NOVEMBRE, 20",BORGO VALSUGANA,Trentino-Alto Adige/Südtirol,IT,46.004043,11.2427334
IT0000643840357,CASSA RURALE VALSUGANA E TESINO - BANCA DI CREDITO COOPERATIVO - SOCIETA' COOPERATIVA,Entidad de crédito,"VIALE IV NOVEMBRE, 20",BORGO VALSUGANA,Trentino-Alto Adige/Südtirol,IT,46.1562918,11.7317844
IT0000643840357,CASSA RURALE VALSUGANA E TESINO - BANCA DI CREDITO COOPERATIVO - SOCIETA' COOPERATIVA,Entidad de crédito,"VIALE IV NOVEMBRE, 20",BORGO VALSUGANA,Trentino-Alto Adige/Südtirol,IT,46.0707356,11.4936728
IT0000643840357,CASSA RURALE VALSUGANA E TESINO - BANCA DI CREDITO COOPERATIVO - SOCIETA' COOPERATIVA,Entidad de crédito,"VIALE IV NOVEMBRE, 20",BORGO VALSUGANA,Trentino-Alto Adige/Südtirol,IT,46.0523832,11.4939646
IT0000643840357,CASSA RURALE VALSUGANA E TESINO - BANCA DI CREDITO COOPERATIVO - SOCIETA' COOPERATIVA,Entidad de crédito,"VIALE IV NOVEMBRE, 20",BORGO VALSUGANA,Trentino-Alto Adige/Südtirol,IT,46.0543771,11.6162037
IT0000643840357,CASSA RURALE VALSUGANA E TESINO - BANCA DI CREDITO COOPERATIVO - SOCIETA' COOPERATIVA,Entidad de crédito,"VIALE IV NOVEMBRE, 20",BORGO VALSUGANA,Trentino-Alto Adige/Südtirol,IT,46.1111279,11.3182516
IT0000643840357,CASSA RURALE VALSUGANA E TESINO - BANCA DI CREDITO COOPERATIVO - SOCIETA' COOPERATIVA,Entidad de crédito,"VIALE IV NOVEMBRE, 20",BORGO VALSUGANA,Trentino-Alto Adige/Südtirol,IT,46.0858459,11.2927252
IT0000643840357,CASSA RURALE VALSUGANA E TESINO - BANCA DI CREDITO COOPERATIVO - SOCIETA' COOPERATIVA,Entidad de crédito,"VIALE IV NOVEMBRE, 20",BORGO VALSUGANA,Trentino-Alto Adige/Südtirol,IT,46.1511349,11.799398
IT0000643840357,CASSA RURALE VALSUGANA E TESINO - BANCA DI CREDITO COOPERATIVO - SOCIETA' COOPERATIVA,Entidad de crédito,"VIALE IV NOVEMBRE, 20",BORGO VALSUGANA,Trentino-Alto Adige/Südtirol,IT,46.1546952,11.8067119
IT0000643840357,CASSA RURALE VALSUGANA E TESINO - BANCA DI CREDITO COOPERATIVO - SOCIETA' COOPERATIVA,Entidad de crédito,"VIALE IV NOVEMBRE, 20",BORGO VALSUGANA,Trentino-Alto Adige/Südtirol,IT,46.0225912,11.3659306
IT0000643840357,CASSA RURALE VALSUGANA E TESINO - BANCA DI CREDITO COOPERATIVO - SOCIETA' COOPERATIVA,Entidad de crédito,"VIALE IV NOVEMBRE, 20",BORGO VALSUGANA,Trentino-Alto Adige/Südtirol,IT,46.0436666,11.552931
IT0000643840357,CASSA RURALE VALSUGANA E TESINO - BANCA DI CREDITO COOPERATIVO - SOCIETA' COOPERATIVA,Entidad de crédito,"VIALE IV NOVEMBRE, 20",BORGO VALSUGANA,Trentino-Alto Adige/Südtirol,IT,46.1299088,11.3520442
IT0000643840357,CASSA RURALE VALSUGANA E TESINO - BANCA DI CREDITO COOPERATIVO - SOCIETA' COOPERATIVA,Entidad de crédito,"VIALE IV NOVEMBRE, 20",BORGO VALSUGANA,Trentino-Alto Adige/Südtirol,IT,46.0688809,11.6106962
IT0000643840357,CASSA RURALE VALSUGANA E TESINO - BANCA DI CREDITO COOPERATIVO - SOCIETA' COOPERATIVA,Entidad de crédito,"VIALE IV NOVEMBRE, 20",BORGO VALSUGANA,Trentino-Alto Adige/Südtirol,IT,46.0509151,11.4098997
IT0000643840357,CASSA RURALE VALSUGANA E TESINO - BANCA DI CREDITO COOPERATIVO - SOCIETA' COOPERATIVA,Entidad de crédito,"VIALE IV NOVEMBRE, 20",BORGO VALSUGANA,Trentino-Alto Adige/Südtirol,IT,46.0671337,11.4343134
IT0000643840357,CASSA RURALE VALSUGANA E TESINO - BANCA DI CREDITO COOPERATIVO - SOCIETA' COOPERATIVA,Entidad de crédito,"VIALE IV NOVEMBRE, 20",BORGO VALSUGANA,Trentino-Alto Adige/Südtirol,IT,46.1948831,11.9434252
IT0000643840357,CASSA RURALE VALSUGANA E TESINO - BANCA DI CREDITO COOPERATIVO - SOCIETA' COOPERATIVA,Entidad de crédito,"VIALE IV NOVEMBRE, 20",BORGO VALSUGANA,Trentino-Alto Adige/Südtirol,IT,46.1081776,11.3022271
IT0000643840357,CASSA RURALE VALSUGANA E TESINO - BANCA DI CREDITO COOPERATIVO - SOCIETA' COOPERATIVA,Entidad de crédito,"VIALE IV NOVEMBRE, 20",BORGO VALSUGANA,Trentino-Alto Adige/Südtirol,IT,46.0639484,11.5067027
IT0000643840357,CASSA RURALE VALSUGANA E TESINO - BANCA DI CREDITO COOPERATIVO - SOCIETA' COOPERATIVA,Entidad de crédito,"VIALE IV NOVEMBRE, 20",BORGO VALSUGANA,Trentino-Alto Adige/Südtirol,IT,46.0711843,11.4792743
IT0000643840357,CASSA RURALE VALSUGANA E TESINO - BANCA DI CREDITO COOPERATIVO - SOCIETA' COOPERATIVA,Entidad de crédito,"VIALE IV NOVEMBRE, 20",BORGO VALSUGANA,Trentino-Alto Adige/Südtirol,IT,46.0704801,11.4713306
IT0000643840357,CASSA RURALE VALSUGANA E TESINO - BANCA DI CREDITO COOPERATIVO - SOCIETA' COOPERATIVA,Entidad de crédito,"VIALE IV NOVEMBRE, 20",BORGO VALSUGANA,Trentino-Alto Adige/Südtirol,IT,46.0144838,11.266221
IT0000643840357,CASSA RURALE VALSUGANA E TESINO - BANCA DI CREDITO COOPERATIVO - SOCIETA' COOPERATIVA,Entidad de crédito,"VIALE IV NOVEMBRE, 20",BORGO VALSUGANA,Trentino-Alto Adige/Südtirol,IT,46.0732486,11.4498655
IT0000544224238,CASTAGNETO BANCA 1910 - CREDITO COOPERATIVO - S.C.,Entidad de crédito,"VIA V. EMANUELE, 44",CASTAGNETO CARDUCCI,Toscana,IT,43.1606226,10.6101306
IT0000283443492,"CENTROMARCA BANCA - CREDITO COOPERATIVO DI TREVISO E VENEZIA, SOCIETA' COOPERATIVA PER AZIONI",Entidad de crédito,"VIA RICCARDO SELVATICO, 2",TREVISO,Veneto,IT,45.6675463,12.2454788
IT0003043614476,CHERRY BANK S.P.A. (CON ACRONIMO CHERRY BANK O CHERRY),Entidad de crédito,"VIA SAN MARCO, 11",PADOVA,Veneto,IT,45.40702,11.876346
IT0003617897462,CHIANTIBANCA - CREDITO COOPERATIVO S.C.,Entidad de crédito,"VIA CASSIA NORD, 2/4/6",MONTERIGGIONI,Toscana,IT,43.3930034,11.2188851
IT0004342398446,CHINA CONSTRUCTION BANK (EUROPE) SA,Entidad de crédito,"VIA MIKE BONGIORNO, 13",MILANO,Lombardia,IT,45.466647,9.1906475
IT0004396144888,CITIBANK EUROPE PLC,Entidad de crédito,"PIAZZETTA M. BOSSI, 3",MILANO,Lombardia,IT,45.466647,9.1906475
IT0000101247333,CITIBANK N.A.,Entidad de crédito,"PIAZZETTA M. BOSSI, 3",MILANO,Lombardia,IT,45.466647,9.1906475
IT0002865520471,CLAAS FINANCIAL SERVICES,Entidad de crédito,PIAZZA LINA BO BARDI N. 3,MILANO,Lombardia,IT,45.466647,9.1906475
IT0001983799193,CNH INDUSTRIAL CAPITAL EUROPE,Entidad de crédito,PIAZZA LINO BO BARDI  3,MILANO,Lombardia,IT,45.466647,9.1906475
IT0005376635028,COFIDIS SA,Entidad de crédito,VIA GIOVANNI ANTONIO AMADEO 59,MILANO,Lombardia,IT,45.466647,9.1906475
IT0001198963145,COMMERZBANK AG,Entidad de crédito,"VIA VISCONTI DI MODRONE, 11",MILANO,Lombardia,IT,45.466647,9.1906475
IT0000101260681,COMPASS BANCA SPA,Entidad de crédito,"VIA CALDERA, 21",MILANO,Lombardia,IT,45.466647,9.1906475
IT0000078260432,COOPERATIEVE RABOBANK U.A.,Entidad de crédito,"VIA AGNELLO, 18",MILANO,Lombardia,IT,45.466647,9.1906475
IT0000102866722,CORTINABANCA - CREDITO COOPERATIVO - SOCIETÀ COOPERATIVA,Entidad de crédito,"CORSO ITALIA, 80",CORTINA D'AMPEZZO,Veneto,IT,46.5366396,12.1384911
IT0000534155847,CREDEM EUROMOBILIARE PRIVATE BANKING S.P.A.,Entidad de crédito,"VIA EMILIA A SAN PIETRO, 4",REGGIO NELL'EMILIA,Emilia-Romagna,IT,44.6971946,10.6303573
IT0001863196870,CRÉDIT AGRICOLE AUTO BANK S.P.A.,Entidad de crédito,"CORSO ORBASSANO, 367",TORINO,Piemonte,IT,45.0732891,7.6806958
IT0001039487584,CREDIT AGRICOLE CORPORATE & INVESTMENT BANK,Entidad de crédito,"PIAZZA CAVOUR, 2",MILANO,Lombardia,IT,45.466647,9.1906475
IT0001486783039,CRÉDIT AGRICOLE ITALIA S.P.A.,Entidad de crédito,"VIA UNIVERSITA', 1",PARMA,Emilia-Romagna,IT,44.8010694,10.3283497
IT0005508611574,CREDIT AGRICOLE LEASING & FACTORING SA,Entidad de crédito,VIALE FULVIO TESTI 280,MILANO,Lombardia,IT,45.466647,9.1906475
IT0004428642456,CREDITO COOP.VO ROMAGNOLO - BCC DI CESENA E GATTEO - S.C.,Entidad de crédito,"VIALE BOVIO, 76 CESENA",CESENA,Emilia-Romagna,IT,44.1362573,12.2419181
IT0000317158402,CREDITO COOPERATIVO - CASSA RURALE ED ARTIGIANA DEL FRIULI VENEZIA GIULIA (ABBREVIATO CASSA RURALE FVG) - SOCIETA' COOPERATIVA,Entidad de crédito,"VIA VISINI, 2 (ANG.VIA UDINE)",GORIZIA,Friuli-Venezia Giulia,IT,45.9418047,13.5141197
IT0000317158402,CREDITO COOPERATIVO - CASSA RURALE ED ARTIGIANA DEL FRIULI VENEZIA GIULIA (ABBREVIATO CASSA RURALE FVG) - SOCIETA' COOPERATIVA,Entidad de crédito,"VIA VISINI, 2 (ANG.VIA UDINE)",GORIZIA,Friuli-Venezia Giulia,IT,45.8444853,13.5398546
IT0000317158402,CREDITO COOPERATIVO - CASSA RURALE ED ARTIGIANA DEL FRIULI VENEZIA GIULIA (ABBREVIATO CASSA RURALE FVG) - SOCIETA' COOPERATIVA,Entidad de crédito,"VIA VISINI, 2 (ANG.VIA UDINE)",GORIZIA,Friuli-Venezia Giulia,IT,46.0317197,13.479271
IT0000317158402,CREDITO COOPERATIVO - CASSA RURALE ED ARTIGIANA DEL FRIULI VENEZIA GIULIA (ABBREVIATO CASSA RURALE FVG) - SOCIETA' COOPERATIVA,Entidad de crédito,"VIA VISINI, 2 (ANG.VIA UDINE)",GORIZIA,Friuli-Venezia Giulia,IT,45.8648604,13.4816031
IT0000317158402,CREDITO COOPERATIVO - CASSA RURALE ED ARTIGIANA DEL FRIULI VENEZIA GIULIA (ABBREVIATO CASSA RURALE FVG) - SOCIETA' COOPERATIVA,Entidad de crédito,"VIA VISINI, 2 (ANG.VIA UDINE)",GORIZIA,Friuli-Venezia Giulia,IT,45.9179493,13.4584963
IT0000317158402,CREDITO COOPERATIVO - CASSA RURALE ED ARTIGIANA DEL FRIULI VENEZIA GIULIA (ABBREVIATO CASSA RURALE FVG) - SOCIETA' COOPERATIVA,Entidad de crédito,"VIA VISINI, 2 (ANG.VIA UDINE)",GORIZIA,Friuli-Venezia Giulia,IT,45.9304547,13.4950284
IT0000317158402,CREDITO COOPERATIVO - CASSA RURALE ED ARTIGIANA DEL FRIULI VENEZIA GIULIA (ABBREVIATO CASSA RURALE FVG) - SOCIETA' COOPERATIVA,Entidad de crédito,"VIA VISINI, 2 (ANG.VIA UDINE)",GORIZIA,Friuli-Venezia Giulia,IT,45.9383172,13.5477893
IT0000317158402,CREDITO COOPERATIVO - CASSA RURALE ED ARTIGIANA DEL FRIULI VENEZIA GIULIA (ABBREVIATO CASSA RURALE FVG) - SOCIETA' COOPERATIVA,Entidad de crédito,"VIA VISINI, 2 (ANG.VIA UDINE)",GORIZIA,Friuli-Venezia Giulia,IT,45.9819104,13.5849937
IT0000317158402,CREDITO COOPERATIVO - CASSA RURALE ED ARTIGIANA DEL FRIULI VENEZIA GIULIA (ABBREVIATO CASSA RURALE FVG) - SOCIETA' COOPERATIVA,Entidad de crédito,"VIA VISINI, 2 (ANG.VIA UDINE)",GORIZIA,Friuli-Venezia Giulia,IT,45.932969,13.5264525
IT0000317158402,CREDITO COOPERATIVO - CASSA RURALE ED ARTIGIANA DEL FRIULI VENEZIA GIULIA (ABBREVIATO CASSA RURALE FVG) - SOCIETA' COOPERATIVA,Entidad de crédito,"VIA VISINI, 2 (ANG.VIA UDINE)",GORIZIA,Friuli-Venezia Giulia,IT,45.8463883,13.4605533
IT0000317158402,CREDITO COOPERATIVO - CASSA RURALE ED ARTIGIANA DEL FRIULI VENEZIA GIULIA (ABBREVIATO CASSA RURALE FVG) - SOCIETA' COOPERATIVA,Entidad de crédito,"VIA VISINI, 2 (ANG.VIA UDINE)",GORIZIA,Friuli-Venezia Giulia,IT,45.9018435,13.5709971
IT0000317158402,CREDITO COOPERATIVO - CASSA RURALE ED ARTIGIANA DEL FRIULI VENEZIA GIULIA (ABBREVIATO CASSA RURALE FVG) - SOCIETA' COOPERATIVA,Entidad de crédito,"VIA VISINI, 2 (ANG.VIA UDINE)",GORIZIA,Friuli-Venezia Giulia,IT,45.8209988,13.4447772
IT0000317158402,CREDITO COOPERATIVO - CASSA RURALE ED ARTIGIANA DEL FRIULI VENEZIA GIULIA (ABBREVIATO CASSA RURALE FVG) - SOCIETA' COOPERATIVA,Entidad de crédito,"VIA VISINI, 2 (ANG.VIA UDINE)",GORIZIA,Friuli-Venezia Giulia,IT,45.8597866,13.4383506
IT0000643849939,CREDITO COOPERATIVO CASSA RURALE ED ARTIGIANA DI ERCHIE - SOCIETA' COOPERATIVA,Entidad de crédito,"VIA ROMA, 89",ERCHIE,Puglia,IT,40.4746196,17.9697461
IT0000643849939,CREDITO COOPERATIVO CASSA RURALE ED ARTIGIANA DI ERCHIE - SOCIETA' COOPERATIVA,Entidad de crédito,"VIA ROMA, 89",ERCHIE,Puglia,IT,40.4370757,17.7341475
IT0000643849939,CREDITO COOPERATIVO CASSA RURALE ED ARTIGIANA DI ERCHIE - SOCIETA' COOPERATIVA,Entidad de crédito,"VIA ROMA, 89",ERCHIE,Puglia,IT,40.4799318,18.0558832
IT0000574292849,CREDITO COOPERATIVO CASSA RURALE ED ARTIGIANA DI PALIANO SOCIETA' COOPERATIVA,Entidad de crédito,"VIALE UMBERTO I, 53",PALIANO,Lazio,IT,41.8047945,13.0599327
IT0004509016579,CREDITO COOPERATIVO DI CARAVAGGIO ADDA E CREMASCO - CASSA RURALE - SOCIETA' COOPERATIVA,Entidad de crédito,VIA BERNARDO DA CARAVAGGIO SNC,CARAVAGGIO,Lombardia,IT,45.4971962,9.6441812
IT0001668460970,CREDITO COOPERATIVO FRIULI (ABBREVIATO CREDIFRIULI) - SOCIETA' COOPERATIVA,Entidad de crédito,"VIA GIOVANNI PAOLO II, 27",UDINE,Friuli-Venezia Giulia,IT,46.0633481,13.2354304
IT0001407571472,CREDITO COOPERATIVO MEDIOCRATI - SOCIETA' COOPERATIVA,Entidad de crédito,VIA VITTORIO ALFIERI,RENDE,Calabria,IT,39.1738901,16.2872576
IT0001407571472,CREDITO COOPERATIVO MEDIOCRATI - SOCIETA' COOPERATIVA,Entidad de crédito,VIA VITTORIO ALFIERI,RENDE,Calabria,IT,39.253236,16.2185817
IT0001407571472,CREDITO COOPERATIVO MEDIOCRATI - SOCIETA' COOPERATIVA,Entidad de crédito,VIA VITTORIO ALFIERI,RENDE,Calabria,IT,39.0890623,16.1590956
IT0001407571472,CREDITO COOPERATIVO MEDIOCRATI - SOCIETA' COOPERATIVA,Entidad de crédito,VIA VITTORIO ALFIERI,RENDE,Calabria,IT,39.2183463,16.2053078
IT0001407571472,CREDITO COOPERATIVO MEDIOCRATI - SOCIETA' COOPERATIVA,Entidad de crédito,VIA VITTORIO ALFIERI,RENDE,Calabria,IT,39.2745889,16.088708
IT0001407571472,CREDITO COOPERATIVO MEDIOCRATI - SOCIETA' COOPERATIVA,Entidad de crédito,VIA VITTORIO ALFIERI,RENDE,Calabria,IT,39.2359267,16.0651702
IT0001407571472,CREDITO COOPERATIVO MEDIOCRATI - SOCIETA' COOPERATIVA,Entidad de crédito,VIA VITTORIO ALFIERI,RENDE,Calabria,IT,39.2068181,16.0766496
IT0001407571472,CREDITO COOPERATIVO MEDIOCRATI - SOCIETA' COOPERATIVA,Entidad de crédito,VIA VITTORIO ALFIERI,RENDE,Calabria,IT,39.1556079,16.2480932
IT0001407571472,CREDITO COOPERATIVO MEDIOCRATI - SOCIETA' COOPERATIVA,Entidad de crédito,VIA VITTORIO ALFIERI,RENDE,Calabria,IT,39.1376441,16.1118668
IT0001407571472,CREDITO COOPERATIVO MEDIOCRATI - SOCIETA' COOPERATIVA,Entidad de crédito,VIA VITTORIO ALFIERI,RENDE,Calabria,IT,39.3646944,16.1509595
IT0001407571472,CREDITO COOPERATIVO MEDIOCRATI - SOCIETA' COOPERATIVA,Entidad de crédito,VIA VITTORIO ALFIERI,RENDE,Calabria,IT,39.0904195,16.1274864
IT0001234981239,"CREDITO COOPERATIVO RAVENNATE, FORLIVESE E IMOLESE SOCIETA' COOPERATIVA",Entidad de crédito,"PIAZZA DELLA LIBERTA', 14",FAENZA,Emilia-Romagna,IT,44.2855229,11.8824997
IT0000104420510,CREDITO COOPERATIVO VALDARNO FIORENTINO BANCA DI CASCIA - SOCIETA' COOPERATIVA,Entidad de crédito,"VIA J.F. KENNEDY, 1",REGGELLO,Toscana,IT,43.6824376,11.53633
IT0000126876530,CREDITO EMILIANO S.P.A.,Entidad de crédito,"VIA EMILIA A SAN PIETRO, 4",REGGIO NELL'EMILIA,Emilia-Romagna,IT,44.6971946,10.6303573
IT0003198086718,CREDITO LOMBARDO VENETO S.P.A.,Entidad de crédito,"VIA ORZINUOVI,  75",BRESCIA,Lombardia,IT,45.5399355,10.219113
IT0000219180739,CREDITO PADANO BANCA DI CREDITO COOPERATIVO - SOCIETA' COOPERATIVA,Entidad de crédito,VIA DANTE 213,CREMONA,Lombardia,IT,45.1333671,10.0242087
IT0002927002914,DE LAGE LANDEN INTERNATIONAL B.V. (DLL),Entidad de crédito,"VIALE PIERO E ALBERTO PIRELLI, 10B",MILANO,Lombardia,IT,45.466647,9.1906475
IT0003124323133,DEUTSCHE BANK AG,Entidad de crédito,"VIA FILIPPO TURATI, 25/27",MILANO,Lombardia,IT,45.466647,9.1906475
IT0000439378790,DEUTSCHE BANK MUTUI S.P.A.,Entidad de crédito,"PIAZZA DEL CALENDARIO, 1",MILANO,Lombardia,IT,45.466647,9.1906475
IT0000101245279,DEUTSCHE BANK S.P.A.,Entidad de crédito,"PIAZZA DEL CALENDARIO, 3",MILANO,Lombardia,IT,45.466647,9.1906475
IT0005494359641,EDMOND DE ROTHSCHILD (EUROPE),Entidad de crédito,"CORSO VENEZIA, 36",MILANO,Lombardia,IT,45.466647,9.1906475
IT0003255090574,EMIL BANCA - CREDITO COOPERATIVO - SOCIETA' COOPERATIVA,Entidad de crédito,"VIA G. MAZZINI, 152",BOLOGNA,Emilia-Romagna,IT,44.4941095,11.3417194
IT0001276418010,ERSEL BANCA PRIVATA S.P.A. IN FORMA ABBREVIATA ERSEL S.P.A.,Entidad de crédito,PIAZZA SOLFERINO 11,TORINO,Piemonte,IT,45.0732891,7.6806958
IT0003512411537,EURIZON TESORERIA EURO,Fondo del mercado monetario,"VIA MELCHIORRE GIOIA, 22",MILANO,Lombardia,IT,45.466647,9.1906475
IT0003403717158,EXTRABANCA S.P.A.,Entidad de crédito,"VIA GIOVANNI BATTISTA PERGOLESI, 2/A",MILANO,Lombardia,IT,45.466647,9.1906475
IT0000101245769,FIDEURAM - INTESA SANPAOLO PRIVATE BANKING S.P.A.,Entidad de crédito,PIAZZA SAN CARLO 156,TORINO,Piemonte,IT,45.0732891,7.6806958
IT0000388330750,FINDOMESTIC BANCA SPA,Entidad de crédito,VIALE BELFIORE 26,FIRENZE,Toscana,IT,43.7692262,11.2566059
IT0000364341654,FINECOBANK BANCA FINECO S.P.A. (IN BREVE FINECOBANK S.P.A. OVVERO BANCA FINECO S.P.A. OVVERO FINECO BANCA S.P.A.),Entidad de crédito,"PIAZZALE DURANTE FRANCESCO, 11",MILANO,Lombardia,IT,45.466647,9.1906475
IT0004980055116,FLOWE S.P.A. - SOCIETA' BENEFIT,Otra institución,VIA ENNIO DORIS - PALAZZO MEUCCI,BASIGLIO,Lombardia,IT,45.3615688,9.1579832
IT0000579379068,FPB CASSA DI FASSA PRIMIERO BELLUNO - BANCA DI CREDITO COOPERATIVO - SOCIETÀ COOPERATIVA,Entidad de crédito,"PIAZ DE SOTEGRAVA, 1",MOENA,Trentino-Alto Adige/Südtirol,IT,46.3766192,11.6597354
IT0004846123382,GOLDMAN SACHS BANK EUROPE SE,Entidad de crédito,"VIA SANTA MARGHERITA, 14",MILANO,Lombardia,IT,45.466647,9.1906475
IT0004625116841,GRENKE BANK AG,Entidad de crédito,VIA MONTEFELTRO 4,MILANO,Lombardia,IT,45.466647,9.1906475
IT0000086176563,GUBER BANCA S.P.A.,Entidad de crédito,VIA CORFU' 102,BRESCIA,Lombardia,IT,45.5399355,10.219113
IT0004836404211,HSBC CONTINENTAL EUROPE,Entidad de crédito,"VIA SAN PROTASO, 3",MILANO,Lombardia,IT,45.466647,9.1906475
IT0004907476725,HYPE S.P.A.,Otra institución,"PIAZZA GAUDENZIO SELLA, 1",BIELLA,Piemonte,IT,45.5665653,8.0538009
IT0001764360047,HYPO TIROL BANK AG,Entidad de crédito,VIA DEL MACELLO 30,BOLZANO-BOZEN,Trentino-Alto Adige/Südtirol,IT,46.4990522,11.3563105
IT0004428110632,HYUNDAI CAPITAL BANK EUROPE GMBH,Entidad de crédito,"CORSO MASSIMO D'AZEGLIO, 33/E",TORINO,Piemonte,IT,45.0732891,7.6806958
IT0000113003087,IBL ISTITUTO BANCARIO DEL LAVORO S.P.A. (IN FORMA ABBREVIATA IBL BANCA),Entidad de crédito,"VIA VENTI SETTEMBRE, 30",ROMA,Lazio,IT,41.892984,12.4835363
IT0002739242258,IC FINANCIAL SERVICES S.A.,Entidad de crédito,"VIA PUGLIA, 35",TORINO,Piemonte,IT,45.0732891,7.6806958
IT0000040113343,ICCREA BANCA S.P.A. - ISTITUTO CENTRALE DEL CREDITO COOPERATIVO (IN FORMA ABBREVIATA: ICCREA BANCA S.P.A.),Entidad de crédito,"VIA LUCREZIA ROMANA, 41/47",ROMA,Lazio,IT,41.892984,12.4835363
IT0003331212004,ILLIMITY BANK S.P.A.,Entidad de crédito,"VIA SOPERGA, 9",MILANO,Lombardia,IT,45.466647,9.1906475
IT0003084910677,IMPREBANCA S.P.A.,Entidad de crédito,"VIA COLA DI RIENZO, 240 / II PIANO",ROMA,Lazio,IT,41.892984,12.4835363
IT0003660788301,INDUSTRIAL AND COMMERCIAL BANK OF CHINA (EUROPE) S.A. IN FORMA ABBREVIATA ICBC (EUROPE) S.A.,Entidad de crédito,VIA TOMMASO GROSSI 2,MILANO,Lombardia,IT,45.466647,9.1906475
IT0000205387246,ING BANK N.V.,Entidad de crédito,"VIALE FULVIO TESTI, 250",MILANO,Lombardia,IT,45.466647,9.1906475
IT0000279879169,INTESA SANPAOLO PRIVATE BANKING S.P.A.,Entidad de crédito,"VIA MELCHIORRE GIOIA,  22",MILANO,Lombardia,IT,45.466647,9.1906475
IT0000101262255,INTESA SANPAOLO S.P.A.,Entidad de crédito,"PIAZZA SAN CARLO, 156",TORINO,Piemonte,IT,45.0732891,7.6806958
IT0000125236845,ISTITUTO PER IL CREDITO SPORTIVO E CULTURALE S.P.A.,Entidad de crédito,"VIA GIAMBATTISTA VICO, 5",ROMA,Lazio,IT,41.892984,12.4835363
IT0002851654112,ISYBANK S.P.A.,Entidad de crédito,"VIA MELCHIORRE GIOIA, 22",MILANO,Lombardia,IT,45.466647,9.1906475
IT0004845049239,J.P. MORGAN SE,Entidad de crédito,VIA CORDUSIO 3,MILANO,Lombardia,IT,45.466647,9.1906475
IT0003132974260,JCB FINANCE,Entidad de crédito,PIAZZA LINA BO BARDI N.3,MILANO,Lombardia,IT,45.466647,9.1906475
IT0000179608734,"JPMORGAN CHASE BANK, NATIONAL ASSOCIATION",Entidad de crédito,"VIA CORDUSIO, 3",MILANO,Lombardia,IT,45.466647,9.1906475
IT0004591871911,KBC BANK N.V. ITALIA,Entidad de crédito,VIA DANTE 14,MILANO,Lombardia,IT,45.466647,9.1906475
IT0000831363588,LA CASSA DI RAVENNA S.P.A.,Entidad de crédito,"PIAZZA GARIBALDI, 6",RAVENNA,Emilia-Romagna,IT,44.4173222,12.1991128
IT0000124553903,LA CASSA RURALE - CREDITO COOPERATIVO ADAMELLO GIUDICARIE VALSABBIA PAGANELLA  - SOCIETA' COOPERATIVA,Entidad de crédito,"VIA 3 NOVEMBRE, 20",TIONE DI TRENTO,Trentino-Alto Adige/Südtirol,IT,46.0882225,10.7233684
IT0000124553903,LA CASSA RURALE - CREDITO COOPERATIVO ADAMELLO GIUDICARIE VALSABBIA PAGANELLA  - SOCIETA' COOPERATIVA,Entidad de crédito,"VIA 3 NOVEMBRE, 20",TIONE DI TRENTO,Trentino-Alto Adige/Südtirol,IT,46.0348213,10.7255267
IT0000124553903,LA CASSA RURALE - CREDITO COOPERATIVO ADAMELLO GIUDICARIE VALSABBIA PAGANELLA  - SOCIETA' COOPERATIVA,Entidad de crédito,"VIA 3 NOVEMBRE, 20",TIONE DI TRENTO,Trentino-Alto Adige/Südtirol,IT,46.0343227,10.7497694
IT0002456871571,LIS PAY SPA,Otra institución,VIA ROBERTO BRACCO 6,MILANO,Lombardia,IT,45.466647,9.1906475
IT0004492253257,LOMBARD ODIER (EUROPE) S.A.,Entidad de crédito,"VIA DELLA SPIGA, 30",MILANO,Lombardia,IT,45.466647,9.1906475
IT0006061329007,MACQUARIE BANK EUROPE DAC,Entidad de crédito,VIA GAETANO NEGRI 4,MILANO,Lombardia,IT,45.466647,9.1906475
IT0000101249233,MEDIOBANCA - BANCA DI CREDITO FINANZIARIO S.P.A.,Entidad de crédito,"PIAZZETTA ENRICO CUCCIA, 1",MILANO,Lombardia,IT,45.466647,9.1906475
IT0000732456981,MEDIOBANCA PREMIER S.P.A.,Entidad de crédito,"VIIALE LUIGI BODIO,  37",MILANO,Lombardia,IT,45.466647,9.1906475
IT0000270980299,MEDIOCREDITO CENTRALE - BANCA DEL MEZZOGIORNO SPA,Entidad de crédito,"VIALE AMERICA, 351",ROMA,Lazio,IT,41.892984,12.4835363
IT0000102814423,MEDIOCREDITO TRENTINO-ALTO ADIGE - S.P.A. (IN LINGUA TEDESCAINVESTITIONSBANK TRENTINO-SUDTIROL - A.G.),Entidad de crédito,"VIA PARADISI, 1",TRENTO,Trentino-Alto Adige/Südtirol,IT,46.13908,11.1123062
IT0005081890246,MGF,Entidad de crédito,PIAZZA LINA BO BARDI 3,MILANO,Lombardia,IT,45.466647,9.1906475
IT0001655872541,MOONEY S.P.A.,Otra institución,VIA PRIVATA NINO BONNET 6/A,MILANO,Lombardia,IT,45.466647,9.1906475
IT0000563943806,"MUFG BANK, LTD",Entidad de crédito,"VIA FILIPPO TURATI , 9",MILANO,Lombardia,IT,45.466647,9.1906475
IT0004817610962,N26 BANK SE,Entidad de crédito,"VIA FILIPPO SASSETTI, 32",MILANO,Lombardia,IT,45.466647,9.1906475
IT0001926255311,NATIXIS S.A.,Entidad de crédito,"VIA CATENA, 4",MILANO,Lombardia,IT,45.466647,9.1906475
IT0004880221041,NATWEST MARKETS N.V.,Entidad de crédito,VIA BERNARDINO ZENALE 9,MILANO,Lombardia,IT,45.466647,9.1906475
IT0002082752550,NEXI PAYMENTS S.P.A.,Otra institución,"CORSO SEMPIONE, 55",MILANO,Lombardia,IT,45.466647,9.1906475
IT0005007877594,NUMIA S.P.A.,Otra institución,VIA SOLFERINO 36,MILANO,Lombardia,IT,45.466647,9.1906475
IT0005580184389,PEAC (GERMANY) GMBH,Entidad de crédito,VIA MONTEFELTRO 4,MILANO,Lombardia,IT,45.466647,9.1906475
IT0005043333520,PERSIA INTERNATIONAL BANK PLC IN A.S.,Entidad de crédito,PIAZZA DELLA REPUBBLICA 32,MILANO,Lombardia,IT,45.466647,9.1906475
IT0002178852684,POSTEPAY S.P.A.,Otra institución,"VIALE EUROPA, 190",ROMA,Lazio,IT,41.892984,12.4835363
IT0002172524694,PRADER BANK S.P.A. (IN LINGUA TEDESCA PRADER BANK AG),Entidad de crédito,"PIAZZETTA DELLA MOSTRA, 2",BOLZANO-BOZEN,Trentino-Alto Adige/Südtirol,IT,46.4990522,11.3563105
IT0000574292921,PRIMACASSA - CREDITO COOPERATIVO FVG - SOCIETA' COOPERATIVA,Entidad de crédito,"VIA CIVIDINA, 9",MARTIGNACCO,Friuli-Venezia Giulia,IT,46.0982242,13.1304382
IT0001286988757,RCI BANQUE S.A.,Entidad de crédito,"VIA TIBURTINA, 1159",ROMA,Lazio,IT,41.892984,12.4835363
IT0005317009873,REVOLUT BANK UAB,Entidad de crédito,"VIA DANTE, 7",MILANO,Lombardia,IT,45.466647,9.1906475
IT0004428643937,RIVIERABANCA - CREDITO COOPERATIVO DI RIMINI E GRADARA - SOCIETA' COOPERATIVA,Entidad de crédito,"VIA MANCINI, 21",GRADARA,Marche,IT,43.9408193,12.7730703
IT0004571398144,ROMAGNABANCA CREDITO COOPERATIVO ROMAGNA EST E SALA DI CESENATICO S.C.,Entidad de crédito,CORSO PERTICARI 25/27,SAVIGNANO SUL RUBICONE,Emilia-Romagna,IT,44.0920902,12.399089
IT0000152258579,SANFELICE 1893 BANCA POPOLARE SOCIETA' COOPERATIVA PER AZIONI,Entidad de crédito,"PIAZZA GIACOMO MATTEOTTI, 23",SAN FELICE SUL PANARO,Emilia-Romagna,IT,44.8399951,11.1466991
IT0000552841118,SANTANDER CONSUMER BANK S.P.A.,Entidad de crédito,CORSO MASSIMO D' AZEGLIO 33/E,TORINO,Piemonte,IT,45.0732891,7.6806958
IT0000643859255,SICILBANCA CREDITO COOPERATIVO ITALIANO - SOCIETA' COOPERATIVA,Entidad de crédito,"VIA FRANCESCO CRISPI, 25",CALTANISSETTA,Sicilia,IT,37.4902819,14.0634723
IT0002849943999,SMART BANK SOCIETÀ PER AZIONI IN AMMINISTRAZIONE STRAORDINARIA,Entidad de crédito,"VIA CALABRITTO, 20",NAPOLI,Campania,IT,40.8400998,14.2500966
IT0004889612364,SMBC BANK EU AG,Entidad de crédito,"VIA DELLA SPIGA, 30",MILANO,Lombardia,IT,45.466647,9.1906475
IT0000253660713,SOCIETE GENERALE,Entidad de crédito,"VIA OLONA, 2",MILANO,Lombardia,IT,45.466647,9.1906475
IT0006061330077,SOCIETE GENERALE FACTORING,Entidad de crédito,VIA OLONA 2,MILANO,Lombardia,IT,45.466647,9.1906475
IT0005111761411,SOCIÉTÉ GÉNÉRALE LUXEMBOURG,Entidad de crédito,"VIA OLONA, 2",MILANO,Lombardia,IT,45.466647,9.1906475
IT0000064582025,SOCIETE' GENERALE SECURITIES SERVICES S.P.A. (IN FORMA ABBREVIATA SGSS S.P.A.),Entidad de crédito,"VIA BENIGNO CRESPI, 19/A - MACII",MILANO,Lombardia,IT,45.466647,9.1906475
IT0005199986522,SOLARIS SE,Entidad de crédito,VIA POLA 11,MILANO,Lombardia,IT,45.466647,9.1906475
IT0002230555189,SOLUTION BANK S.P.A.,Entidad de crédito,"CORSO DELLA REPUBBLICA, 126",FORLI',Emilia-Romagna,IT,44.2227936,12.0402224
IT0004105051846,STATE STREET BANK INTERNATIONAL GMBH SUCCURSALE ITALIA,Entidad de crédito,VIA FERRANTE APORTI 10,MILANO,Lombardia,IT,45.466647,9.1906475
IT0004218607434,STELLANTIS FINANCIAL SERVICES ITALIA S.P.A.,Entidad de crédito,"VIA PLAVA, 80",TORINO,Piemonte,IT,45.0732891,7.6806958
IT0001693318247,SUEDTIROL BANK S.P.A. (IN LINGUA TEDESCA SUEDTIROL BANK AG),Entidad de crédito,"VIA ESPERANTO, 1",BOLZANO-BOZEN,Trentino-Alto Adige/Südtirol,IT,46.4990522,11.3563105
IT0003042686420,TELEPASS S.P.A.,Otra institución,VIA LAURENTINA 449,ROMA,Lazio,IT,41.892984,12.4835363
IT0005483554455,TERRA PAYMENT SERVICES (ITALY) S.R.L.,Otra institución,PIAZZA GAE AULENTI 1 - TORRE B,MILANO,Lombardia,IT,45.466647,9.1906475
IT0004548791729,TERRE ETRUSCHE DI VALDICHIANA E DI MAREMMA - CREDITO COOPERATIVO- S.C.,Entidad de crédito,VIA PORSENNA 54,CHIUSI,Toscana,IT,43.0166678,11.9477159
IT0004599255415,THE BANK OF NEW YORK MELLON SA/NV,Entidad de crédito,VIA MIKE BONGIORNO 13,MILANO,Lombardia,IT,45.466647,9.1906475
IT0004572185272,TOYOTA MATERIAL HANDLING COMMERCIAL FINANCE AB,Entidad de crédito,VIA DEL LAVORO 91/1,CASALECCHIO DI RENO,Emilia-Romagna,IT,44.4812664,11.2823968
IT0005361758137,TPPAY S.R.L.,Otra institución,"VIA SERVILIANO LATTUADA, 25",MILANO,Lombardia,IT,45.466647,9.1906475
IT0005287396910,TRADE REPUBLIC BANK GMBH,Entidad de crédito,PIAZZA GAE AULENTI 1 TORRE B,MILANO,Lombardia,IT,45.466647,9.1906475
IT0003864750324,TYCHE BANK S.P.A.,Entidad de crédito,"VIA LUIGI CARLO FARINI, 6",BOLOGNA,Emilia-Romagna,IT,44.4941095,11.3417194
IT0004528963274,UBS EUROPE SE,Entidad de crédito,VIA DEL VECCHIO POLITECNICO 3,MILANO,Lazio,IT,41.892984,12.4835363
IT0000532321047,UNICREDIT BANK GMBH,Entidad de crédito,"PIAZZA GAE AULENTI, 4 TORRE C",MILANO,Lombardia,IT,45.466647,9.1906475
IT0000102484824,"UNICREDIT, SOCIETA' PER AZIONI",Entidad de crédito,"PIAZZA GAE AULENTI, 3 TOWER  A",MILANO,Lombardia,IT,45.466647,9.1906475
IT0003866026681,UNION BANCAIRE PRIVEE (EUROPE) S.A.,Entidad de crédito,"VIA BRERA,5",MILANO,Lombardia,IT,45.466647,9.1906475
IT0005207681448,UNIPOLPAY S.P.A.,Otra institución,VIA STALINGRADO 37,BOLOGNA,Emilia-Romagna,IT,44.4941095,11.3417194
IT0000643845485,VALPOLICELLA BENACO BANCA CREDITO COOPERATIVO (VERONA) SOCIETA' COOPERATIVA,Entidad de crédito,"VIA ALCIDE DE GASPERI, 11",COSTERMANO SUL GARDA,Veneto,IT,45.5519099,10.7733561
IT0000643845485,VALPOLICELLA BENACO BANCA CREDITO COOPERATIVO (VERONA) SOCIETA' COOPERATIVA,Entidad de crédito,"VIA ALCIDE DE GASPERI, 11",COSTERMANO SUL GARDA,Veneto,IT,45.7085317,10.7669327
IT0000643845485,VALPOLICELLA BENACO BANCA CREDITO COOPERATIVO (VERONA) SOCIETA' COOPERATIVA,Entidad de crédito,"VIA ALCIDE DE GASPERI, 11",COSTERMANO SUL GARDA,Veneto,IT,45.5378429,10.7691187
IT0000643845485,VALPOLICELLA BENACO BANCA CREDITO COOPERATIVO (VERONA) SOCIETA' COOPERATIVA,Entidad de crédito,"VIA ALCIDE DE GASPERI, 11",COSTERMANO SUL GARDA,Veneto,IT,45.5865166,10.7384415
IT0000643845485,VALPOLICELLA BENACO BANCA CREDITO COOPERATIVO (VERONA) SOCIETA' COOPERATIVA,Entidad de crédito,"VIA ALCIDE DE GASPERI, 11",COSTERMANO SUL GARDA,Veneto,IT,45.4927196,10.7996733
IT0000643845485,VALPOLICELLA BENACO BANCA CREDITO COOPERATIVO (VERONA) SOCIETA' COOPERATIVA,Entidad de crédito,"VIA ALCIDE DE GASPERI, 11",COSTERMANO SUL GARDA,Veneto,IT,45.5712834,10.8125835
IT0000643845485,VALPOLICELLA BENACO BANCA CREDITO COOPERATIVO (VERONA) SOCIETA' COOPERATIVA,Entidad de crédito,"VIA ALCIDE DE GASPERI, 11",COSTERMANO SUL GARDA,Veneto,IT,45.6379333,10.7321641
IT0000643845485,VALPOLICELLA BENACO BANCA CREDITO COOPERATIVO (VERONA) SOCIETA' COOPERATIVA,Entidad de crédito,"VIA ALCIDE DE GASPERI, 11",COSTERMANO SUL GARDA,Veneto,IT,45.6080223,10.685661
IT0002891614730,VIVIBANCA S.P.A.,Entidad de crédito,VIA GIOVANNI GIOLITTI 15,TORINO,Piemonte,IT,45.0732891,7.6806958
IT0001232771625,VOLKSWAGEN BANK GMBH,Entidad de crédito,VIA PRIVATA GROSIO 10/4,MILANO,Lombardia,IT,45.466647,9.1906475
IT0004215764223,WESTERN UNION INTERNATIONAL BANK GMBH,Entidad de crédito,"VIA BARBERINI, 68",ROMA,Lazio,IT,41.892984,12.4835363
IT0004162343594,WISE DIALOG BANK S.P.A.,Entidad de crédito,"VIA MESSINA, 38 - TORRE D",MILANO,Lombardia,IT,45.466647,9.1906475
IT0004440793059,YOUNITED,Entidad de crédito,VIA SARDEGNA 40,ROMA,Lazio,IT,41.892984,12.4835363
IT0000425034251,ZKB ZADRU¿NA KRA¿KA BANKA TRST GORICA ZADRUGA - ZKB CREDITO COOPERATIVO DI TRIESTE E GORIZIA SOCIETÀ COOPERATIVA IN FORMA ABBREVIATA ZKB,Entidad de crédito,"VIA DEL RICREATORIO, 2",TRIESTE,Friuli-Venezia Giulia,IT,45.6494502,13.7684078
IT0005232560224,ZURICH ITALY BANK S.P.A.,Entidad de crédito,"VIA BENIGNO CRESPI, 23",MILANO,Lombardia,IT,45.466647,9.1906475
ES0241,"A&G BANCO, S.A.",Entidad de crédito,"Paseo de la Castellana, 92",Madrid,Comunidad de Madrid,ES,40.40841191,-3.68760088
ES2080,"Abanca Corporacion Bancaria, S.A.",Entidad de crédito,"CI Cantón Claudino Pita, 2",Betanzos,Galicia,ES,43.2791139,-8.210831839
ES8620,"Abanca Servicios Financieros E.F.C., S.A.",Otra institución,"CL RÚA NUEVA, 30",A Coruña,Galicia,ES,43.37126587,-8.395501936
ES1535,"AKF Bank GmbH & Co Kg, Sucursal en España",Entidad de crédito,"AV DE EUROPA, 12",Alcobendas,Comunidad de Madrid,ES,40.54104188,-3.63240185
ES0011,"Allfunds Bank, S.A.",Entidad de crédito,"CL PADRES DOMINICOS, 7",Madrid,Comunidad de Madrid,ES,40.40841191,-3.68760088
ES6730,ALPHA FX EUROPE LIMITED SUCURSAL EN ESPAÑA,Otra institución,"PS CASTELLANA, 53",Madrid,Comunidad de Madrid,ES,40.40841191,-3.68760088
ES0200,"ANDBANK ESPAÑA BANCA PRIVADA, S.A.",Entidad de crédito,"PS DE LA CASTELLANA, 55",Madrid,Comunidad de Madrid,ES,40.40841191,-3.68760088
ES0136,"Aresbank, S.A.",Entidad de crédito,"Ps de la Castellana, 257",Madrid,Comunidad de Madrid,ES,40.40841191,-3.68760088
ES3183,"Arquia Bank, S.A.",Entidad de crédito,"CL TUTOR, 16",Madrid,Comunidad de Madrid,ES,40.40841191,-3.68760088
ES1541,"Attijariwafa Bank Europe, Sucursal en España",Entidad de crédito,"Cl Bravo Murillo, 210",Madrid,Comunidad de Madrid,ES,40.40841191,-3.68760088
ES0061,"Banca March, S.A.",Entidad de crédito,"AV DE ALEJANDRO ROSELLÓ, 8",Palma,Illes Balears,ES,39.57114699,2.65181698
ES1550,"Banca Popolare Etica Società Cooperativa per Azioni, Sucursal en España",Entidad de crédito,"Cl Santa María, 9",Bilbao,País Vasco/Euskadi,ES,43.25721957,-2.92390606
ES0078,"Banca Pueyo, S.A.",Entidad de crédito,"CL SANTA MARÍA DE GUADALUPE, 2",Villanueva De La Serena,Extremadura,ES,38.97390781,-5.79980751
ES0188,"Banco Alcalá, S.A.",Entidad de crédito,"Cl José Ortega y Gasset, 7",Madrid,Comunidad de Madrid,ES,40.40841191,-3.68760088
ES0182,"Banco Bilbao Vizcaya Argentaria, S.A.",Entidad de crédito,"Pz de San Nicolás, 4",Bilbao,País Vasco/Euskadi,ES,43.25721957,-2.92390606
ES0225,"Banco Cetelem, S.A.",Entidad de crédito,"PASEO DE LOS MELANCÓLICOS, 14",Madrid,Comunidad de Madrid,ES,40.40841191,-3.68760088
ES0198,"Banco Cooperativo Español, S.A.",Entidad de crédito,"Cl Virgen de los Peligros, 4",Madrid,Comunidad de Madrid,ES,40.40841191,-3.68760088
ES0091,"Banco de Albacete, S.A.",Entidad de crédito,"AV DE CANTABRIA, SN",Boadilla Del Monte,Comunidad de Madrid,ES,40.40783457,-3.87580597
ES0240,Banco de Crédito Social Cooperativo,Entidad de crédito,"CL CIUDAD FINANCIERA, 1",Almeria,Andalucía,ES,,
ES0003,"Banco de Depósitos, S.A.",Entidad de crédito,"PS DE LA CASTELLANA, 120",Madrid,Comunidad de Madrid,ES,40.40841191,-3.68760088
ES9000,BANCO DE ESPAÑA,Banco central,"CL ALCALÁ, 48",Madrid,Comunidad de Madrid,ES,40.40841191,-3.68760088
ES1569,"Banco de Investimento Global SA, Sucursal en España",Entidad de crédito,"CL VELÁZQUEZ, 74",Madrid,Comunidad de Madrid,ES,40.40841191,-3.68760088
ES0169,"Banco de la Nación Argentina, Sucursal en España",Entidad de crédito,"Cl Núñez de Balboa, 73",Madrid,Comunidad de Madrid,ES,40.40841191,-3.68760088
ES0081,"Banco de Sabadell, S.A.",Entidad de crédito,"PZA DE SANT ROC, 20",Sabadell,Cataluña/Catalunya,ES,41.54695899,2.10778994
ES0184,"Banco Europeo de Finanzas, S.A.",Entidad de crédito,"Cl Bolsa, 4",Málaga,Andalucía,ES,36.72034267,-4.41997511
ES0220,"BANCO FINANTIA, S.A., SUCURSAL EN ESPAÑA",Entidad de crédito,"AV MENÉNDEZ PELAYO, 67",Madrid,Comunidad de Madrid,ES,40.40841191,-3.68760088
ES0232,"Banco Inversis, S.A.",Entidad de crédito,"Av de la Hispanidad, 6",Madrid,Comunidad de Madrid,ES,40.40841191,-3.68760088
ES0186,"Banco Mediolanum, S.A.",Entidad de crédito,"CL BARCAS, 10",Valencia,Comunitat Valenciana,ES,,
ES0121,"Banco Occidental, S.A.",Entidad de crédito,"Cl Azul, 4",Madrid,Comunidad de Madrid,ES,40.40841191,-3.68760088
ES0235,"Banco Pichincha España, S.A..",Entidad de crédito,"Cl Lagasca, 4",Madrid,Comunidad de Madrid,ES,40.40841191,-3.68760088
ES1509,"Banco Primus, S.A., Sucursal en España",Entidad de crédito,"Av del Partenón, 10",Madrid,Comunidad de Madrid,ES,40.40841191,-3.68760088
ES0049,"Banco Santander, S.A.",Entidad de crédito,"Ps de Pereda, 9-12",Santander,Cantabria,ES,43.46216667,-3.809722222
ES8843,BANGE CREDIT E.F.C. SA,Otra institución,"CL SERRANO, 106",Madrid,Comunidad de Madrid,ES,40.40841191,-3.68760088
ES1574,"Bank Julius Baer Europe, S.A, Sucursal en España",Entidad de crédito,"PS DE LA CASTELLANA, 7",Madrid,Comunidad de Madrid,ES,40.40841191,-3.68760088
ES0219,"Bank of Africa Europe, S.A.",Entidad de crédito,"Cl Serrano, 59",Madrid,Comunidad de Madrid,ES,40.40841191,-3.68760088
ES1485,"Bank of America Europe DAC, Sucursal en España",Entidad de crédito,"Cl Marqués de Villamagna, 3",Madrid,Comunidad de Madrid,ES,40.40841191,-3.68760088
ES1488,BANK PICTET & CIE (EUROPE) AG SUCURSAL EN ESPAÑA,Entidad de crédito,"CL ORTEGA Y GASSET, 29",Madrid,Comunidad de Madrid,ES,40.40841191,-3.68760088
ES8832,"Bankinter Consumer Finance, E.F.C., S.A.",Otra institución,"AV DE BRUSELAS, 12",Alcobendas,Comunidad de Madrid,ES,40.54104188,-3.63240185
ES0128,"Bankinter, S.A.",Entidad de crédito,Ps de la Castellana 29,Madrid,Comunidad de Madrid,ES,40.40841191,-3.68760088
ES1525,"Banque Chaabi du Maroc, Sucursal en España",Entidad de crédito,"Av del Doctor Arce, 35",Madrid,Comunidad de Madrid,ES,40.40841191,-3.68760088
ES1580,"BANQUE J. SAFRA SARASIN (LUXEMBOURG) SA, SUCURSAL EN ESPAÑA",Entidad de crédito,"Pº DE LA CASTELLANA,13",Madrid,Comunidad de Madrid,ES,40.40841191,-3.68760088
ES0152,"Barclays Bank Ireland PLC, Sucursal en España",Entidad de crédito,"Cl José Abascal, 51",Madrid,Comunidad de Madrid,ES,40.40841191,-3.68760088
ES1554,"BFF Bank, S.P.A. Sucursal en España",Entidad de crédito,"Ps DE LA CASTELLANA, 81",Madrid,Comunidad de Madrid,ES,40.40841191,-3.68760088
ESA86969607,"BIP&Drive EDE, S.A",Otra institución,"CL SERRANO, 45",Madrid,Comunidad de Madrid,ES,40.40841191,-3.68760088
ES1533,"BMW Bank GmbH, Sucursal en España",Entidad de crédito,"Av de Burgos, 118",Madrid,Comunidad de Madrid,ES,40.40841191,-3.68760088
ES6717,"Bnext Electronic Issuer, E.D.E. S.L.",Otra institución,"CL LÓPEZ DE HOYOS, 135",Madrid,Comunidad de Madrid,ES,40.40841191,-3.68760088
ES1532,"BNP Paribas Factor, Sucursal en España",Otra institución,"Cl Emilio Vargas, 4",Madrid,Comunidad de Madrid,ES,40.40841191,-3.68760088
ES1492,BNP Paribas Lease Group S.A. Sucursal en España,Entidad de crédito,"PS DE LOS MELANCÓLICOS, 14A",Madrid,Comunidad de Madrid,ES,40.40841191,-3.68760088
ES0149,"BNP Paribas S.A., Sucursal en España",Entidad de crédito,"Cl Emilio Vargas, 4",Madrid,Comunidad de Madrid,ES,40.40841191,-3.68760088
ES8833,"BPCE EQUIPMENT SOLUTIONS IBERIA, E.F.C., S.A.",Otra institución,"CL SERRANO GALVACHE, 56",Madrid,Comunidad de Madrid,ES,40.40841191,-3.68760088
ES1500,"BPCE Lease, Sucursal en España",Entidad de crédito,"Ps Recoletos, 7-9",Madrid,Comunidad de Madrid,ES,40.40841191,-3.68760088
ES1587,BTG PACTUAL EUROPE SA SUCURSAL EN ESPAÑA,Entidad de crédito,"CL SERRANO, 47",Madrid,Comunidad de Madrid,ES,40.40841191,-3.68760088
ES1576,"Bunq B.V., Sucursal en España",Entidad de crédito,"CL JOSÉ ABASCAL, 41",Madrid,Comunidad de Madrid,ES,40.40841191,-3.68760088
ESW0230061D,"CA AUTO BANK, SPA, SUCURSAL EN ESPAÑA",Entidad de crédito,"AV. DE LA VEGA, 15",Alcobendas,Comunidad de Madrid,ES,40.54104188,-3.63240185
ES1545,"CA Indosuez Wealth (Europe), Sucursal en España",Entidad de crédito,"Pº Castellana, 1",Madrid,Comunidad de Madrid,ES,40.40841191,-3.68760088
ES0038,"CACEIS Bank Spain, S.A.",Entidad de crédito,PQ.EMPRESARIAL LA FINCA-P.CLUB DEPORTIVO,Pozuelo De Alarcon,Comunidad de Madrid,ES,,
ES1451,Caisse Régionale de Crédit Agricole Mutuel Sud-Méditerranée (Ariège et Pyrénées-Orientales),Entidad de crédito,"Cl Córcega, 301",Barcelona,Cataluña/Catalunya,ES,41.38424664,2.17634927
ES1493,"Caixa Banco de Investimento, S.A. Sucursal en España",Entidad de crédito,"Cl Caléndula, 93",Alcobendas,Comunidad de Madrid,ES,40.54104188,-3.63240185
ES3025,"Caixa de Crédit dels Enginyers- Caja de Crédito de los Ingenieros, S. Coop. de Crédito",Entidad de crédito,"Via Laietana, 39",Barcelona,Cataluña/Catalunya,ES,41.38424664,2.17634927
ES3159,"Caixa Popular-Caixa Rural, S. Coop. de Crédito V.",Entidad de crédito,"AV JUAN DE LA CIERVA, 9",Paterna,Comunitat Valenciana,ES,39.50273688,-0.44257379
ES3045,"Caixa Rural Altea, Cooperativa de Crédito Valenciana",Entidad de crédito,"PLACETA DEL CONVENT, 2",Altea,Comunitat Valenciana,ES,38.59892497,-0.05144236
ES3162,"Caixa Rural Benicarló, S. Coop. de Credit V.",Entidad de crédito,"AV JOAN CARLES I, 18",Benicarlo,Comunitat Valenciana,ES,,
ES3117,"Caixa Rural D'Algemesí, S. Coop. V. de Crédit",Entidad de crédito,"CL SAN JOSÉ DE CALASANZ, 6",Algemesi,Comunitat Valenciana,ES,,
ES3105,"Caixa Rural de Callosa d'en Sarrià, Cooperativa de Crédito Valenciana",Entidad de crédito,"AV JAIME I, 1",Callosa D'En Sarria,Cataluña/Catalunya,ES,,
ES3096,"Caixa Rural de L'Alcudia, Sociedad Cooperativa Valenciana de  Crédito",Entidad de crédito,AV VERGE DE L'ORETO 2,L' Alcudia,Comunitat Valenciana,ES,,
ES3123,"Caixa Rural de Turís, Cooperativa de Crédito Valenciana",Entidad de crédito,"PZ CONSTITUCIÓN, 2",Turis,Comunitat Valenciana,ES,,
ES3070,"Caixa Rural Galega, Sociedad Cooperativa de Crédito Limitada Gallega",Entidad de crédito,"Av de Montero Ríos, 24-26",Lugo,Galicia,ES,43.00988951,-7.555755439
ES3111,"Caixa Rural La Vall 'San Isidro', Sociedad Cooperativa de Crédito Valenciana",Entidad de crédito,"AV CORAZÓN DE JESÚS, 3",La Vall D'Uixo,Comunitat Valenciana,ES,,
ES3166,"Caixa Rural Les Coves de Vinromá, S. Coop. de Crédit V.",Entidad de crédito,"CL SAN ANTONIO, 27",Les Coves De Vinroma,Comunitat Valenciana,ES,,
ES3160,"Caixa Rural Sant Josep de Vilavella, S. Coop. de Crédito V.",Entidad de crédito,"CL CUEVA SANTA, 11",Vilabella,Cataluña/Catalunya,ES,41.24803013,1.33102666
ES3102,"Caixa Rural Sant Vicent Ferrer de La Vall D'Uixó, Coop. de Credit V.",Entidad de crédito,"PZ DEL CENTRO, 4",La Vall D'Uixo,Comunitat Valenciana,ES,,
ES3118,Caixa Rural Torrent Cooperativa de Credit Valenciana,Entidad de crédito,"AV AL VEDAT, 3",Torrent,Cataluña/Catalunya,ES,41.95196888,3.12712171
ES3118,Caixa Rural Torrent Cooperativa de Credit Valenciana,Entidad de crédito,"AV AL VEDAT, 3",Torrent,Comunitat Valenciana,ES,39.43708486,-0.46496185
ES3174,"Caixa Rural Vinarós, S. Coop. de Credit. V.",Entidad de crédito,"CL SAN CRISTÓBAL, 19",Vinaros,Comunitat Valenciana,ES,,
ESV63050835,"CAIXABANK MONETARIO RENDIMIENTO, FI",Fondo del mercado monetario,"PASEO CASTELLANA, 189",Madrid,Comunidad de Madrid,ES,40.40841191,-3.68760088
ES8776,"Caixabank Payments & Consumer, E.F.C., E.P., S.A.",Otra institución,"Cl Caleruega, 102",Madrid,Comunidad de Madrid,ES,40.40841191,-3.68760088
ES2100,"Caixabank, S.A.",Entidad de crédito,Cl Pintor Sorolla 2-4,Valencia,Comunitat Valenciana,ES,,
ES2045,Caja de Ahorros y Monte de Piedad de Ontinyent,Entidad de crédito,"PZ SANTO DOMINGO, 24",Ontinyent,Comunitat Valenciana,ES,38.82288129,-0.60649062
ES3029,"Caja de Crédito de Petrel, Caja Rural, Cooperativa de Crédito Valenciana",Entidad de crédito,"CL SAN BARTOLOMÉ,2",Petrer,Comunitat Valenciana,ES,38.48480043,-0.76953712
ES3035,Caja Laboral Popular Coop. de Crédito,Entidad de crédito,PS JOSE MARÍA ARIZMENDIARRIETA SN,Arrasate/Mondragon,País Vasco/Euskadi,ES,,
ES3115,"Caja Rural 'Nuestra Madre del Sol', S. Coop. Andaluza de Crédito",Entidad de crédito,"CL ALTO GUADALQUIVIR, 4",Adamuz,Andalucía,ES,38.02512572,-4.52617749
ES3110,"Caja Rural Católico Agraria, S. Coop. de Crédito V.",Entidad de crédito,"PZ MAYOR, 10",Vila-Real,Comunitat Valenciana,ES,39.93814957,-0.1007625
ES3005,"Caja Rural Central, Sociedad Cooperativa de Crédito",Entidad de crédito,CL JOSÉ MARÍA SARGET 29,Orihuela,Comunitat Valenciana,ES,38.08522582,-0.949954565
ES3190,"Caja Rural de Albacete, Ciudad Real y Cuenca, Sociedad Cooperativa de Crédito",Entidad de crédito,"Cl Tesifonte Gallego, 18",Albacete,Castilla-La Mancha,ES,38.99588053,-1.85574745
ES3150,"Caja Rural de Albal, Coop. de Crédito V.",Entidad de crédito,"PZ DEL JARDÍ, 24",Albal,Comunitat Valenciana,ES,39.39740473,-0.413172841
ES3179,"Caja Rural de Alginet, Sociedad Cooperativa Crédito Valenciana",Entidad de crédito,CL VALENCIA 13,Alginet,Comunitat Valenciana,ES,39.26153042,-0.46964795
ES3001,"Caja Rural de Almendralejo, Sociedad Cooperativa de Crédito",Entidad de crédito,"PZ DE SAN ANTONIO, SN",Almendralejo,Extremadura,ES,38.68445279,-6.40778009
ES3191,"Caja Rural de Aragón, Sociedad Cooperativa de Crédito",Entidad de crédito,CI Coso 29,Zaragoza,Aragón,ES,41.65645655,-0.87928652
ES3059,"Caja Rural de Asturias, Sociedad Cooperativa de Crédito",Entidad de crédito,"Cl Melquiades Álvarez,7",Oviedo,Principado de Asturias,ES,43.36232165,-5.84372206
ES3089,Caja Rural de Baena Ntra. Sra. de Guadalupe Sociedad Cooperativa de Crédito Andaluza,Entidad de crédito,"CL  DUQUE DE RIVAS, 3",Baena,Andalucía,ES,37.61318847,-4.32895878
ES3060,"Caja Rural de Burgos, Fuentepelayo, Segovia y Castelldans, Sociedad Cooperativa de Crédito",Entidad de crédito,"Cl. LosCoches, 2-4",Segovia,Castilla y León,ES,40.9498703,-4.12524116
ES3104,Caja Rural de Cañete de Las Torres Ntra. Sra. del Campo Sociedad Cooperativa Andaluza de Crédito,Entidad de crédito,"PZA DE ESPAÑA, 5",Cañete De Las Torres,Andalucía,ES,37.86729904,-4.31772885
ES3127,"Caja Rural de Casas Ibáñez, S. Coop. de Crédito de Castilla-La Mancha",Entidad de crédito,"CL TERCIA, 49",Casas-Ibañez,Castilla-La Mancha,ES,,
ES3121,"Caja Rural de Cheste, Sociedad Cooperativa de Crédito Valenciana",Entidad de crédito,"PZ DR. CAJAL, 2",Cheste,Comunitat Valenciana,ES,39.49486693,-0.68276913
ES3009,"Caja Rural de Extremadura, Sociedad Cooperativa de Crédito",Entidad de crédito,Av de Santa Marina 15,Badajoz,Extremadura,ES,38.87874339,-6.97099704
ES3007,"Caja Rural de Gijón, Sociedad Cooperativa Asturiana de Crédito",Entidad de crédito,"PS DE LA INFANCIA, 10",Gijon,Principado de Asturias,ES,,
ES3023,"Caja Rural de Granada, Sociedad Cooperativa de Crédito",Entidad de crédito,"Av Don Bosco, 2",Granada,Andalucía,ES,37.17641932,-3.60001883
ES3140,"Caja Rural de Guissona, Sociedad Cooperativa de Crédito",Entidad de crédito,"CL TRASPALAU, 8",Guissona,Cataluña/Catalunya,ES,41.78497273,1.28903996
ES3067,"Caja Rural de Jaén, Barcelona y Madrid, Sociedad Cooperativa de Crédito",Entidad de crédito,"CL EL CONDADO, 23",Mengibar,Andalucía,ES,,
ES3008,"Caja Rural de Navarra, S. Coop. de Crédito",Entidad de crédito,"PZ DE LOS FUEROS, 1",Pamplona/Iruña,Comunidad Foral de Navarra,ES,42.814102,-1.6451528
ES3098,"Caja Rural de Nueva Carteya,  Sociedad Cooperativa Andaluza de Crédito",Entidad de crédito,"AV ANDALUCÍA, 6",Nueva Carteya,Andalucía,ES,37.58553839,-4.46660548
ES3016,"Caja Rural de Salamanca, Sociedad Cooperativa de Crédito",Entidad de crédito,"Puerta de Zamora, 2",Salamanca,Castilla y León,ES,40.96736822,-5.66538084
ES3017,"Caja Rural de Soria, Sociedad Cooperativa de Crédito",Entidad de crédito,"Cl Diputación,1",Soria,Castilla y León,ES,41.76327912,-2.46624798
ES3080,"Caja Rural de Teruel, Sociedad Cooperativa de Crédito",Entidad de crédito,"Pz Carlos Castel, 14",Teruel,Aragón,ES,40.34412951,-1.10927177
ES3020,"Caja Rural de Utrera, Sociedad Cooperativa Andaluza de Crédito",Entidad de crédito,"PZ DEL ALTOZANO, 22",Utrera,Andalucía,ES,37.17935222,-5.78089198
ES3144,"Caja Rural de Villamalea, S. Coop. de Crédito Agrario de Castilla-La Mancha",Entidad de crédito,"PZ DE LA CONCEPCIÓN, 1",Villamalea,Castilla-La Mancha,ES,39.36160785,-1.59908353
ES3152,"Caja Rural de Villar, Coop. de Crédito V.",Entidad de crédito,CL LAS CRUCES 33,Villar Del Arzobispo,Comunitat Valenciana,ES,39.73297057,-0.8243642
ES3085,"Caja Rural de Zamora, Cooperativa de Crédito",Entidad de crédito,"Av Alfonso IX, 7",Zamora,Castilla y León,ES,41.49913956,-5.75494831
ES3187,"Caja Rural del Sur, S. Coop. de Crédito",Entidad de crédito,Cl Murillo 2,Sevilla,Andalucía,ES,37.38620512,-5.99251368
ES3157,"Caja Rural La Junquera de Chilches, S. Coop. de Crédito V.",Entidad de crédito,"PZ DE ESPAÑA, 8",Chilches/Xilxes,Comunitat Valenciana,ES,39.78206194,-0.18778601
ES3134,"Caja Rural Nuestra Señora de la Esperanza de Onda, S. Coop. de Crédito V.",Entidad de crédito,"PZ EL PLÁ, 19",Onda,Comunitat Valenciana,ES,39.96420713,-0.26316353
ES3018,"Caja Rural Regional San Agustín Fuente Álamo Murcia, Sociedad Cooperativa de Crédito",Entidad de crédito,"Gran Vía, 1",Fuente Álamo,Región de Murcia,ES,,
ES3165,Caja Rural San Isidro de Vilafames S. Coop. de Crédito V.,Entidad de crédito,"AV DE BARCELÓ, 6",Vilafames,Comunitat Valenciana,ES,,
ES3119,Caja Rural San Jaime de Alquerías Niño Perdido S. Coop. de Crédito V.,Entidad de crédito,CL JAIME CHICHARRO 24,Alquerias Del Niño Perdido,Comunitat Valenciana,ES,,
ES3113,Caja Rural San José de Alcora S. Coop. de Crédito V.,Entidad de crédito,"CL SAN FRANCISCO, 14",L' Alcora,Comunitat Valenciana,ES,,
ES3130,"Caja Rural San José de Almassora, S. Coop. de Crédito V.",Entidad de crédito,"CL TRINIDAD, 20",Almazora/Almassora,Comunitat Valenciana,ES,,
ES3112,"Caja Rural San José de Burriana, S. Coop. de Crédito V.",Entidad de crédito,"PZ EL PLA, 1",Borriana/Burriana,Comunitat Valenciana,ES,39.88968132,-0.08364221
ES3135,Caja Rural San José de Nules S. Coop. de Crédito V.,Entidad de crédito,"CL MAYOR, 66",Nules,Comunitat Valenciana,ES,39.85312121,-0.15473206
ES3095,Caja Rural San Roque de Almenara S. Coop. de Crédito  V.,Entidad de crédito,"CL DR. BERENGUER, 4",Almenara,Comunitat Valenciana,ES,39.75325705,-0.22531046
ES3058,"Cajamar Caja Rural, Sociedad Cooperativa de Crédito",Entidad de crédito,"PZ PUERTA DE ARCHENA, 10",Almería,Andalucía,ES,36.83892362,-2.46413188
ES3076,"Cajasiete, Caja Rural, Sociedad Cooperativa de Crédito",Entidad de crédito,"Av Manuel Hermoso Rojas, 8",Santa Cruz De Tenerife,Canarias,ES,28.46285408,-16.24720629
ES8844,CASTELO CAPITAL EFC SA,Otra institución,"AVDA DIEGO MARTÍNEZ BARRIO, 4",Sevilla,Andalucía,ES,37.38620512,-5.99251368
ES4706,"Caterpillar Financial Corporación Financiera, S.A., E.F.C.",Otra institución,"VÍA DE LAS DOS CASTILLAS, 33",Pozuelo De Alarcon,Comunidad de Madrid,ES,,
ES0234,"CBNK BANCO DE COLECTIVOS, S.A.",Entidad de crédito,"CL ALMAGRO, 8",Madrid,Comunidad de Madrid,ES,40.40841191,-3.68760088
ES2000,"Cecabank, S.A.",Entidad de crédito,"Cl Alcalá,27",Madrid,Comunidad de Madrid,ES,40.40841191,-3.68760088
ES1553,"China Construction Bank (Europe), S.A., Sucursal en España",Entidad de crédito,"Av. Diagonal, 640",Barcelona,Cataluña/Catalunya,ES,41.38424664,2.17634927
ES1474,"Citibank Europe Plc, Sucursal en España",Entidad de crédito,ORTEGA Y GASSET 29,Madrid,Comunidad de Madrid,ES,40.40841191,-3.68760088
ES1499,"Claas Financial Services, S.A.S., Sucursal en España",Entidad de crédito,"PS DE LOS MELANCÓLICOS, 14",Madrid,Comunidad de Madrid,ES,40.40841191,-3.68760088
ES1546,"CNH Industrial Capital Europe, S.A.S., Sucursal en España",Entidad de crédito,"PS DE LOS MELANCÓLICOS, 14",Madrid,Comunidad de Madrid,ES,40.40841191,-3.68760088
ES1543,"Cofidis, S.A. Sucursal en España",Entidad de crédito,"PZ DE LA PAU, SN",Cornella De Llobregat,Cataluña/Catalunya,ES,,
ES2056,Colonya - Caixa D'estalvis de Pollensa,Entidad de crédito,"PZ MAYOR, 7",Pollença,Illes Balears,ES,39.87749578,3.01575353
ES0159,"Commerzbank Aktiengesellschaft, Sucursal en España",Entidad de crédito,"Ps de la Castellana 259, pl 32",Madrid,Comunidad de Madrid,ES,40.40841191,-3.68760088
ES1459,"Cooperatieve Rabobank U.A., Sucursal en España",Entidad de crédito,"Cl Rafael Calvo, 39",Madrid,Comunidad de Madrid,ES,40.40841191,-3.68760088
ESA88147053,"CREDIT AGRICOLE CONSUMER FINANCE SPAIN, EFC, S.A.",Otra institución,"AV. MANOTERAS, 44",Madrid,Comunidad de Madrid,ES,40.40841191,-3.68760088
ES0154,"Crédit Agricole Corporate and Investment Bank, Sucursal en España",Entidad de crédito,"Ps de la Castellana , 1",Madrid,Comunidad de Madrid,ES,40.40841191,-3.68760088
ES1472,"Crédit Agricole Leasing & Factoring, Sucursal en España",Entidad de crédito,"Ps de la Castellana, 1",Madrid,Comunidad de Madrid,ES,40.40841191,-3.68760088
ES1555,"Crédit Mutuel Leasing, Sucursal en España",Entidad de crédito,"PS DE LA CASTELLANA, 42",Madrid,Comunidad de Madrid,ES,40.40841191,-3.68760088
ES6716,"Currencies Direct Spain, EDE, SL",Otra institución,AV DEL MEDITERRANEO 341,Mojacar,Andalucía,ES,,
ES8842,"DAIMLER TRUCK FINANCIAL SERVICES ESPAÑA E.F.C., S.A.U.",Otra institución,"AVDA DE CASTILLA, 2",San Fernando De Henares,Comunidad de Madrid,ES,40.42532521,-3.53500587
ES1457,"De Lage Landen International B.V., Sucursal en España",Entidad de crédito,"CL  JOSE BARDASANO BAOS, 9",Madrid,Comunidad de Madrid,ES,40.40841191,-3.68760088
ES1548,"Dell Bank International Designated Activity Company, Sucursal en España",Entidad de crédito,"Cl Ribera del Loira, 8",Madrid,Comunidad de Madrid,ES,40.40841191,-3.68760088
ES0145,"Deutsche Bank, A.G., Sucursal en España",Entidad de crédito,"Ps de la Castellana, 18",Madrid,Comunidad de Madrid,ES,40.40841191,-3.68760088
ES0019,"Deutsche Bank, Sociedad Anónima Española",Entidad de crédito,"Ps de la Castellana, 18",Madrid,Comunidad de Madrid,ES,40.40841191,-3.68760088
ES8826,"Deutsche Leasing Iberica, E.F.C.,  S.A.",Otra institución,"PZ. EUROPA, 9 Y11",L' Hospitalet De Llobregat,Cataluña/Catalunya,ES,,
ES1501,"Deutsche Pfandbriefbank AG, Sucursal en España",Entidad de crédito,"Cl Montesquinza, 30",Madrid,Comunidad de Madrid,ES,40.40841191,-3.68760088
ES0211,"EBN Banco de Negocios, S.A.",Entidad de crédito,"Ps de Recoletos, 29",Madrid,Comunidad de Madrid,ES,40.40841191,-3.68760088
ES1473,"Edmond de Rothschild (Europe), Sucursal en España",Entidad de crédito,"Ps de la Castellana, 55",Madrid,Comunidad de Madrid,ES,40.40841191,-3.68760088
ES3081,"Eurocaja Rural, Sociedad Cooperativa de Crédito",Entidad de crédito,"Cl Méjico, 2",Toledo,Castilla-La Mancha,ES,39.8565219,-4.024974933
ES0218,FCE Bank Plc Sucursal en España,Entidad de crédito,"CL CALÉNDULA, 13",Alcobendas,Comunidad de Madrid,ES,40.54104188,-3.63240185
ES8308,"Financiera Carrión, S.A., E.F.C.",Otra institución,"Ps del Pintor Rosales, 4",Madrid,Comunidad de Madrid,ES,40.40841191,-3.68760088
ES8805,"Financiera El Corte Inglés E.F.C., S.A.",Otra institución,"CL HERMOSILLA, 112",Madrid,Comunidad de Madrid,ES,40.40841191,-3.68760088
ES8823,"Financiera española de crédito a distancia, E.F.C., S.A.",Otra institución,"Av Fuente de la Mora, 4",Madrid,Comunidad de Madrid,ES,40.40841191,-3.68760088
ES6726,FINOM PAYMENTS SUCURSAL EN ESPAÑA,Otra institución,"PS DE LA CASTELLANA, 141",Madrid,Comunidad de Madrid,ES,40.40841191,-3.68760088
ES6718,"FINPAY Entidad de Dineero Electrónico, S.A",Otra institución,"PS DE LA CASTELLANA, 126",Madrid,Comunidad de Madrid,ES,40.40841191,-3.68760088
ESV44702165,"FONDO NARANJA MONETARIO, FI",Fondo del mercado monetario,PASEO CASTELLANA 33,Madrid,Comunidad de Madrid,ES,40.40841191,-3.68760088
ES8839,"GCC Consumo, EFC, S.A",Otra institución,"Ps de los Melancólicos, 14",Madrid,Comunidad de Madrid,ES,40.40841191,-3.68760088
ES1496,"Genefim, Sucursal en España",Entidad de crédito,"Pz Pablo Ruiz Picasso, 1",Madrid,Comunidad de Madrid,ES,40.40841191,-3.68760088
ES6702,"Global Payment Moneytopay, EDE, SL",Otra institución,"AVDA MANOTERAS, 20",Madrid,Comunidad de Madrid,ES,40.40841191,-3.68760088
ES1564,"Goldman Sachs Bank Europe SE, Sucursal en España",Entidad de crédito,"Cl María de Molina, 6",Madrid,Comunidad de Madrid,ES,40.40841191,-3.68760088
ES1497,"Haitong Bank, S.A., Sucursal en España",Entidad de crédito,"Ps de la Castellana, 52",Madrid,Comunidad de Madrid,ES,40.40841191,-3.68760088
ES1504,"Honda Bank GmbH, Sucursal en España",Entidad de crédito,"CL MAR DEL NORD, 1",Santa Perpetua De Mogoda,Cataluña/Catalunya,ES,,
ES0162,"HSBC Continental Europe, Sucursal en España",Entidad de crédito,PZ PABLO RUIZ PICASSO SN PL.33. TORRE PICASSO,Madrid,Comunidad de Madrid,ES,40.40841191,-3.68760088
ES2085,"Ibercaja Banco, S.A.",Entidad de crédito,"Pz D. Basilio Paraíso, 2",Zaragoza,Aragón,ES,41.65645655,-0.87928652
ES4832,"IBERCAJA SERVICIOS DE FINANCIACIÓN, ESTABLECIMIENTO FINANCIERO DE CRÉDITO, S.A.",Otra institución,"Ps de la Constitución, 4",Zaragoza,Aragón,ES,41.65645655,-0.87928652
ES1514,"IC FINANCIAL SERVICES, SUCURSAL EN ESPAÑA",Entidad de crédito,"AVENIDA DE ARAGÓN, 402",Madrid,Comunidad de Madrid,ES,40.40841191,-3.68760088
ES1538,"Industrial and Commercial Bank of China (Europe) S.A., Sucursal en España",Entidad de crédito,"Ps de Recoletos, 12",Madrid,Comunidad de Madrid,ES,40.40841191,-3.68760088
ES1465,"Ing Bank, N.V. Sucursal en España",Entidad de crédito,"VÍA DE LOS POBLADOS, 1F Y 1E",Madrid,Comunidad de Madrid,ES,40.40841191,-3.68760088
ES1000,Instituto de Crédito Oficial,Entidad de crédito,"Ps del Prado, 4",Madrid,Comunidad de Madrid,ES,40.40841191,-3.68760088
ES1494,"Intesa Sanpaolo S.p.A., Sucursal en España",Entidad de crédito,"Pº de Castellana, 31",Madrid,Comunidad de Madrid,ES,40.40841191,-3.68760088
ES1588,J.C.B. FINANCE S.A.S. SUCURSAL EN ESPAÑA,Entidad de crédito,"PS DE LOS MELANCÓLICOS, 14",Madrid,Comunidad de Madrid,ES,40.40841191,-3.68760088
ES1567,"J.P. MORGAN SE, SUCURSAL EN ESPAÑA",Entidad de crédito,"PS DE LA CASTELLANA, 31",Madrid,Comunidad de Madrid,ES,40.40841191,-3.68760088
ES1482,"John Deere Bank, S.A., Sucursal en España",Entidad de crédito,"BL JOHN DEERE, 2",Parla,Comunidad de Madrid,ES,40.23782083,-3.7708691
ESV56602477,"KUTXABANK MONETARIO AHORRO, FI",Fondo del mercado monetario,"PLAZA DE EUSKADI, NUMERO 5, PLANTA 27",Bilbao,País Vasco/Euskadi,ES,43.25721957,-2.92390606
ES2095,"Kutxabank, S.A.",Entidad de crédito,"CL GRAN VÍA, 30-32",Bilbao,País Vasco/Euskadi,ES,43.25721957,-2.92390606
ES1547,"Lombard Odier (Europe), S.A., Sucursal en España",Entidad de crédito,"PS DE LA CASTELLANA, 66",Madrid,Comunidad de Madrid,ES,40.40841191,-3.68760088
ES8342,Luzaro E.F.C. S.A,Otra institución,"AV LIBERTAD, 10",Donostia/San Sebastian,País Vasco/Euskadi,ES,,
ES6725,MANGOPAY SA SUCURSAL EN ESPAÑA,Otra institución,"CL FRANCISCO SILVELA, 72",Madrid,Comunidad de Madrid,ES,40.40841191,-3.68760088
ES1520,"Mediobanca, Sucursal en España",Entidad de crédito,"Cl Jorge Manrique, 12",Madrid,Comunidad de Madrid,ES,40.40841191,-3.68760088
ES4799,"Mercedes-Benz Financial Services España E.F.C., S.A.",Otra institución,"AV DE BRUSELAS, 30",Alcobendas,Comunidad de Madrid,ES,40.54104188,-3.63240185
ES1552,"Mirabaud & Cie (Europe) S.A., Sucursal en España",Entidad de crédito,"CI Fortuny, 6",Madrid,Comunidad de Madrid,ES,40.40841191,-3.68760088
ESA06302657,"MIRALTA FINANCE BANK, S.A.",Entidad de crédito,"PLAZA MANUEL GOMEZ MORENO, 2",Madrid,Comunidad de Madrid,ES,40.40841191,-3.68760088
ES1559,"Mizuho Bank Europe N.V., Sucursal en España",Entidad de crédito,"Cl Orense, 34",Madrid,Comunidad de Madrid,ES,40.40841191,-3.68760088
ES6723,"MODULR FINANCE B.V., SUCURSAL EN ESPAÑA",Otra institución,CL GRAN VIA DE LES CORTS CATALANES 583,Barcelona,Cataluña/Catalunya,ES,41.38424664,2.17634927
ES6720,"Moneycorp Technologies Limited, S.E",Otra institución,CL NÚÑEZ DE BALBOA 35,Madrid,Comunidad de Madrid,ES,40.40841191,-3.68760088
ES0160,"MUFG Bank (Europe) N.V., Sucursal en España",Entidad de crédito,"Cl José Ortega y Gasset, 29",Madrid,Comunidad de Madrid,ES,40.40841191,-3.68760088
ESV85567659,"Mutuafondo Dinero, FI",Fondo del mercado monetario,PASEO CASTELLANA 33,Madrid,Comunidad de Madrid,ES,40.40841191,-3.68760088
ES1544,"MYINVESTOR BANCO, S.A.",Entidad de crédito,"CL COLUMELA, 8",Madrid,Comunidad de Madrid,ES,40.40841191,-3.68760088
ES1563,"N26 BANK SE, SUCURSAL EN ESPAÑA",Entidad de crédito,"CL JOSÉ ABASCAL, 41",Madrid,Comunidad de Madrid,ES,40.40841191,-3.68760088
ES1479,"Natixis, S.A., Sucursal en España",Entidad de crédito,"Cl Serrano, 90",Madrid,Comunidad de Madrid,ES,40.40841191,-3.68760088
ES0133,"Nuevo Micro Bank, S.A.",Entidad de crédito,"CI ADUANA, 18",Madrid,Comunidad de Madrid,ES,40.40841191,-3.68760088
ES8235,"OCCIDENT HIPOTECARIA, EFC S.A",Otra institución,"AV SABINO ARANDA, 20",Bilbao,País Vasco/Euskadi,ES,43.25721957,-2.92390606
ES1577,"Oddo BHF SCA, Sucursal en España",Entidad de crédito,"CL MAJORAL, 17",Madrid,Comunidad de Madrid,ES,40.40841191,-3.68760088
ES8814,"Oney Servicios Financieros, E.F.C., S.A.",Otra institución,"Via de los Poblados, 1",Madrid,Comunidad de Madrid,ES,40.40841191,-3.68760088
ES0073,"Open Bank, S.A.",Entidad de crédito,"PLAZA DE SANTA BARBARA, 2",Madrid,Comunidad de Madrid,ES,40.40841191,-3.68760088
ESA85424893,OUTPAYCE SA,Otra institución,"SALVADOR DE MADARIAGA, 1",Madrid,Comunidad de Madrid,ES,40.40841191,-3.68760088
ES6722,"PAGONXT EMONEY EDE, S.L.",Otra institución,AVDA CANTABRIA S/N,Boadilla Del Monte,Comunidad de Madrid,ES,40.40783457,-3.87580597
ESW0284391J,PAYMENTSENSE IRELAND LIMITED SUCURSAL EN ESPAÑA,Otra institución,"PS DE LA CASTELLANA, 259",Madrid,Comunidad de Madrid,ES,40.40841191,-3.68760088
ES6707,Pecunia Cards E.D.E. S.L,Otra institución,"AVDA DE BRUSELAS, 35",Alcobendas,Comunidad de Madrid,ES,40.54104188,-3.63240185
ES1508,"RCI Banque, S.A., Sucursal en España",Entidad de crédito,"AV. DE EUROPA, 1",Alcobendas,Comunidad de Madrid,ES,40.54104188,-3.63240185
ES0083,"Renta 4 Banco, S.A.",Entidad de crédito,"Ps de la Habana, 74",Madrid,Comunidad de Madrid,ES,40.40841191,-3.68760088
ES1583,REVOLUT BANK UAB SUCURSAL EN ESPAÑA,Entidad de crédito,"CL PRÍNCIPE DE VERGARA, 132",Madrid,Comunidad de Madrid,ES,40.40841191,-3.68760088
ES1584,RIVERBANK SA SUCURSAL EN ESPAÑA,Entidad de crédito,"CL BOTIGUERS, 3",Paterna,Comunitat Valenciana,ES,39.50273688,-0.44257379
ES3138,"Ruralnostra, Sociedad Cooperativa de Crédito Valenciana",Entidad de crédito,"PZ MAYOR, 2",Betxi,Comunitat Valenciana,ES,,
ES0242,"Sabadell Consumer Finance, S.A.",Entidad de crédito,"CL SENA, 12",Sant Cugat Del Valles,Cataluña/Catalunya,ES,,
ES0224,"Santander Consumer Finance, S.A.",Entidad de crédito,"Av de Cantabria, sn",Boadilla Del Monte,Comunidad de Madrid,ES,40.40783457,-3.87580597
ES8906,"Santander Factoring y Confirming, S.A., E.F.C.",Otra institución,"AV CANTABRIA, SN",Boadilla Del Monte,Comunidad de Madrid,ES,40.40783457,-3.87580597
ES0036,"Santander Investment, S.A.",Entidad de crédito,"AV DE CANTABRIA, SN",Boadilla Del Monte,Comunidad de Madrid,ES,40.40783457,-3.87580597
ES4797,"Santander Lease, S.A. EFC",Otra institución,"AV DE CANTABRIA, SN",Boadilla Del Monte,Comunidad de Madrid,ES,40.40783457,-3.87580597
ESA09641549,"SANTANDER MAPFRE HIPOTECA INVERSA, E.F.C., SA",Otra institución,"CL JUAN IGNACIO LUCA DE TENA, 11",Madrid,Comunidad de Madrid,ES,40.40841191,-3.68760088
ES6705,"Sefide, E.D.E. S.L.",Otra institución,"AVENIDA DE LA CIENCIA, 2",Granada,Andalucía,ES,37.17641932,-3.60001883
ES8795,"Servicios Financieros Carrefour, E.F.C., S.A.",Otra institución,"CARRETERA  NACIONAL I, KM. 14,500",Alcobendas,Comunidad de Madrid,ES,40.54104188,-3.63240185
ESB16992182,SILBO MONEY EDE SL,Otra institución,"HOCES DE HERMIDA, 140",Madrid,Comunidad de Madrid,ES,40.40841191,-3.68760088
ES1490,"Singular Bank, S.A.",Entidad de crédito,"CALLE GOYA, 11",Madrid,Comunidad de Madrid,ES,40.40841191,-3.68760088
ES1551,"SMBC Bank EU AG, Sucursal en España",Entidad de crédito,"Cl Pedro Teixeira, 8",Madrid,Comunidad de Madrid,ES,40.40841191,-3.68760088
ES8816,"Sociedad Conjunta para la Emisión y Gestión de Medios de Pago, E.F.C., S.A",Otra institución,"CL ALBACETE, 5",Madrid,Comunidad de Madrid,ES,40.40841191,-3.68760088
ES0108,"Société Genérale, Sucursal en España",Entidad de crédito,"Pz Pablo Ruiz Picasso, 1",Madrid,Comunidad de Madrid,ES,40.40841191,-3.68760088
ES1578,"SOLARIS SE, SUCURSAL EN ESPAÑA",Entidad de crédito,"PS DE RECOLETOS, 5",Madrid,Comunidad de Madrid,ES,40.40841191,-3.68760088
ES8838,"STELLANTIS FINANCIAL SERVICES ESPAÑA, E.F.C.,",Otra institución,"CL EDUARDO BARREIROS, 110",Madrid,Comunidad de Madrid,ES,40.40841191,-3.68760088
ES6724,SWAN IO SUCURSAL EN ESPAÑA,Otra institución,"PS DE GRACIA, 19",Barcelona,Cataluña/Catalunya,ES,41.38424664,2.17634927
ES1585,TF BANK AB SUCURSAL EN ESPAÑA,Entidad de crédito,"CL MARQUÉS DE LARIOS, 7",Malaga,Andalucía,ES,,
ES1573,"The Bank of New York Mellon SA/SV, S.E",Entidad de crédito,"Cl JOSÉ ABASCAL, 45",Madrid,Comunidad de Madrid,ES,40.40841191,-3.68760088
ES1570,"The Governor and Company of the Bank of Ireland, Sucursal en España",Entidad de crédito,"PS DE LA CASTELLANA, 42",Madrid,Comunidad de Madrid,ES,40.40841191,-3.68760088
ES1487,"Toyota Kreditbank GmbH, Sucursal en España",Entidad de crédito,"AV DE BRUSELAS, 22",Alcobendas,Comunidad de Madrid,ES,40.54104188,-3.63240185
ES1586,TRADE REPUBLIC BANK GMBH SUCURSAL EN ESPAÑA,Entidad de crédito,"CL VELÁZQUEZ, 50",Madrid,Comunidad de Madrid,ES,40.40841191,-3.68760088
ES4784,"Transolver Finance, E.F.C., S.A.",Otra institución,"Av Aragón, 402",Madrid,Comunidad de Madrid,ES,40.40841191,-3.68760088
ES8813,"TRATON FINANCIAL SERVICES IBERICA ESTABLECIMIENTO FINANCIERO DE CRÉDITO, S.A.",Otra institución,"CL JACINTO BENAVENTE, 13",Torrejon De Ardoz,Comunidad de Madrid,ES,,
ES6721,"TREEZOR S.A.S., SUCURSAL EN ESPAÑA",Otra institución,"PZA PABLO RUIZ PICASSO, 1",Madrid,Comunidad de Madrid,ES,40.40841191,-3.68760088
ES1491,"Triodos Bank, N.V., S.E.",Entidad de crédito,"CL JOSÉ ECHEGARAY, 5",Las Rozas De Madrid,Comunidad de Madrid,ES,40.49195187,-3.87457308
ES1460,"UBS AG, SUCURSAL EN ESPAÑA",Entidad de crédito,"CL AYALA, 42",Madrid,Comunidad de Madrid,ES,40.40841191,-3.68760088
ES0226,"UBS Europe SE, Sucursal en España",Entidad de crédito,"CL MARÍA DE MOLINA, 4",Madrid,Comunidad de Madrid,ES,40.40841191,-3.68760088
ES2103,"Unicaja Banco, S.A.",Entidad de crédito,"Av Andalucía, 10-12",Málaga,Andalucía,ES,36.72034267,-4.41997511
ES1557,"Unicredit, S.p.A., Sucursal en España",Entidad de crédito,Cl Miguel Angel. 11,Madrid,Comunidad de Madrid,ES,40.40841191,-3.68760088
ES8596,"Unión Cto. Fin. Mob. e Inm., Credifimo, E.F.C., S.A.",Otra institución,"CL GOYA, 77",Barcelona,Cataluña/Catalunya,ES,41.38424664,2.17634927
ES8512,"Unión de Créditos Inmobiliarios, S.A., E.F.C.",Otra institución,"CL AMALTEA, 32",Madrid,Comunidad de Madrid,ES,40.40841191,-3.68760088
ES8769,"Unión Financiera Asturiana, S.A., E.F.C.",Otra institución,"CL PELAYO, 15",Oviedo,Principado de Asturias,ES,43.36232165,-5.84372206
ES6719,"Unnax Regulatory Services, EDE, SL",Otra institución,"PZ DE EUROPA, 22-24",L' Hospitalet De Llobregat,Cataluña/Catalunya,ES,,
ES6709,"Up Aganea EDE, SA",Otra institución,"AV. EUROPA, 16",Alcobendas,Comunidad de Madrid,ES,40.54104188,-3.63240185
ES8806,"VFS Financial Services Spain E.F.C., S.A.",Otra institución,"CL GOBELAS, 41 Y 45",Madrid,Comunidad de Madrid,ES,40.40841191,-3.68760088
ES6731,VIVID MONEY SA SUCURSAL EN ESPAÑA,Otra institución,"RD SANT PERE, 52",Barcelona,Cataluña/Catalunya,ES,41.38424664,2.17634927
ES1480,"Volkswagen Bank GmbH, Sucursal en España",Entidad de crédito,"AV. DE BRUSELAS, 34",Alcobendas,Comunidad de Madrid,ES,40.54104188,-3.63240185
ES1575,"Western Union International Bank GMBH, Sucursal en España",Entidad de crédito,"BEATRIZ DE BOBADILLA, 14",Madrid,Comunidad de Madrid,ES,40.40841191,-3.68760088
ES0229,"Wizink Bank, S.A.",Entidad de crédito,"Cl Ulises, 16-18",Madrid,Comunidad de Madrid,ES,40.40841191,-3.68760088
ES8840,"Xfera Consumer Finance, E.F.C. S.A.",Otra institución,"PS DE LOS MELANCOLICOS, 14",Madrid,Comunidad de Madrid,ES,40.40841191,-3.68760088
ES1560,"Younited, Sucursal en España",Entidad de crédito,"Carrer de la Caravel, 12",Barcelona,Cataluña/Catalunya,ES,41.38424664,2.17634927
