country,region,market_category,founded
ES,Comunidad de Madrid,Advertising & Marketing,2025-01-01
ES,Comunitat Valenciana,Other,2025-01-01
ES,Cataluña/Catalunya,Mobile,2022-01-01
ES,Cataluña/Catalunya,Software & SaaS,2024-01-01
ES,Cantabria,Education,2025-01-01
ES,País Vasco/Euskadi,Security,2025-01-01
ES,Comunitat Valenciana,Other,2014-01-01
ES,Cataluña/Catalunya,Other,2023-01-01
ES,Comunidad de Madrid,Other,2020-01-01
ES,Comunidad de Madrid,Analytics & AI,2024-01-01
ES,Comunidad de Madrid,Other,2024-01-01
ES,Comunitat Valenciana,Analytics & AI,2025-01-01
ES,Aragón,Analytics & AI,2025-01-01
ES,Cataluña/Catalunya,Software & SaaS,2024-01-01
ES,Cantabria,Finance & FinTech,2023-01-01
ES,Andalucía,Other,2025-01-01
ES,Andalucía,Other,2025-01-01
ES,Cataluña/Catalunya,Analytics & AI,2024-01-01
ES,Comunidad de Madrid,Analytics & AI,2025-01-01
ES,Comunidad de Madrid,Analytics & AI,2025-01-01
ES,Cataluña/Catalunya,Other,2025-01-01
ES,Andalucía,Real Estate,2023-01-01
ES,Cataluña/Catalunya,E-Commerce & Retail,2025-01-01
ES,Principado de Asturias,Advertising & Marketing,2011-01-01
ES,Cataluña/Catalunya,Entertainment & Media,2025-01-01
ES,Comunidad de Madrid,Mobile,2024-01-01
ES,Cataluña/Catalunya,Software & SaaS,2024-01-01
ES,Cataluña/Catalunya,Other,2014-01-01
ES,Cataluña/Catalunya,Education,2025-01-01
ES,Andalucía,Other,2025-01-01
ES,Comunidad de Madrid,Software & SaaS,2025-01-01
ES,Cataluña/Catalunya,Analytics & AI,2024-01-01
ES,Comunitat Valenciana,Other,2019-01-01
ES,Comunitat Valenciana,Analytics & AI,2025-01-01
ES,Comunidad de Madrid,Software & SaaS,2025-01-01
ES,Illes Balears,Other,2025-01-01
ES,Comunitat Valenciana,Mobile,2025-01-01
ES,Comunitat Valenciana,Healthcare,2024-01-01
ES,Comunitat Valenciana,Mobile,2024-01-01
ES,Comunitat Valenciana,Other,2024-01-01
ES,Comunitat Valenciana,Software & SaaS,2023-01-01
ES,Cataluña/Catalunya,Travel & Hospitality,2025-01-01
ES,Comunidad de Madrid,Software & SaaS,2024-01-01
ES,Cataluña/Catalunya,Travel & Hospitality,2024-01-01
ES,Cataluña/Catalunya,Analytics & AI,2025-01-01
ES,Cataluña/Catalunya,Other,2023-01-01
ES,Illes Balears,Software & SaaS,2023-01-01
ES,Cataluña/Catalunya,Hardware & Semiconductors,2023-01-01
ES,Cataluña/Catalunya,Software & SaaS,2023-01-01
ES,Comunitat Valenciana,Entertainment & Media,2023-01-01
ES,Comunidad de Madrid,Software & SaaS,2022-01-01
ES,Cataluña/Catalunya,Healthcare,2021-01-01
ES,Cataluña/Catalunya,Mobile,2021-01-01
ES,Cataluña/Catalunya,Travel & Hospitality,2025-01-01
ES,Comunidad de Madrid,Software & SaaS,2014-01-01
ES,Comunidad de Madrid,Analytics & AI,2024-01-01
ES,Comunidad de Madrid,Other,2025-01-01
ES,Cataluña/Catalunya,Analytics & AI,2024-01-01
ES,Andalucía,Analytics & AI,2024-01-01
ES,Andalucía,E-Commerce & Retail,2025-01-01
ES,Cataluña/Catalunya,Advertising & Marketing,2025-01-01
ES,Comunidad de Madrid,Finance & FinTech,2024-01-01
ES,Comunitat Valenciana,Analytics & AI,2025-01-01
ES,Andalucía,Other,2025-01-01
ES,Cataluña/Catalunya,Healthcare,2025-01-01
ES,Cataluña/Catalunya,Analytics & AI,2024-01-01
ES,Cataluña/Catalunya,Analytics & AI,2025-01-01
ES,Cataluña/Catalunya,Other,2020-01-01
ES,Cataluña/Catalunya,Software & SaaS,2024-01-01
ES,Andalucía,Other,2025-01-01
ES,Comunitat Valenciana,Analytics & AI,2020-01-01
ES,Comunitat Valenciana,Clean Tech & Energy,2022-01-01
ES,Galicia,Other,2022-01-01
ES,Cataluña/Catalunya,Other,2024-01-01
ES,Cataluña/Catalunya,Other,2017-01-01
ES,Comunidad de Madrid,Healthcare,2022-01-01
ES,Cataluña/Catalunya,Advertising & Marketing,2022-01-01
ES,Comunidad de Madrid,Analytics & AI,2022-01-01
ES,Comunidad de Madrid,Entertainment & Media,2011-01-01
ES,Cataluña/Catalunya,Software & SaaS,2022-01-01
ES,Comunitat Valenciana,Software & SaaS,2023-01-01
ES,Cataluña/Catalunya,Analytics & AI,2023-01-01
ES,Comunidad de Madrid,Other,2023-01-01
ES,Andalucía,Other,2023-01-01
ES,Cataluña/Catalunya,Other,2023-01-01
ES,Cataluña/Catalunya,E-Commerce & Retail,2023-01-01
ES,Andalucía,Mobile,2023-01-01
ES,Comunitat Valenciana,Software & SaaS,2023-01-01
ES,Comunidad de Madrid,Other,2023-01-01
ES,Comunidad de Madrid,Finance & FinTech,2023-01-01
ES,Comunidad de Madrid,Finance & FinTech,2023-01-01
ES,Andalucía,Other,2023-01-01
ES,Comunitat Valenciana,Social & Communication,2023-01-01
ES,Comunidad de Madrid,Travel & Hospitality,2023-01-01
ES,Cataluña/Catalunya,Hardware & Semiconductors,2023-01-01
ES,Comunidad de Madrid,Other,2023-01-01
ES,Comunidad de Madrid,Other,2024-01-01
ES,Cataluña/Catalunya,Finance & FinTech,2024-01-01
ES,Cataluña/Catalunya,Other,2024-01-01
ES,Andalucía,E-Commerce & Retail,2024-01-01
ES,Cataluña/Catalunya,Social & Communication,2024-01-01
ES,Comunidad de Madrid,Other,2024-01-01
ES,Andalucía,Other,2024-01-01
ES,Comunidad de Madrid,Manufacturing & Logistics,2024-01-01
ES,Cataluña/Catalunya,Entertainment & Media,2024-01-01
ES,Cataluña/Catalunya,Other,2024-01-01
ES,Comunidad de Madrid,Software & SaaS,2024-01-01
ES,Comunidad de Madrid,Other,2024-01-01
ES,Comunidad de Madrid,E-Commerce & Retail,2024-01-01
ES,Comunidad de Madrid,Other,2024-01-01
ES,Comunidad de Madrid,Other,2024-01-01
ES,Andalucía,Software & SaaS,2024-01-01
ES,Comunidad de Madrid,Other,2024-01-01
ES,Comunidad de Madrid,Other,2024-01-01
ES,Comunidad de Madrid,Analytics & AI,2024-01-01
ES,Cataluña/Catalunya,E-Commerce & Retail,2025-01-01
ES,Cataluña/Catalunya,Healthcare,2024-01-01
ES,Cataluña/Catalunya,Other,2023-01-01
ES,Andalucía,Clean Tech & Energy,2023-01-01
ES,Comunidad de Madrid,Software & SaaS,2024-01-01
ES,Región de Murcia,Other,2024-01-01
ES,Comunitat Valenciana,Travel & Hospitality,2020-01-01
ES,Comunitat Valenciana,Other,2022-01-01
ES,Comunitat Valenciana,Other,2025-01-01
ES,Andalucía,Analytics & AI,2010-01-01
ES,Cataluña/Catalunya,Healthcare,2024-01-01
ES,Comunidad de Madrid,Other,2025-01-01
ES,Comunitat Valenciana,Software & SaaS,2019-01-01
ES,Cataluña/Catalunya,Other,2024-01-01
ES,Comunidad de Madrid,Analytics & AI,2023-01-01
ES,Comunidad de Madrid,Software & SaaS,2023-01-01
ES,Comunitat Valenciana,Other,2024-01-01
ES,Andalucía,Analytics & AI,2024-01-01
ES,Andalucía,Other,2023-01-01
ES,Cataluña/Catalunya,Biotechnology,2024-01-01
ES,Andalucía,Software & SaaS,2024-01-01
ES,Andalucía,Manufacturing & Logistics,2009-01-01
ES,Cataluña/Catalunya,Other,2024-01-01
ES,Comunitat Valenciana,Analytics & AI,2023-01-01
ES,Comunidad de Madrid,Healthcare,2024-01-01
ES,Canarias,Advertising & Marketing,2024-01-01
ES,Cataluña/Catalunya,Software & SaaS,2024-01-01
ES,Cataluña/Catalunya,Education,2024-01-01
ES,Cataluña/Catalunya,Other,2024-01-01
ES,Andalucía,Real Estate,2024-01-01
ES,Cataluña/Catalunya,Analytics & AI,2024-01-01
ES,Illes Balears,E-Commerce & Retail,2023-01-01
ES,Comunidad de Madrid,Healthcare,2023-01-01
ES,Cataluña/Catalunya,Analytics & AI,2024-01-01
ES,Cataluña/Catalunya,Other,2023-01-01
ES,Cataluña/Catalunya,Finance & FinTech,2024-01-01
ES,Comunidad de Madrid,Analytics & AI,2024-01-01
ES,Cataluña/Catalunya,Other,2024-01-01
ES,Andalucía,Other,2022-01-01
ES,Cataluña/Catalunya,Education,2024-01-01
ES,Cataluña/Catalunya,Finance & FinTech,2024-01-01
ES,Comunidad de Madrid,Advertising & Marketing,2024-01-01
ES,Illes Balears,Travel & Hospitality,2024-01-01
ES,Cataluña/Catalunya,Security,2024-01-01
ES,Andalucía,Advertising & Marketing,2024-01-01
ES,Cataluña/Catalunya,Finance & FinTech,2022-01-01
ES,Andalucía,Education,2024-01-01
ES,Andalucía,Travel & Hospitality,2024-01-01
ES,País Vasco/Euskadi,Analytics & AI,2024-01-01
ES,Comunitat Valenciana,Travel & Hospitality,2024-01-01
ES,Comunitat Valenciana,Analytics & AI,2022-01-01
ES,Comunidad de Madrid,Analytics & AI,2020-01-01
ES,Comunidad de Madrid,Analytics & AI,2024-01-01
ES,Galicia,Other,2023-01-01
ES,Cataluña/Catalunya,Entertainment & Media,2024-01-01
ES,Cataluña/Catalunya,Other,2024-01-01
ES,Comunidad de Madrid,Other,2023-01-01
ES,Comunitat Valenciana,Entertainment & Media,2023-01-01
ES,Comunidad de Madrid,Healthcare,2023-01-01
ES,Comunidad de Madrid,Other,2024-01-01
ES,Cataluña/Catalunya,Software & SaaS,2022-01-01
ES,Andalucía,Other,2024-01-01
ES,País Vasco/Euskadi,Analytics & AI,2024-01-01
ES,Comunidad de Madrid,Software & SaaS,2024-01-01
ES,Cataluña/Catalunya,Software & SaaS,2024-01-01
ES,Comunidad de Madrid,Real Estate,2024-01-01
ES,Comunidad de Madrid,Healthcare,2015-01-01
ES,Comunitat Valenciana,Other,2024-01-01
ES,Cataluña/Catalunya,Other,2024-01-01
ES,Cataluña/Catalunya,Other,2022-01-01
ES,Illes Balears,Real Estate,2014-01-01
ES,Comunidad de Madrid,Advertising & Marketing,2024-01-01
ES,Andalucía,Software & SaaS,2014-01-01
ES,Cataluña/Catalunya,Advertising & Marketing,2023-01-01
ES,Cataluña/Catalunya,Other,2023-01-01
ES,Cataluña/Catalunya,Other,2022-01-01
ES,Andalucía,Finance & FinTech,2019-01-01
ES,Cataluña/Catalunya,Analytics & AI,2023-01-01
ES,Comunidad de Madrid,Other,2022-01-01
ES,Comunidad de Madrid,Analytics & AI,2023-01-01
ES,Comunitat Valenciana,Other,2023-01-01
ES,Comunidad de Madrid,Real Estate,2024-01-01
ES,Comunitat Valenciana,Other,2024-01-01
ES,Cataluña/Catalunya,E-Commerce & Retail,2022-01-01
ES,Andalucía,Other,2024-01-01
ES,Cataluña/Catalunya,Other,2022-01-01
ES,Comunidad de Madrid,Education,2023-01-01
ES,Comunitat Valenciana,Real Estate,2023-01-01
ES,Comunidad de Madrid,E-Commerce & Retail,2021-01-01
ES,Cataluña/Catalunya,Other,2024-01-01
ES,Cataluña/Catalunya,Other,2020-01-01
ES,Comunidad de Madrid,Other,2024-01-01
ES,Cataluña/Catalunya,Software & SaaS,2021-01-01
ES,Cataluña/Catalunya,Clean Tech & Energy,2020-01-01
ES,Comunidad de Madrid,Software & SaaS,2021-01-01
ES,Andalucía,Software & SaaS,2020-01-01
ES,Comunidad de Madrid,Analytics & AI,2021-01-01
ES,Comunidad de Madrid,Software & SaaS,2019-01-01
ES,Cataluña/Catalunya,Software & SaaS,2021-01-01
ES,Cataluña/Catalunya,Software & SaaS,2017-01-01
ES,Comunidad de Madrid,Energy,2018-01-01
ES,Comunidad de Madrid,Energy,2017-01-01
ES,Comunidad de Madrid,Software & SaaS,2020-01-01
ES,Comunidad de Madrid,Analytics & AI,2023-01-01
ES,Cataluña/Catalunya,E-Commerce & Retail,2020-01-01
ES,Comunidad de Madrid,Healthcare,2022-01-01
ES,Comunidad de Madrid,Software & SaaS,2023-01-01
ES,Comunidad de Madrid,Real Estate,2023-01-01
ES,Comunidad de Madrid,Real Estate,2023-01-01
ES,Región de Murcia,Other,2018-01-01
ES,País Vasco/Euskadi,E-Commerce & Retail,2019-01-01
ES,Comunidad de Madrid,Manufacturing & Logistics,2017-01-01
ES,Comunidad de Madrid,Manufacturing & Logistics,2022-01-01
ES,Comunidad de Madrid,E-Commerce & Retail,2020-01-01
ES,Comunidad de Madrid,Healthcare,2021-01-01
ES,Comunitat Valenciana,Travel & Hospitality,2020-01-01
ES,País Vasco/Euskadi,Analytics & AI,2018-01-01
ES,Cataluña/Catalunya,Healthcare,2021-01-01
ES,Comunidad de Madrid,Security,2019-01-01
ES,Comunidad de Madrid,Energy,2020-01-01
ES,Comunidad de Madrid,Software & SaaS,2022-01-01
ES,Comunidad de Madrid,Software & SaaS,2019-01-01
ES,Comunidad de Madrid,Travel & Hospitality,2023-01-01
ES,Comunidad de Madrid,Finance & FinTech,2023-01-01
ES,Cataluña/Catalunya,Software & SaaS,2022-01-01
ES,Comunitat Valenciana,Analytics & AI,2022-01-01
ES,Comunitat Valenciana,Manufacturing & Logistics,2024-01-01
ES,Cataluña/Catalunya,Analytics & AI,2019-01-01
ES,Comunitat Valenciana,Analytics & AI,2023-01-01
ES,País Vasco/Euskadi,Healthcare,2016-01-01
ES,Andalucía,Healthcare,2021-01-01
ES,Andalucía,Finance & FinTech,2018-01-01
ES,Comunidad de Madrid,Healthcare,2023-01-01
ES,Comunitat Valenciana,Software & SaaS,2021-01-01
ES,Comunitat Valenciana,Finance & FinTech,2021-01-01
ES,Cataluña/Catalunya,E-Commerce & Retail,2023-01-01
ES,País Vasco/Euskadi,Software & SaaS,2024-01-01
ES,Comunidad de Madrid,Healthcare,2023-01-01
ES,Andalucía,Education,2019-01-01
ES,Comunitat Valenciana,Clean Tech & Energy,2016-01-01
ES,Comunitat Valenciana,Manufacturing & Logistics,2022-01-01
ES,Comunidad de Madrid,Analytics & AI,2018-01-01
ES,Cataluña/Catalunya,Real Estate,2018-01-01
ES,Comunidad de Madrid,Clean Tech & Energy,2021-01-01
ES,Comunidad Foral de Navarra,Clean Tech & Energy,2022-01-01
ES,País Vasco/Euskadi,Other,2016-01-01
ES,Comunidad de Madrid,Software & SaaS,2017-01-01
ES,Comunitat Valenciana,Healthcare,2021-01-01
ES,Comunidad de Madrid,Education,2022-01-01
ES,Illes Balears,Software & SaaS,2021-01-01
ES,Comunitat Valenciana,Finance & FinTech,2022-01-01
ES,Comunidad de Madrid,Healthcare,2021-01-01
ES,Cataluña/Catalunya,Clean Tech & Energy,2018-01-01
ES,Comunitat Valenciana,Other,2021-01-01
ES,Comunidad de Madrid,Analytics & AI,2021-01-01
ES,Comunidad de Madrid,Travel & Hospitality,2022-01-01
ES,Illes Balears,Education,2020-01-01
ES,Comunidad de Madrid,Energy,2022-01-01
ES,Andalucía,E-Commerce & Retail,2020-01-01
ES,Cataluña/Catalunya,Healthcare,2017-01-01
ES,Cataluña/Catalunya,Manufacturing & Logistics,2018-01-01
ES,Comunidad de Madrid,Software & SaaS,2020-01-01
ES,Región de Murcia,Healthcare,2023-01-01
ES,Comunidad de Madrid,Healthcare,2020-01-01
ES,Cataluña/Catalunya,Travel & Hospitality,2024-01-01
ES,Comunidad de Madrid,Travel & Hospitality,2017-01-01
ES,Comunitat Valenciana,Entertainment & Media,2019-01-01
ES,Comunidad de Madrid,Finance & FinTech,2022-01-01
ES,Comunidad de Madrid,Hardware & Semiconductors,2020-01-01
ES,Illes Balears,Other,2022-01-01
ES,Comunidad de Madrid,Education,2022-01-01
ES,Comunidad de Madrid,Healthcare,2021-01-01
ES,Comunidad de Madrid,Advertising & Marketing,2016-01-01
ES,País Vasco/Euskadi,Security,2016-01-01
ES,Andalucía,Analytics & AI,2021-01-01
ES,Andalucía,Healthcare,2022-01-01
ES,Comunidad de Madrid,E-Commerce & Retail,2023-01-01
ES,Comunidad de Madrid,Advertising & Marketing,2022-01-01
ES,Andalucía,Software & SaaS,2021-01-01
ES,Cataluña/Catalunya,Other,2019-01-01
ES,Comunidad de Madrid,Analytics & AI,2022-01-01
ES,Comunidad de Madrid,Other,2022-01-01
ES,Comunidad de Madrid,Healthcare,2020-01-01
ES,Comunidad de Madrid,Healthcare,2021-01-01
ES,Andalucía,Analytics & AI,2022-01-01
ES,Comunidad de Madrid,Hardware & Semiconductors,2022-01-01
ES,Andalucía,E-Commerce & Retail,2020-01-01
ES,Galicia,Healthcare,2021-01-01
ES,Comunidad de Madrid,Clean Tech & Energy,2020-01-01
ES,Comunidad de Madrid,Clean Tech & Energy,2019-01-01
ES,Andalucía,Energy,2020-01-01
ES,Comunitat Valenciana,Clean Tech & Energy,2017-01-01
ES,Región de Murcia,Other,2022-01-01
ES,Comunitat Valenciana,Analytics & AI,2023-01-01
ES,Comunitat Valenciana,Finance & FinTech,2018-01-01
ES,Comunidad de Madrid,Real Estate,2018-01-01
ES,Andalucía,Other,2016-01-01
ES,Comunidad de Madrid,Entertainment & Media,2015-01-01
ES,Comunidad de Madrid,Entertainment & Media,2011-01-01
ES,Comunidad de Madrid,Software & SaaS,2019-01-01
ES,Comunidad de Madrid,Other,2018-01-01
ES,Comunidad de Madrid,Manufacturing & Logistics,2021-01-01
ES,Comunidad de Madrid,Other,2024-01-01
ES,Comunidad de Madrid,Mobile,2023-01-01
ES,Cataluña/Catalunya,Other,2021-01-01
ES,Cataluña/Catalunya,Real Estate,2023-01-01
ES,Comunidad de Madrid,Other,2021-01-01
ES,Castilla-La Mancha,Software & SaaS,2023-01-01
ES,Cataluña/Catalunya,Other,2021-01-01
ES,Comunitat Valenciana,Other,2019-01-01
ES,Comunitat Valenciana,Manufacturing & Logistics,2019-01-01
ES,Galicia,Entertainment & Media,2012-01-01
ES,Cataluña/Catalunya,Manufacturing & Logistics,2016-01-01
ES,Cataluña/Catalunya,Other,2024-01-01
ES,Comunitat Valenciana,Other,2024-01-01
ES,Cataluña/Catalunya,Travel & Hospitality,2022-01-01
ES,Aragón,Software & SaaS,2019-01-01
ES,Cataluña/Catalunya,Software & SaaS,2022-01-01
ES,Cataluña/Catalunya,Healthcare,2020-01-01
ES,Comunidad de Madrid,Software & SaaS,2023-01-01
ES,Principado de Asturias,Healthcare,2021-01-01
ES,Cataluña/Catalunya,Software & SaaS,2021-01-01
ES,Cataluña/Catalunya,Software & SaaS,2023-01-01
ES,Comunidad de Madrid,Advertising & Marketing,2023-01-01
ES,Cataluña/Catalunya,Software & SaaS,2021-01-01
ES,Comunitat Valenciana,Software & SaaS,2024-01-01
ES,Cataluña/Catalunya,E-Commerce & Retail,2021-01-01
ES,Cataluña/Catalunya,Analytics & AI,2024-01-01
ES,Comunidad de Madrid,Software & SaaS,2019-01-01
ES,Comunidad de Madrid,Education,2023-01-01
ES,Comunidad de Madrid,Social & Communication,2023-01-01
ES,Galicia,Other,2004-01-01
ES,Andalucía,Analytics & AI,2020-01-01
ES,Cataluña/Catalunya,Software & SaaS,2020-01-01
ES,Comunidad de Madrid,Clean Tech & Energy,2023-01-01
ES,Cataluña/Catalunya,Other,2021-01-01
ES,Cataluña/Catalunya,Other,2023-01-01
ES,Cataluña/Catalunya,Other,2023-01-01
ES,Comunidad de Madrid,Other,2023-01-01
ES,País Vasco/Euskadi,Other,2023-01-01
ES,Cataluña/Catalunya,Other,2021-01-01
ES,Comunidad de Madrid,Finance & FinTech,2019-01-01
ES,Andalucía,Other,2023-01-01
ES,Comunidad de Madrid,Finance & FinTech,2023-01-01
ES,Comunidad de Madrid,Other,2017-01-01
ES,Principado de Asturias,Software & SaaS,2023-01-01
ES,Andalucía,Other,2023-01-01
ES,Comunidad de Madrid,Healthcare,2023-01-01
ES,Comunidad de Madrid,Healthcare,2022-01-01
ES,Andalucía,Real Estate,2022-01-01
ES,Cataluña/Catalunya,Manufacturing & Logistics,2021-01-01
ES,Comunidad de Madrid,Finance & FinTech,2023-01-01
ES,Galicia,Other,2020-01-01
ES,Andalucía,Software & SaaS,2021-01-01
ES,Andalucía,Real Estate,2022-01-01
ES,Cataluña/Catalunya,Education,2021-01-01
ES,Cataluña/Catalunya,Entertainment & Media,2023-01-01
ES,Cataluña/Catalunya,Other,2023-01-01
ES,Galicia,Other,2019-01-01
ES,Cataluña/Catalunya,Other,2023-01-01
ES,Canarias,Advertising & Marketing,2019-01-01
ES,Cataluña/Catalunya,Other,2022-01-01
ES,Comunidad de Madrid,Other,2015-01-01
ES,Comunidad de Madrid,Advertising & Marketing,2020-01-01
ES,Comunidad de Madrid,Manufacturing & Logistics,2022-01-01
ES,Comunidad de Madrid,Advertising & Marketing,2023-01-01
ES,Cataluña/Catalunya,Analytics & AI,2020-01-01
ES,Cataluña/Catalunya,Other,2022-01-01
ES,Andalucía,Other,2023-01-01
ES,Comunidad de Madrid,Other,2023-01-01
ES,Comunitat Valenciana,Manufacturing & Logistics,2023-01-01
ES,Comunidad de Madrid,Other,2023-01-01
ES,Comunidad de Madrid,Healthcare,2023-01-01
ES,Cataluña/Catalunya,Other,2023-01-01
ES,Cataluña/Catalunya,Other,2023-01-01
ES,Cataluña/Catalunya,Entertainment & Media,2023-01-01
ES,Comunidad de Madrid,Mobile,2023-01-01
ES,Galicia,Software & SaaS,2023-01-01
ES,Cataluña/Catalunya,Manufacturing & Logistics,2023-01-01
ES,Comunidad de Madrid,Mobile,2023-01-01
ES,Comunidad de Madrid,Healthcare,2023-01-01
ES,Cataluña/Catalunya,Software & SaaS,2023-01-01
ES,Comunidad de Madrid,Finance & FinTech,2023-01-01
ES,Comunidad de Madrid,Finance & FinTech,2023-01-01
ES,Comunidad de Madrid,Software & SaaS,2023-01-01
ES,Comunidad de Madrid,Clean Tech & Energy,2023-01-01
ES,Cataluña/Catalunya,Entertainment & Media,2023-01-01
ES,Comunidad de Madrid,Analytics & AI,2023-01-01
ES,Cataluña/Catalunya,Software & SaaS,2023-01-01
ES,Comunidad de Madrid,Other,2023-01-01
ES,Cataluña/Catalunya,Biotechnology,2023-01-01
ES,Comunidad de Madrid,Finance & FinTech,2023-01-01
ES,Comunidad de Madrid,Finance & FinTech,2023-01-01
ES,Cataluña/Catalunya,Software & SaaS,2023-01-01
ES,Cataluña/Catalunya,Finance & FinTech,2023-01-01
ES,Comunitat Valenciana,Clean Tech & Energy,2023-01-01
ES,Comunidad de Madrid,Software & SaaS,2023-01-01
ES,Comunidad de Madrid,Software & SaaS,2023-01-01
ES,Cataluña/Catalunya,Software & SaaS,2023-01-01
ES,Cataluña/Catalunya,E-Commerce & Retail,2023-01-01
ES,Comunitat Valenciana,Mobile,2023-01-01
ES,Cataluña/Catalunya,Other,2023-01-01
ES,Cataluña/Catalunya,Healthcare,2023-01-01
ES,Comunidad de Madrid,Mobile,2023-01-01
ES,Comunidad de Madrid,Education,2023-01-01
ES,Cataluña/Catalunya,Software & SaaS,2022-01-01
ES,Comunidad de Madrid,Real Estate,2022-01-01
ES,Andalucía,Software & SaaS,2022-01-01
ES,Comunidad de Madrid,Mobile,2022-01-01
ES,Andalucía,Other,2022-01-01
ES,Andalucía,E-Commerce & Retail,2022-01-01
ES,Comunidad de Madrid,Other,2022-01-01
ES,Andalucía,E-Commerce & Retail,2022-01-01
ES,Comunidad de Madrid,Energy,2022-01-01
ES,Cataluña/Catalunya,Software & SaaS,2022-01-01
ES,Andalucía,Entertainment & Media,2022-01-01
ES,Cataluña/Catalunya,Other,2022-01-01
ES,Cataluña/Catalunya,Software & SaaS,2022-01-01
ES,País Vasco/Euskadi,Other,2022-01-01
ES,Cataluña/Catalunya,Other,2022-01-01
ES,Cataluña/Catalunya,Other,2022-01-01
ES,Andalucía,Entertainment & Media,2022-01-01
ES,Comunitat Valenciana,Social & Communication,2022-01-01
ES,Comunidad de Madrid,Energy,2022-01-01
ES,Andalucía,Other,2022-01-01
ES,Andalucía,Other,2022-01-01
ES,Cataluña/Catalunya,E-Commerce & Retail,2022-01-01
ES,Comunidad de Madrid,Finance & FinTech,2022-01-01
ES,Principado de Asturias,Other,2022-01-01
ES,Andalucía,Analytics & AI,2022-01-01
ES,Cataluña/Catalunya,Entertainment & Media,2022-01-01
ES,Comunitat Valenciana,Software & SaaS,2022-01-01
ES,Cataluña/Catalunya,Finance & FinTech,2022-01-01
ES,Comunidad de Madrid,E-Commerce & Retail,2022-01-01
ES,Cataluña/Catalunya,Entertainment & Media,2022-01-01
ES,Comunidad de Madrid,Analytics & AI,2022-01-01
ES,Principado de Asturias,Software & SaaS,2022-01-01
ES,Illes Balears,Other,2022-01-01
ES,Castilla-La Mancha,Finance & FinTech,2022-01-01
ES,Cataluña/Catalunya,Finance & FinTech,2022-01-01
ES,Comunidad de Madrid,E-Commerce & Retail,2022-01-01
ES,Andalucía,Manufacturing & Logistics,2022-01-01
ES,País Vasco/Euskadi,Mobile,2022-01-01
ES,Cataluña/Catalunya,Advertising & Marketing,2022-01-01
ES,Cataluña/Catalunya,Finance & FinTech,2022-01-01
ES,Comunitat Valenciana,Software & SaaS,2022-01-01
ES,País Vasco/Euskadi,E-Commerce & Retail,2022-01-01
ES,Cataluña/Catalunya,Other,2022-01-01
ES,Comunidad de Madrid,Software & SaaS,2022-01-01
ES,País Vasco/Euskadi,Analytics & AI,2022-01-01
ES,Comunidad de Madrid,Other,2022-01-01
ES,Cataluña/Catalunya,Software & SaaS,2022-01-01
ES,Comunidad de Madrid,Finance & FinTech,2022-01-01
ES,Cataluña/Catalunya,E-Commerce & Retail,2022-01-01
ES,Comunitat Valenciana,Healthcare,2022-01-01
ES,Comunidad de Madrid,Other,2022-01-01
ES,Cataluña/Catalunya,Healthcare,2022-01-01
ES,Cataluña/Catalunya,Other,2022-01-01
ES,Comunidad de Madrid,Analytics & AI,2022-01-01
ES,Cataluña/Catalunya,Social & Communication,2022-01-01
ES,Cataluña/Catalunya,Software & SaaS,2022-01-01
ES,Comunitat Valenciana,Finance & FinTech,2022-01-01
ES,Andalucía,E-Commerce & Retail,2022-01-01
ES,Galicia,Social & Communication,2022-01-01
ES,Comunidad de Madrid,Software & SaaS,2022-01-01
ES,Comunidad de Madrid,Other,2022-01-01
ES,Cataluña/Catalunya,Other,2022-01-01
ES,Cataluña/Catalunya,Other,2022-01-01
ES,Comunidad de Madrid,Education,2022-01-01
ES,Principado de Asturias,E-Commerce & Retail,2022-01-01
ES,Comunidad de Madrid,Entertainment & Media,2022-01-01
ES,Cataluña/Catalunya,Healthcare,2022-01-01
ES,Comunidad de Madrid,Software & SaaS,2022-01-01
ES,Cataluña/Catalunya,Real Estate,2022-01-01
ES,Comunidad de Madrid,Finance & FinTech,2022-01-01
ES,Comunidad de Madrid,Other,2022-01-01
ES,Cataluña/Catalunya,Software & SaaS,2022-01-01
ES,País Vasco/Euskadi,Clean Tech & Energy,2022-01-01
ES,Cataluña/Catalunya,Finance & FinTech,2022-01-01
ES,Cataluña/Catalunya,Clean Tech & Energy,2022-01-01
ES,Comunidad de Madrid,E-Commerce & Retail,2022-01-01
ES,Comunitat Valenciana,Healthcare,2022-01-01
ES,Cataluña/Catalunya,Finance & FinTech,2022-01-01
ES,Comunidad de Madrid,Other,2022-01-01
ES,Andalucía,Software & SaaS,2022-01-01
ES,Comunidad de Madrid,Real Estate,2022-01-01
ES,Cataluña/Catalunya,Real Estate,2022-01-01
ES,Castilla y León,Software & SaaS,2022-01-01
ES,Comunidad Foral de Navarra,Software & SaaS,2022-01-01
ES,Cataluña/Catalunya,Healthcare,2022-01-01
ES,Cataluña/Catalunya,Finance & FinTech,2022-01-01
ES,Cataluña/Catalunya,E-Commerce & Retail,2022-01-01
ES,Cataluña/Catalunya,Finance & FinTech,2022-01-01
ES,Comunitat Valenciana,Software & SaaS,2022-01-01
ES,Cataluña/Catalunya,Software & SaaS,2022-01-01
ES,Andalucía,Manufacturing & Logistics,2022-01-01
ES,Andalucía,Software & SaaS,2022-01-01
ES,Comunidad de Madrid,Clean Tech & Energy,2022-01-01
ES,Comunidad de Madrid,Software & SaaS,2022-01-01
ES,Cataluña/Catalunya,Hardware & Semiconductors,2022-01-01
ES,Cataluña/Catalunya,Biotechnology,2022-01-01
ES,Comunidad de Madrid,Other,2022-01-01
ES,Comunidad de Madrid,Analytics & AI,2022-01-01
ES,Comunidad de Madrid,Healthcare,2022-01-01
ES,Comunidad de Madrid,Clean Tech & Energy,2022-01-01
ES,Canarias,Mobile,2022-01-01
ES,Comunidad de Madrid,E-Commerce & Retail,2022-01-01
ES,Comunidad de Madrid,Analytics & AI,2022-01-01
ES,Galicia,Analytics & AI,2022-01-01
ES,Cataluña/Catalunya,E-Commerce & Retail,2022-01-01
ES,Cataluña/Catalunya,Software & SaaS,2022-01-01
ES,Cataluña/Catalunya,E-Commerce & Retail,2022-01-01
ES,País Vasco/Euskadi,Biotechnology,2022-01-01
ES,Comunidad de Madrid,Finance & FinTech,2022-01-01
ES,Andalucía,Analytics & AI,2022-01-01
ES,Comunitat Valenciana,Mobile,2022-01-01
ES,Cataluña/Catalunya,Other,2022-01-01
ES,Comunitat Valenciana,Clean Tech & Energy,2022-01-01
ES,Cataluña/Catalunya,E-Commerce & Retail,2022-01-01
ES,Cataluña/Catalunya,Real Estate,2022-01-01
ES,Comunidad de Madrid,Education,2022-01-01
ES,Castilla-La Mancha,Software & SaaS,2022-01-01
ES,Cataluña/Catalunya,Finance & FinTech,2022-01-01
ES,Comunitat Valenciana,Healthcare,2022-01-01
ES,Comunidad de Madrid,Mobile,2022-01-01
ES,Comunidad de Madrid,Entertainment & Media,2022-01-01
ES,Cataluña/Catalunya,Finance & FinTech,2022-01-01
ES,País Vasco/Euskadi,Finance & FinTech,2022-01-01
ES,Cataluña/Catalunya,E-Commerce & Retail,2022-01-01
ES,Comunidad de Madrid,E-Commerce & Retail,2022-01-01
ES,País Vasco/Euskadi,Real Estate,2022-01-01
ES,Castilla-La Mancha,Finance & FinTech,2022-01-01
ES,Comunidad de Madrid,Other,2022-01-01
ES,Andalucía,Other,2022-01-01
ES,Andalucía,Software & SaaS,2022-01-01
ES,Cataluña/Catalunya,Advertising & Marketing,2022-01-01
ES,Cataluña/Catalunya,Software & SaaS,2022-01-01
ES,Comunidad de Madrid,Entertainment & Media,2022-01-01
ES,Cataluña/Catalunya,Analytics & AI,2022-01-01
ES,Cataluña/Catalunya,Software & SaaS,2022-01-01
ES,Cataluña/Catalunya,Analytics & AI,2022-01-01
ES,Comunidad de Madrid,E-Commerce & Retail,2022-01-01
ES,Comunidad de Madrid,Manufacturing & Logistics,2022-01-01
ES,Comunitat Valenciana,E-Commerce & Retail,2022-01-01
ES,Comunitat Valenciana,Social & Communication,2022-01-01
ES,Cataluña/Catalunya,Education,2022-01-01
ES,Comunidad de Madrid,Energy,2022-01-01
ES,Comunidad de Madrid,Analytics & AI,2022-01-01
ES,Cataluña/Catalunya,Software & SaaS,2022-01-01
ES,Comunitat Valenciana,Finance & FinTech,2022-01-01
ES,Comunidad de Madrid,Security,2022-01-01
ES,Cataluña/Catalunya,Travel & Hospitality,2022-01-01
ES,Cataluña/Catalunya,Software & SaaS,2022-01-01
ES,Cataluña/Catalunya,Software & SaaS,2022-01-01
ES,La Rioja,Analytics & AI,2022-01-01
ES,Cataluña/Catalunya,Finance & FinTech,2022-01-01
ES,Aragón,E-Commerce & Retail,2022-01-01
ES,Región de Murcia,Analytics & AI,2022-01-01
ES,Cataluña/Catalunya,Clean Tech & Energy,2022-01-01
ES,Cataluña/Catalunya,Travel & Hospitality,2022-01-01
ES,Cataluña/Catalunya,Software & SaaS,2022-01-01
ES,Cataluña/Catalunya,Other,2022-01-01
ES,Comunitat Valenciana,Other,2022-01-01
ES,Cataluña/Catalunya,Analytics & AI,2022-01-01
ES,Comunidad de Madrid,Software & SaaS,2022-01-01
ES,Comunitat Valenciana,Clean Tech & Energy,2022-01-01
ES,Cataluña/Catalunya,Other,2022-01-01
ES,Comunidad de Madrid,Entertainment & Media,2022-01-01
ES,Cataluña/Catalunya,Entertainment & Media,2022-01-01
ES,Cataluña/Catalunya,Healthcare,2022-01-01
ES,Andalucía,Travel & Hospitality,2022-01-01
ES,Comunidad de Madrid,Education,2022-01-01
ES,Comunidad de Madrid,Finance & FinTech,2022-01-01
ES,Cataluña/Catalunya,Software & SaaS,2022-01-01
ES,Comunidad de Madrid,Healthcare,2022-01-01
ES,Cataluña/Catalunya,Social & Communication,2022-01-01
ES,Cataluña/Catalunya,Advertising & Marketing,2022-01-01
ES,Cataluña/Catalunya,Entertainment & Media,2022-01-01
ES,Cataluña/Catalunya,Finance & FinTech,2022-01-01
ES,Comunitat Valenciana,Mobile,2022-01-01
ES,Cataluña/Catalunya,Analytics & AI,2022-01-01
ES,Cataluña/Catalunya,Entertainment & Media,2022-01-01
ES,Cataluña/Catalunya,E-Commerce & Retail,2022-01-01
ES,Cataluña/Catalunya,Travel & Hospitality,2022-01-01
ES,Cataluña/Catalunya,Analytics & AI,2022-01-01
ES,Comunidad de Madrid,Healthcare,2022-01-01
ES,Cataluña/Catalunya,Software & SaaS,2022-01-01
ES,Comunidad de Madrid,Other,2022-01-01
ES,Comunidad de Madrid,Other,2022-01-01
ES,Cataluña/Catalunya,Software & SaaS,2022-01-01
ES,Aragón,Hardware & Semiconductors,2022-01-01
ES,Comunidad de Madrid,Finance & FinTech,2022-01-01
ES,Comunidad de Madrid,Clean Tech & Energy,2022-01-01
ES,Cataluña/Catalunya,Other,2022-01-01
ES,Comunitat Valenciana,Other,2022-01-01
ES,Cataluña/Catalunya,Analytics & AI,2022-01-01
ES,Comunidad de Madrid,Healthcare,2022-01-01
ES,Comunidad de Madrid,Finance & FinTech,2022-01-01
ES,Cataluña/Catalunya,Education,2022-01-01
ES,Cataluña/Catalunya,Advertising & Marketing,2022-01-01
ES,Cataluña/Catalunya,Finance & FinTech,2022-01-01
ES,Cataluña/Catalunya,Social & Communication,2022-01-01
ES,Cataluña/Catalunya,E-Commerce & Retail,2022-01-01
ES,Principado de Asturias,Education,2022-01-01
ES,Comunitat Valenciana,E-Commerce & Retail,2022-01-01
ES,Cataluña/Catalunya,Other,2021-01-01
ES,Cataluña/Catalunya,Other,2021-01-01
ES,Galicia,Advertising & Marketing,2021-01-01
ES,Cataluña/Catalunya,Finance & FinTech,2021-01-01
ES,Andalucía,Mobile,2021-01-01
ES,Cataluña/Catalunya,Software & SaaS,2021-01-01
ES,Comunidad de Madrid,Analytics & AI,2021-01-01
ES,Comunitat Valenciana,Energy,2021-01-01
ES,Cataluña/Catalunya,Real Estate,2021-01-01
ES,Cataluña/Catalunya,Social & Communication,2021-01-01
ES,Andalucía,Education,2021-01-01
ES,Comunidad de Madrid,E-Commerce & Retail,2021-01-01
ES,Cataluña/Catalunya,Healthcare,2021-01-01
ES,Comunidad de Madrid,Education,2021-01-01
ES,Comunidad de Madrid,E-Commerce & Retail,2021-01-01
ES,País Vasco/Euskadi,Software & SaaS,2021-01-01
ES,Cataluña/Catalunya,Software & SaaS,2021-01-01
ES,Cataluña/Catalunya,Manufacturing & Logistics,2021-01-01
ES,Galicia,Software & SaaS,2021-01-01
ES,Galicia,Finance & FinTech,2021-01-01
ES,Andalucía,Manufacturing & Logistics,2021-01-01
ES,Cataluña/Catalunya,Software & SaaS,2021-01-01
ES,Cataluña/Catalunya,Finance & FinTech,2021-01-01
ES,Comunidad de Madrid,Other,2021-01-01
ES,Comunitat Valenciana,Manufacturing & Logistics,2021-01-01
ES,Comunitat Valenciana,Other,2021-01-01
ES,Comunitat Valenciana,Social & Communication,2021-01-01
ES,Cataluña/Catalunya,Other,2021-01-01
ES,Cataluña/Catalunya,Energy,2021-01-01
ES,Andalucía,Mobile,2021-01-01
ES,Cataluña/Catalunya,Analytics & AI,2021-01-01
ES,Cataluña/Catalunya,Other,2021-01-01
ES,Cataluña/Catalunya,E-Commerce & Retail,2021-01-01
ES,Cataluña/Catalunya,Finance & FinTech,2021-01-01
ES,País Vasco/Euskadi,Software & SaaS,2021-01-01
ES,Comunidad de Madrid,Manufacturing & Logistics,2021-01-01
ES,Cataluña/Catalunya,Analytics & AI,2021-01-01
ES,Cataluña/Catalunya,Clean Tech & Energy,2021-01-01
ES,Comunidad de Madrid,Finance & FinTech,2021-01-01
ES,Comunitat Valenciana,E-Commerce & Retail,2021-01-01
ES,Comunidad de Madrid,Real Estate,2021-01-01
ES,Comunidad de Madrid,Real Estate,2021-01-01
ES,Cataluña/Catalunya,Entertainment & Media,2021-01-01
ES,Cataluña/Catalunya,Other,2021-01-01
ES,Cataluña/Catalunya,Healthcare,2021-01-01
ES,Cataluña/Catalunya,Finance & FinTech,2021-01-01
ES,Comunidad de Madrid,Other,2021-01-01
ES,Cataluña/Catalunya,Finance & FinTech,2021-01-01
ES,Cataluña/Catalunya,Other,2021-01-01
ES,Cataluña/Catalunya,Mobile,2021-01-01
ES,Comunidad de Madrid,Finance & FinTech,2021-01-01
ES,Illes Balears,Entertainment & Media,2021-01-01
ES,Comunidad de Madrid,Advertising & Marketing,2021-01-01
ES,Cataluña/Catalunya,Other,2021-01-01
ES,Cataluña/Catalunya,Analytics & AI,2021-01-01
ES,Cataluña/Catalunya,Travel & Hospitality,2021-01-01
ES,Cataluña/Catalunya,Software & SaaS,2021-01-01
ES,Cataluña/Catalunya,Software & SaaS,2021-01-01
ES,Comunitat Valenciana,Software & SaaS,2021-01-01
ES,Cataluña/Catalunya,Biotechnology,2021-01-01
ES,Comunitat Valenciana,Software & SaaS,2021-01-01
ES,Andalucía,Software & SaaS,2021-01-01
ES,Andalucía,Other,2021-01-01
ES,Comunitat Valenciana,E-Commerce & Retail,2021-01-01
ES,Cataluña/Catalunya,Finance & FinTech,2021-01-01
ES,Cataluña/Catalunya,E-Commerce & Retail,2021-01-01
ES,Andalucía,Travel & Hospitality,2021-01-01
ES,Cataluña/Catalunya,Mobile,2021-01-01
ES,Comunidad de Madrid,E-Commerce & Retail,2021-01-01
ES,Andalucía,Other,2021-01-01
ES,Comunitat Valenciana,Healthcare,2021-01-01
ES,Cataluña/Catalunya,Advertising & Marketing,2021-01-01
ES,Comunidad de Madrid,Advertising & Marketing,2021-01-01
ES,Castilla y León,Other,2021-01-01
ES,Cataluña/Catalunya,Finance & FinTech,2021-01-01
ES,Comunitat Valenciana,Software & SaaS,2021-01-01
ES,Comunidad de Madrid,Education,2021-01-01
ES,Comunidad de Madrid,Advertising & Marketing,2021-01-01
ES,Comunidad de Madrid,Advertising & Marketing,2021-01-01
ES,Andalucía,Mobile,2021-01-01
ES,Andalucía,Finance & FinTech,2021-01-01
ES,Aragón,Advertising & Marketing,2021-01-01
ES,Comunidad de Madrid,Advertising & Marketing,2021-01-01
ES,Comunidad de Madrid,Mobile,2021-01-01
ES,Cataluña/Catalunya,Analytics & AI,2021-01-01
ES,Cataluña/Catalunya,Healthcare,2021-01-01
ES,Cataluña/Catalunya,Healthcare,2021-01-01
ES,Cataluña/Catalunya,Other,2021-01-01
ES,Comunidad de Madrid,Entertainment & Media,2021-01-01
ES,Comunidad de Madrid,Software & SaaS,2021-01-01
ES,Cataluña/Catalunya,Software & SaaS,2021-01-01
ES,Comunitat Valenciana,Other,2021-01-01
ES,Comunitat Valenciana,Other,2021-01-01
ES,Cataluña/Catalunya,Other,2021-01-01
ES,Andalucía,Entertainment & Media,2021-01-01
ES,Comunidad de Madrid,E-Commerce & Retail,2021-01-01
ES,Comunidad de Madrid,Entertainment & Media,2021-01-01
ES,Comunidad de Madrid,Advertising & Marketing,2021-01-01
ES,Comunidad de Madrid,Advertising & Marketing,2021-01-01
ES,Andalucía,Finance & FinTech,2021-01-01
ES,Comunitat Valenciana,Other,2021-01-01
ES,Comunidad de Madrid,E-Commerce & Retail,2021-01-01
ES,Andalucía,Security,2021-01-01
ES,Cataluña/Catalunya,Mobile,2021-01-01
ES,Andalucía,E-Commerce & Retail,2021-01-01
ES,Castilla-La Mancha,Education,2021-01-01
ES,Cataluña/Catalunya,Software & SaaS,2021-01-01
ES,Comunidad de Madrid,Advertising & Marketing,2021-01-01
ES,Comunidad de Madrid,E-Commerce & Retail,2021-01-01
ES,Cataluña/Catalunya,Finance & FinTech,2021-01-01
ES,Comunidad de Madrid,Manufacturing & Logistics,2021-01-01
ES,Cataluña/Catalunya,Finance & FinTech,2021-01-01
ES,Andalucía,Entertainment & Media,2021-01-01
ES,Cataluña/Catalunya,Other,2021-01-01
ES,Comunidad de Madrid,Travel & Hospitality,2021-01-01
ES,Comunitat Valenciana,Manufacturing & Logistics,2021-01-01
ES,Andalucía,Healthcare,2021-01-01
ES,Cataluña/Catalunya,E-Commerce & Retail,2021-01-01
ES,Cataluña/Catalunya,Analytics & AI,2021-01-01
ES,Cataluña/Catalunya,Manufacturing & Logistics,2021-01-01
ES,Cataluña/Catalunya,Other,2021-01-01
ES,Cataluña/Catalunya,E-Commerce & Retail,2021-01-01
ES,Comunitat Valenciana,Analytics & AI,2021-01-01
ES,Cataluña/Catalunya,Software & SaaS,2021-01-01
ES,Castilla-La Mancha,Entertainment & Media,2021-01-01
ES,Andalucía,Software & SaaS,2021-01-01
ES,Comunitat Valenciana,Manufacturing & Logistics,2021-01-01
ES,Comunidad de Madrid,Finance & FinTech,2021-01-01
ES,Comunidad de Madrid,E-Commerce & Retail,2021-01-01
ES,Cataluña/Catalunya,Analytics & AI,2021-01-01
ES,Comunidad de Madrid,Clean Tech & Energy,2021-01-01
ES,Comunidad de Madrid,Other,2021-01-01
ES,Galicia,Education,2021-01-01
ES,Castilla-La Mancha,Software & SaaS,2021-01-01
ES,Cataluña/Catalunya,Biotechnology,2021-01-01
ES,Cataluña/Catalunya,Advertising & Marketing,2021-01-01
ES,Galicia,Other,2021-01-01
ES,Cataluña/Catalunya,Real Estate,2021-01-01
ES,Cataluña/Catalunya,Finance & FinTech,2021-01-01
ES,Cataluña/Catalunya,Biotechnology,2021-01-01
ES,Cataluña/Catalunya,Healthcare,2021-01-01
ES,Cataluña/Catalunya,Healthcare,2021-01-01
ES,Región de Murcia,Other,2021-01-01
ES,País Vasco/Euskadi,Manufacturing & Logistics,2021-01-01
ES,Cataluña/Catalunya,Clean Tech & Energy,2021-01-01
ES,Comunidad de Madrid,Biotechnology,2021-01-01
ES,Andalucía,Other,2021-01-01
ES,Comunidad de Madrid,Advertising & Marketing,2021-01-01
ES,Cataluña/Catalunya,Hardware & Semiconductors,2021-01-01
ES,Cataluña/Catalunya,Entertainment & Media,2021-01-01
ES,Andalucía,Software & SaaS,2021-01-01
ES,Comunitat Valenciana,Mobile,2021-01-01
ES,Comunidad de Madrid,Software & SaaS,2021-01-01
ES,Cataluña/Catalunya,Travel & Hospitality,2021-01-01
ES,Comunitat Valenciana,Other,2021-01-01
ES,Comunitat Valenciana,Healthcare,2021-01-01
ES,Cataluña/Catalunya,Education,2021-01-01
ES,Comunidad de Madrid,E-Commerce & Retail,2021-01-01
ES,Comunidad de Madrid,Healthcare,2021-01-01
ES,Cataluña/Catalunya,Entertainment & Media,2021-01-01
ES,Cataluña/Catalunya,Software & SaaS,2021-01-01
ES,Cataluña/Catalunya,Entertainment & Media,2021-01-01
ES,Comunidad de Madrid,Finance & FinTech,2021-01-01
ES,Comunidad de Madrid,Advertising & Marketing,2021-01-01
ES,Cataluña/Catalunya,Other,2021-01-01
ES,Comunidad de Madrid,Education,2021-01-01
ES,Cataluña/Catalunya,E-Commerce & Retail,2021-01-01
ES,Comunidad de Madrid,Software & SaaS,2021-01-01
ES,Comunidad de Madrid,E-Commerce & Retail,2021-01-01
ES,Castilla-La Mancha,Software & SaaS,2021-01-01
ES,Comunidad de Madrid,Software & SaaS,2021-01-01
ES,Comunidad de Madrid,Advertising & Marketing,2021-01-01
ES,Comunitat Valenciana,Analytics & AI,2021-01-01
ES,Cataluña/Catalunya,Entertainment & Media,2021-01-01
ES,Castilla-La Mancha,Finance & FinTech,2021-01-01
ES,Comunitat Valenciana,Entertainment & Media,2021-01-01
ES,Comunitat Valenciana,Finance & FinTech,2021-01-01
ES,Comunitat Valenciana,Software & SaaS,2021-01-01
ES,Cataluña/Catalunya,Software & SaaS,2021-01-01
ES,Cataluña/Catalunya,Healthcare,2021-01-01
ES,Cataluña/Catalunya,Advertising & Marketing,2021-01-01
ES,Cataluña/Catalunya,Other,2021-01-01
ES,Cataluña/Catalunya,Healthcare,2021-01-01
ES,Comunitat Valenciana,E-Commerce & Retail,2021-01-01
ES,Comunidad de Madrid,Other,2021-01-01
ES,Comunidad de Madrid,E-Commerce & Retail,2021-01-01
ES,Comunidad de Madrid,Finance & FinTech,2021-01-01
ES,Comunitat Valenciana,Analytics & AI,2021-01-01
ES,Cataluña/Catalunya,Advertising & Marketing,2021-01-01
ES,Comunidad de Madrid,Travel & Hospitality,2021-01-01
ES,Andalucía,Finance & FinTech,2021-01-01
ES,Comunitat Valenciana,Advertising & Marketing,2021-01-01
ES,Comunidad de Madrid,Software & SaaS,2021-01-01
ES,Comunidad de Madrid,Education,2021-01-01
ES,Andalucía,Software & SaaS,2021-01-01
ES,Cataluña/Catalunya,Other,2021-01-01
ES,Comunitat Valenciana,Advertising & Marketing,2021-01-01
ES,Castilla y León,Software & SaaS,2021-01-01
ES,Comunidad de Madrid,Software & SaaS,2021-01-01
ES,Comunidad de Madrid,Finance & FinTech,2021-01-01
ES,País Vasco/Euskadi,Healthcare,2021-01-01
ES,Comunitat Valenciana,Software & SaaS,2021-01-01
ES,Cataluña/Catalunya,Education,2021-01-01
ES,Comunidad de Madrid,E-Commerce & Retail,2021-01-01
ES,Cataluña/Catalunya,Software & SaaS,2021-01-01
ES,Cataluña/Catalunya,Software & SaaS,2021-01-01
ES,Comunidad de Madrid,Finance & FinTech,2021-01-01
ES,Comunidad de Madrid,Advertising & Marketing,2021-01-01
ES,Cataluña/Catalunya,Finance & FinTech,2021-01-01
ES,Cataluña/Catalunya,Finance & FinTech,2021-01-01
ES,Cataluña/Catalunya,Healthcare,2021-01-01
ES,Cataluña/Catalunya,Other,2021-01-01
ES,Comunidad de Madrid,Finance & FinTech,2021-01-01
ES,Comunitat Valenciana,Other,2021-01-01
ES,Castilla-La Mancha,Entertainment & Media,2021-01-01
ES,Comunitat Valenciana,Other,2021-01-01
ES,Cataluña/Catalunya,Software & SaaS,2021-01-01
ES,Comunitat Valenciana,Social & Communication,2021-01-01
ES,Cataluña/Catalunya,Travel & Hospitality,2021-01-01
ES,Comunitat Valenciana,Other,2021-01-01
ES,Cataluña/Catalunya,E-Commerce & Retail,2021-01-01
ES,Comunidad de Madrid,Software & SaaS,2021-01-01
ES,Comunidad de Madrid,Manufacturing & Logistics,2021-01-01
ES,Cataluña/Catalunya,Other,2021-01-01
ES,Cataluña/Catalunya,Hardware & Semiconductors,2021-01-01
ES,Cataluña/Catalunya,Healthcare,2021-01-01
ES,Cataluña/Catalunya,Hardware & Semiconductors,2021-01-01
ES,Cataluña/Catalunya,Software & SaaS,2021-01-01
ES,Comunidad de Madrid,Manufacturing & Logistics,2021-01-01
ES,Illes Balears,Travel & Hospitality,2021-01-01
ES,Comunidad de Madrid,E-Commerce & Retail,2021-01-01
ES,Comunidad de Madrid,E-Commerce & Retail,2021-01-01
ES,Cataluña/Catalunya,Mobile,2021-01-01
ES,Castilla-La Mancha,Finance & FinTech,2021-01-01
ES,Comunitat Valenciana,Real Estate,2021-01-01
ES,Comunitat Valenciana,E-Commerce & Retail,2021-01-01
ES,Comunidad de Madrid,Other,2021-01-01
ES,Comunidad de Madrid,Advertising & Marketing,2021-01-01
ES,Comunidad de Madrid,Software & SaaS,2021-01-01
ES,Cataluña/Catalunya,Finance & FinTech,2021-01-01
ES,Aragón,Software & SaaS,2021-01-01
ES,Castilla-La Mancha,Software & SaaS,2021-01-01
ES,Andalucía,Finance & FinTech,2021-01-01
ES,Comunidad de Madrid,Education,2021-01-01
ES,Comunidad de Madrid,Finance & FinTech,2021-01-01
ES,Cataluña/Catalunya,Advertising & Marketing,2021-01-01
ES,Comunitat Valenciana,Education,2021-01-01
ES,Comunidad de Madrid,Biotechnology,2021-01-01
ES,Comunitat Valenciana,Entertainment & Media,2021-01-01
ES,Comunitat Valenciana,E-Commerce & Retail,2021-01-01
ES,Cataluña/Catalunya,Other,2021-01-01
ES,Cataluña/Catalunya,Analytics & AI,2021-01-01
ES,Cataluña/Catalunya,Manufacturing & Logistics,2021-01-01
ES,Comunidad de Madrid,Analytics & AI,2021-01-01
ES,Cataluña/Catalunya,E-Commerce & Retail,2021-01-01
ES,Comunitat Valenciana,Other,2021-01-01
ES,Cataluña/Catalunya,Other,2021-01-01
ES,Andalucía,Education,2021-01-01
ES,Illes Balears,Software & SaaS,2021-01-01
ES,Andalucía,Healthcare,2021-01-01
ES,Cataluña/Catalunya,Entertainment & Media,2021-01-01
ES,Principado de Asturias,Software & SaaS,2021-01-01
ES,Cantabria,E-Commerce & Retail,2021-01-01
ES,Comunitat Valenciana,Software & SaaS,2021-01-01
ES,Comunidad de Madrid,Analytics & AI,2021-01-01
ES,Cataluña/Catalunya,Software & SaaS,2021-01-01
ES,Andalucía,Other,2021-01-01
ES,Comunitat Valenciana,Mobile,2021-01-01
ES,Comunidad de Madrid,Education,2021-01-01
ES,Castilla-La Mancha,Travel & Hospitality,2021-01-01
ES,Cataluña/Catalunya,Biotechnology,2021-01-01
ES,Comunitat Valenciana,Entertainment & Media,2021-01-01
ES,Andalucía,Other,2021-01-01
ES,Cataluña/Catalunya,Entertainment & Media,2021-01-01
ES,Cataluña/Catalunya,Software & SaaS,2021-01-01
ES,Canarias,E-Commerce & Retail,2021-01-01
ES,Comunidad de Madrid,Clean Tech & Energy,2021-01-01
ES,Comunidad de Madrid,Finance & FinTech,2021-01-01
ES,Castilla y León,Travel & Hospitality,2021-01-01
ES,Comunidad de Madrid,Software & SaaS,2021-01-01
ES,Comunidad de Madrid,Finance & FinTech,2021-01-01
ES,Andalucía,Advertising & Marketing,2021-01-01
ES,Cataluña/Catalunya,Software & SaaS,2021-01-01
ES,Comunidad de Madrid,Finance & FinTech,2021-01-01
ES,Castilla-La Mancha,Other,2021-01-01
ES,Comunitat Valenciana,Software & SaaS,2021-01-01
ES,Cataluña/Catalunya,Finance & FinTech,2021-01-01
ES,Comunidad de Madrid,E-Commerce & Retail,2021-01-01
ES,Comunidad de Madrid,Manufacturing & Logistics,2021-01-01
ES,Comunidad de Madrid,E-Commerce & Retail,2021-01-01
ES,Comunidad de Madrid,Travel & Hospitality,2021-01-01
ES,Galicia,Real Estate,2021-01-01
ES,Comunidad de Madrid,Software & SaaS,2021-01-01
ES,Cataluña/Catalunya,Healthcare,2021-01-01
ES,Comunidad de Madrid,Social & Communication,2021-01-01
ES,Canarias,Healthcare,2021-01-01
ES,Comunidad de Madrid,Software & SaaS,2021-01-01
ES,Cataluña/Catalunya,Other,2021-01-01
ES,Cataluña/Catalunya,Healthcare,2021-01-01
ES,Cataluña/Catalunya,Finance & FinTech,2021-01-01
ES,Castilla-La Mancha,Finance & FinTech,2021-01-01
ES,Canarias,Software & SaaS,2021-01-01
ES,Comunidad de Madrid,Energy,2021-01-01
ES,Comunidad de Madrid,E-Commerce & Retail,2021-01-01
ES,Comunidad de Madrid,Finance & FinTech,2021-01-01
ES,Cataluña/Catalunya,Advertising & Marketing,2021-01-01
ES,Comunidad de Madrid,E-Commerce & Retail,2021-01-01
ES,Comunidad de Madrid,Advertising & Marketing,2021-01-01
ES,Principado de Asturias,Analytics & AI,2021-01-01
ES,Comunitat Valenciana,Real Estate,2021-01-01
ES,Cataluña/Catalunya,Manufacturing & Logistics,2021-01-01
ES,Comunidad de Madrid,Software & SaaS,2021-01-01
ES,Cataluña/Catalunya,Software & SaaS,2021-01-01
ES,País Vasco/Euskadi,Finance & FinTech,2021-01-01
ES,Región de Murcia,E-Commerce & Retail,2021-01-01
ES,Galicia,Other,2021-01-01
ES,Cataluña/Catalunya,Finance & FinTech,2021-01-01
ES,Cataluña/Catalunya,E-Commerce & Retail,2021-01-01
ES,Cataluña/Catalunya,Entertainment & Media,2021-01-01
ES,Cataluña/Catalunya,Mobile,2021-01-01
ES,Castilla-La Mancha,Entertainment & Media,2021-01-01
ES,Cataluña/Catalunya,Finance & FinTech,2021-01-01
ES,Comunidad de Madrid,Real Estate,2021-01-01
ES,Cataluña/Catalunya,Real Estate,2021-01-01
ES,Comunidad de Madrid,Finance & FinTech,2021-01-01
ES,Comunidad de Madrid,Real Estate,2021-01-01
ES,Comunidad de Madrid,Finance & FinTech,2021-01-01
ES,Castilla-La Mancha,Finance & FinTech,2021-01-01
ES,Cataluña/Catalunya,Analytics & AI,2021-01-01
ES,Cataluña/Catalunya,Analytics & AI,2021-01-01
ES,Comunidad de Madrid,Healthcare,2021-01-01
ES,Comunidad de Madrid,Analytics & AI,2021-01-01
ES,Comunidad de Madrid,Finance & FinTech,2021-01-01
ES,Cataluña/Catalunya,Healthcare,2021-01-01
ES,Cataluña/Catalunya,Analytics & AI,2021-01-01
ES,Comunidad de Madrid,Finance & FinTech,2021-01-01
ES,Comunidad de Madrid,Education,2021-01-01
ES,Extremadura,Security,2021-01-01
ES,Comunidad de Madrid,Other,2021-01-01
ES,Cataluña/Catalunya,Finance & FinTech,2021-01-01
ES,Andalucía,Finance & FinTech,2021-01-01
ES,Cataluña/Catalunya,Finance & FinTech,2021-01-01
ES,Cataluña/Catalunya,Entertainment & Media,2021-01-01
ES,Cataluña/Catalunya,Other,2021-01-01
ES,Andalucía,Advertising & Marketing,2021-01-01
ES,Cataluña/Catalunya,Real Estate,2021-01-01
ES,Comunidad de Madrid,Education,2021-01-01
ES,Andalucía,Software & SaaS,2021-01-01
ES,Comunidad de Madrid,Software & SaaS,2021-01-01
ES,Comunidad de Madrid,E-Commerce & Retail,2021-01-01
ES,Cataluña/Catalunya,Manufacturing & Logistics,2021-01-01
ES,Comunitat Valenciana,Healthcare,2021-01-01
ES,Comunitat Valenciana,Software & SaaS,2021-01-01
ES,Comunidad de Madrid,Mobile,2021-01-01
ES,Comunidad de Madrid,Real Estate,2021-01-01
ES,Cataluña/Catalunya,Mobile,2021-01-01
ES,Comunidad de Madrid,Mobile,2021-01-01
ES,Cataluña/Catalunya,Travel & Hospitality,2021-01-01
ES,Comunidad de Madrid,Real Estate,2021-01-01
ES,Comunidad de Madrid,Analytics & AI,2021-01-01
ES,Galicia,Software & SaaS,2021-01-01
ES,Principado de Asturias,Healthcare,2021-01-01
ES,Comunidad de Madrid,Software & SaaS,2021-01-01
ES,Cataluña/Catalunya,Software & SaaS,2021-01-01
ES,Comunidad de Madrid,Software & SaaS,2021-01-01
ES,Cataluña/Catalunya,Analytics & AI,2021-01-01
ES,Cataluña/Catalunya,Analytics & AI,2021-01-01
ES,Cataluña/Catalunya,Other,2021-01-01
ES,Cataluña/Catalunya,Finance & FinTech,2021-01-01
ES,Cataluña/Catalunya,Software & SaaS,2021-01-01
ES,Andalucía,Education,2021-01-01
ES,Comunidad de Madrid,E-Commerce & Retail,2021-01-01
ES,Cataluña/Catalunya,Finance & FinTech,2021-01-01
ES,Cataluña/Catalunya,Clean Tech & Energy,2021-01-01
ES,Cataluña/Catalunya,Software & SaaS,2021-01-01
ES,Comunitat Valenciana,E-Commerce & Retail,2021-01-01
ES,Cataluña/Catalunya,Finance & FinTech,2021-01-01
ES,Cataluña/Catalunya,Real Estate,2021-01-01
ES,Cataluña/Catalunya,Other,2021-01-01
ES,Comunitat Valenciana,Analytics & AI,2021-01-01
ES,Cataluña/Catalunya,Other,2021-01-01
ES,Comunidad de Madrid,E-Commerce & Retail,2021-01-01
ES,Cataluña/Catalunya,Software & SaaS,2021-01-01
ES,Comunitat Valenciana,Other,2021-01-01
ES,Comunitat Valenciana,Social & Communication,2021-01-01
ES,Andalucía,Software & SaaS,2021-01-01
ES,Cataluña/Catalunya,Manufacturing & Logistics,2021-01-01
ES,Illes Balears,Other,2021-01-01
ES,Comunidad de Madrid,E-Commerce & Retail,2021-01-01
ES,País Vasco/Euskadi,Healthcare,2021-01-01
ES,Comunitat Valenciana,Software & SaaS,2021-01-01
ES,Andalucía,Real Estate,2021-01-01
ES,Cataluña/Catalunya,Analytics & AI,2021-01-01
ES,Comunidad de Madrid,Software & SaaS,2021-01-01
ES,Cataluña/Catalunya,Finance & FinTech,2021-01-01
ES,Cataluña/Catalunya,Software & SaaS,2021-01-01
ES,Cataluña/Catalunya,Social & Communication,2021-01-01
ES,Cataluña/Catalunya,Analytics & AI,2021-01-01
ES,Canarias,Other,2021-01-01
ES,Comunidad de Madrid,Software & SaaS,2021-01-01
ES,Comunidad de Madrid,Real Estate,2021-01-01
ES,Comunitat Valenciana,Healthcare,2021-01-01
ES,Comunidad de Madrid,Social & Communication,2021-01-01
ES,Cataluña/Catalunya,Social & Communication,2021-01-01
ES,Cataluña/Catalunya,Software & SaaS,2021-01-01
ES,País Vasco/Euskadi,Entertainment & Media,2021-01-01
ES,Comunidad de Madrid,E-Commerce & Retail,2021-01-01
ES,Cataluña/Catalunya,Mobile,2021-01-01
ES,Cataluña/Catalunya,Manufacturing & Logistics,2021-01-01
ES,Cataluña/Catalunya,Software & SaaS,2021-01-01
ES,País Vasco/Euskadi,Software & SaaS,2021-01-01
ES,País Vasco/Euskadi,Education,2021-01-01
ES,Cataluña/Catalunya,Manufacturing & Logistics,2021-01-01
ES,Cataluña/Catalunya,Other,2021-01-01
ES,Andalucía,Travel & Hospitality,2021-01-01
ES,Andalucía,Social & Communication,2021-01-01
ES,Aragón,Other,2021-01-01
ES,Andalucía,Manufacturing & Logistics,2021-01-01
ES,País Vasco/Euskadi,Software & SaaS,2021-01-01
ES,Cataluña/Catalunya,Manufacturing & Logistics,2021-01-01
ES,Cataluña/Catalunya,Manufacturing & Logistics,2021-01-01
ES,Comunidad de Madrid,Software & SaaS,2021-01-01
ES,Cataluña/Catalunya,Education,2021-01-01
ES,Comunidad de Madrid,Real Estate,2021-01-01
ES,Cataluña/Catalunya,Entertainment & Media,2021-01-01
ES,Cataluña/Catalunya,Other,2021-01-01
ES,Cataluña/Catalunya,Other,2021-01-01
ES,Cataluña/Catalunya,Software & SaaS,2021-01-01
ES,Cataluña/Catalunya,Travel & Hospitality,2021-01-01
ES,Comunidad de Madrid,Healthcare,2021-01-01
ES,Cataluña/Catalunya,Education,2021-01-01
ES,Cataluña/Catalunya,Other,2021-01-01
ES,Canarias,Analytics & AI,2021-01-01
ES,Comunidad de Madrid,Other,2021-01-01
ES,Cataluña/Catalunya,Advertising & Marketing,2021-01-01
ES,Cataluña/Catalunya,Other,2021-01-01
ES,Cataluña/Catalunya,Travel & Hospitality,2021-01-01
ES,País Vasco/Euskadi,Analytics & AI,2021-01-01
ES,Cataluña/Catalunya,Other,2021-01-01
ES,Galicia,E-Commerce & Retail,2021-01-01
ES,Cataluña/Catalunya,Other,2021-01-01
ES,Cataluña/Catalunya,E-Commerce & Retail,2021-01-01
ES,Cataluña/Catalunya,Software & SaaS,2021-01-01
ES,Cataluña/Catalunya,Software & SaaS,2021-01-01
ES,Castilla y León,Manufacturing & Logistics,2021-01-01
ES,Cataluña/Catalunya,Real Estate,2021-01-01
ES,Cataluña/Catalunya,Other,2021-01-01
ES,Cataluña/Catalunya,Other,2021-01-01
ES,Comunidad de Madrid,Other,2021-01-01
ES,Cataluña/Catalunya,Analytics & AI,2021-01-01
ES,Cataluña/Catalunya,Other,2021-01-01
ES,Cataluña/Catalunya,Manufacturing & Logistics,2021-01-01
ES,Comunitat Valenciana,Other,2021-01-01
ES,País Vasco/Euskadi,Entertainment & Media,2021-01-01
ES,País Vasco/Euskadi,Software & SaaS,2021-01-01
ES,Cataluña/Catalunya,Entertainment & Media,2021-01-01
ES,Cataluña/Catalunya,Analytics & AI,2021-01-01
ES,Cataluña/Catalunya,Software & SaaS,2021-01-01
ES,Cataluña/Catalunya,Other,2021-01-01
ES,Comunidad de Madrid,Finance & FinTech,2021-01-01
ES,Comunitat Valenciana,Entertainment & Media,2021-01-01
ES,Comunidad de Madrid,Finance & FinTech,2021-01-01
ES,Cantabria,Travel & Hospitality,2021-01-01
ES,Canarias,Analytics & AI,2021-01-01
ES,Comunidad de Madrid,Healthcare,2021-01-01
ES,Cataluña/Catalunya,Finance & FinTech,2021-01-01
ES,Cataluña/Catalunya,E-Commerce & Retail,2021-01-01
ES,Cataluña/Catalunya,Finance & FinTech,2021-01-01
ES,Andalucía,Healthcare,2021-01-01
ES,País Vasco/Euskadi,Software & SaaS,2021-01-01
ES,Cataluña/Catalunya,Hardware & Semiconductors,2021-01-01
ES,Cataluña/Catalunya,E-Commerce & Retail,2021-01-01
ES,Comunidad de Madrid,Finance & FinTech,2021-01-01
ES,Comunitat Valenciana,Education,2021-01-01
ES,Comunidad de Madrid,Analytics & AI,2021-01-01
ES,Cataluña/Catalunya,E-Commerce & Retail,2021-01-01
ES,Cataluña/Catalunya,Finance & FinTech,2021-01-01
ES,Comunidad de Madrid,Entertainment & Media,2021-01-01
ES,Galicia,Biotechnology,2021-01-01
ES,Comunidad de Madrid,Manufacturing & Logistics,2021-01-01
ES,Cataluña/Catalunya,Software & SaaS,2021-01-01
ES,Cataluña/Catalunya,Software & SaaS,2021-01-01
ES,Cataluña/Catalunya,Entertainment & Media,2021-01-01
ES,Cataluña/Catalunya,Software & SaaS,2021-01-01
ES,Cataluña/Catalunya,Analytics & AI,2021-01-01
ES,Comunitat Valenciana,Travel & Hospitality,2021-01-01
ES,País Vasco/Euskadi,Manufacturing & Logistics,2021-01-01
ES,Cataluña/Catalunya,Analytics & AI,2021-01-01
ES,Andalucía,Healthcare,2021-01-01
ES,Comunidad de Madrid,Software & SaaS,2021-01-01
ES,Comunidad de Madrid,E-Commerce & Retail,2021-01-01
ES,Cataluña/Catalunya,Other,2021-01-01
ES,Cataluña/Catalunya,Other,2021-01-01
ES,Comunitat Valenciana,Software & SaaS,2021-01-01
ES,Cataluña/Catalunya,Biotechnology,2021-01-01
ES,Andalucía,Advertising & Marketing,2021-01-01
ES,Cataluña/Catalunya,Education,2021-01-01
ES,Cataluña/Catalunya,Other,2021-01-01
ES,Andalucía,Software & SaaS,2021-01-01
ES,Comunitat Valenciana,E-Commerce & Retail,2021-01-01
ES,Cataluña/Catalunya,Education,2021-01-01
ES,Cataluña/Catalunya,Mobile,2021-01-01
ES,Comunidad de Madrid,Finance & FinTech,2021-01-01
ES,Comunidad de Madrid,Software & SaaS,2020-01-01
ES,Comunidad de Madrid,Manufacturing & Logistics,2020-01-01
ES,Cataluña/Catalunya,Travel & Hospitality,2020-01-01
ES,Cataluña/Catalunya,Travel & Hospitality,2020-01-01
ES,Comunidad de Madrid,Travel & Hospitality,2020-01-01
ES,Comunitat Valenciana,E-Commerce & Retail,2020-01-01
ES,Cataluña/Catalunya,Manufacturing & Logistics,2020-01-01
ES,Cataluña/Catalunya,Hardware & Semiconductors,2020-01-01
ES,Cataluña/Catalunya,E-Commerce & Retail,2020-01-01
ES,Comunidad de Madrid,Finance & FinTech,2020-01-01
ES,Cataluña/Catalunya,Analytics & AI,2020-01-01
ES,Cataluña/Catalunya,Analytics & AI,2020-01-01
ES,Comunitat Valenciana,Software & SaaS,2020-01-01
ES,Cataluña/Catalunya,Manufacturing & Logistics,2020-01-01
ES,Comunidad de Madrid,Finance & FinTech,2020-01-01
ES,Cataluña/Catalunya,Entertainment & Media,2020-01-01
ES,Cataluña/Catalunya,Biotechnology,2020-01-01
ES,Comunitat Valenciana,Security,2020-01-01
ES,Cataluña/Catalunya,Healthcare,2020-01-01
ES,Comunidad de Madrid,Social & Communication,2020-01-01
ES,Cataluña/Catalunya,Analytics & AI,2020-01-01
ES,Comunidad de Madrid,Manufacturing & Logistics,2020-01-01
ES,Cataluña/Catalunya,Other,2020-01-01
ES,Cataluña/Catalunya,Clean Tech & Energy,2020-01-01
ES,Comunidad de Madrid,Healthcare,2020-01-01
ES,Cataluña/Catalunya,Analytics & AI,2020-01-01
ES,Cataluña/Catalunya,Clean Tech & Energy,2020-01-01
ES,Cataluña/Catalunya,Healthcare,2020-01-01
ES,Cataluña/Catalunya,Finance & FinTech,2020-01-01
ES,Cataluña/Catalunya,Software & SaaS,2020-01-01
ES,Cataluña/Catalunya,Finance & FinTech,2020-01-01
ES,Aragón,Education,2020-01-01
ES,Andalucía,Other,2020-01-01
ES,Andalucía,Energy,2020-01-01
ES,Cataluña/Catalunya,Finance & FinTech,2020-01-01
ES,Cataluña/Catalunya,Real Estate,2020-01-01
ES,Comunidad de Madrid,Real Estate,2020-01-01
ES,Comunidad de Madrid,Finance & FinTech,2020-01-01
ES,Cataluña/Catalunya,Entertainment & Media,2020-01-01
ES,Comunidad de Madrid,Software & SaaS,2020-01-01
ES,Cataluña/Catalunya,Social & Communication,2020-01-01
ES,Comunidad de Madrid,Analytics & AI,2020-01-01
ES,Cataluña/Catalunya,Software & SaaS,2020-01-01
ES,Cataluña/Catalunya,Finance & FinTech,2020-01-01
ES,Cataluña/Catalunya,Mobile,2020-01-01
ES,Castilla y León,Software & SaaS,2020-01-01
ES,Comunidad de Madrid,Analytics & AI,2020-01-01
ES,Cataluña/Catalunya,Software & SaaS,2020-01-01
ES,Andalucía,Mobile,2020-01-01
ES,Cataluña/Catalunya,Analytics & AI,2020-01-01
ES,Comunidad de Madrid,Healthcare,2020-01-01
ES,Comunidad de Madrid,Entertainment & Media,2020-01-01
ES,Cataluña/Catalunya,Finance & FinTech,2020-01-01
ES,Cataluña/Catalunya,Other,2020-01-01
ES,Cataluña/Catalunya,Software & SaaS,2020-01-01
ES,Cataluña/Catalunya,Analytics & AI,2020-01-01
ES,Comunidad de Madrid,Mobile,2020-01-01
ES,Andalucía,E-Commerce & Retail,2020-01-01
ES,Cataluña/Catalunya,Manufacturing & Logistics,2020-01-01
ES,Cataluña/Catalunya,Software & SaaS,2020-01-01
ES,Comunidad de Madrid,Other,2020-01-01
ES,Comunitat Valenciana,E-Commerce & Retail,2020-01-01
ES,Cataluña/Catalunya,Software & SaaS,2020-01-01
ES,Comunidad de Madrid,Software & SaaS,2020-01-01
ES,Comunidad de Madrid,Finance & FinTech,2020-01-01
ES,Cataluña/Catalunya,Biotechnology,2020-01-01
ES,Cataluña/Catalunya,Biotechnology,2020-01-01
ES,Comunidad de Madrid,Other,2020-01-01
ES,País Vasco/Euskadi,Healthcare,2020-01-01
ES,Cataluña/Catalunya,Finance & FinTech,2020-01-01
ES,Cataluña/Catalunya,Software & SaaS,2020-01-01
ES,Comunidad de Madrid,Travel & Hospitality,2020-01-01
ES,Comunidad de Madrid,Other,2020-01-01
ES,Cataluña/Catalunya,Other,2020-01-01
ES,Cataluña/Catalunya,Travel & Hospitality,2020-01-01
ES,Comunitat Valenciana,Other,2020-01-01
ES,Cataluña/Catalunya,Advertising & Marketing,2020-01-01
ES,Cataluña/Catalunya,Software & SaaS,2020-01-01
ES,Cataluña/Catalunya,Entertainment & Media,2020-01-01
ES,Castilla y León,Travel & Hospitality,2020-01-01
ES,Comunitat Valenciana,E-Commerce & Retail,2020-01-01
ES,Comunitat Valenciana,Clean Tech & Energy,2020-01-01
ES,Cataluña/Catalunya,E-Commerce & Retail,2020-01-01
ES,Comunidad de Madrid,Analytics & AI,2020-01-01
ES,Comunitat Valenciana,E-Commerce & Retail,2020-01-01
ES,Comunidad de Madrid,Software & SaaS,2020-01-01
ES,Comunidad de Madrid,Finance & FinTech,2020-01-01
ES,Comunidad de Madrid,Software & SaaS,2020-01-01
ES,Illes Balears,Real Estate,2020-01-01
ES,Comunidad de Madrid,E-Commerce & Retail,2020-01-01
ES,Cataluña/Catalunya,Travel & Hospitality,2020-01-01
ES,Comunidad de Madrid,Other,2020-01-01
ES,Comunidad de Madrid,Healthcare,2020-01-01
ES,Cataluña/Catalunya,Other,2020-01-01
ES,Cataluña/Catalunya,Finance & FinTech,2020-01-01
ES,Cataluña/Catalunya,Finance & FinTech,2020-01-01
ES,Cataluña/Catalunya,Finance & FinTech,2020-01-01
ES,Comunidad Foral de Navarra,Other,2020-01-01
ES,Cataluña/Catalunya,Analytics & AI,2020-01-01
ES,Canarias,Entertainment & Media,2020-01-01
ES,Comunidad de Madrid,Energy,2020-01-01
ES,Castilla-La Mancha,Mobile,2020-01-01
ES,Andalucía,Analytics & AI,2020-01-01
ES,Cataluña/Catalunya,E-Commerce & Retail,2020-01-01
ES,Comunidad de Madrid,Travel & Hospitality,2020-01-01
ES,Comunidad de Madrid,E-Commerce & Retail,2020-01-01
ES,Cataluña/Catalunya,Software & SaaS,2020-01-01
ES,Andalucía,Software & SaaS,2020-01-01
ES,Cataluña/Catalunya,Other,2020-01-01
ES,Cataluña/Catalunya,Analytics & AI,2020-01-01
ES,Comunitat Valenciana,Software & SaaS,2020-01-01
ES,Comunitat Valenciana,Hardware & Semiconductors,2020-01-01
ES,País Vasco/Euskadi,Analytics & AI,2020-01-01
ES,Comunidad de Madrid,Real Estate,2020-01-01
ES,Comunitat Valenciana,Analytics & AI,2020-01-01
ES,Comunidad Foral de Navarra,Healthcare,2020-01-01
ES,Cataluña/Catalunya,Finance & FinTech,2020-01-01
ES,Cataluña/Catalunya,Advertising & Marketing,2020-01-01
ES,Illes Balears,Manufacturing & Logistics,2020-01-01
ES,Cataluña/Catalunya,Software & SaaS,2020-01-01
ES,Andalucía,Entertainment & Media,2020-01-01
ES,Galicia,Healthcare,2020-01-01
ES,Cataluña/Catalunya,Real Estate,2020-01-01
ES,Comunidad de Madrid,Software & SaaS,2020-01-01
ES,Cataluña/Catalunya,Other,2020-01-01
ES,Comunidad de Madrid,E-Commerce & Retail,2020-01-01
ES,Comunidad de Madrid,Security,2020-01-01
ES,Comunidad de Madrid,Manufacturing & Logistics,2020-01-01
ES,Comunidad de Madrid,Software & SaaS,2020-01-01
ES,Cataluña/Catalunya,Finance & FinTech,2020-01-01
ES,Comunidad de Madrid,Software & SaaS,2020-01-01
ES,Cataluña/Catalunya,Analytics & AI,2020-01-01
ES,Cataluña/Catalunya,Travel & Hospitality,2020-01-01
ES,Comunidad de Madrid,Advertising & Marketing,2020-01-01
ES,Cataluña/Catalunya,Software & SaaS,2020-01-01
ES,Cataluña/Catalunya,Security,2020-01-01
ES,Comunitat Valenciana,Software & SaaS,2020-01-01
ES,Comunitat Valenciana,Education,2020-01-01
ES,Aragón,Manufacturing & Logistics,2020-01-01
ES,Cataluña/Catalunya,Other,2020-01-01
ES,Comunidad de Madrid,Education,2020-01-01
ES,Comunidad de Madrid,Education,2020-01-01
ES,Comunidad de Madrid,Finance & FinTech,2020-01-01
ES,Comunitat Valenciana,Real Estate,2020-01-01
ES,Comunidad de Madrid,E-Commerce & Retail,2020-01-01
ES,Comunidad de Madrid,Software & SaaS,2020-01-01
ES,Comunidad de Madrid,Mobile,2020-01-01
ES,Illes Balears,Healthcare,2020-01-01
ES,Comunitat Valenciana,Education,2020-01-01
ES,Comunidad de Madrid,Software & SaaS,2020-01-01
ES,Cataluña/Catalunya,Mobile,2020-01-01
ES,Comunidad de Madrid,Finance & FinTech,2020-01-01
ES,Cataluña/Catalunya,E-Commerce & Retail,2020-01-01
ES,Cataluña/Catalunya,Travel & Hospitality,2020-01-01
ES,Comunidad de Madrid,Security,2020-01-01
ES,Illes Balears,Software & SaaS,2020-01-01
ES,Comunidad de Madrid,E-Commerce & Retail,2020-01-01
ES,Cataluña/Catalunya,Biotechnology,2020-01-01
ES,Canarias,Software & SaaS,2020-01-01
ES,Comunidad de Madrid,Mobile,2020-01-01
ES,Comunidad de Madrid,Entertainment & Media,2020-01-01
ES,Comunidad de Madrid,Entertainment & Media,2020-01-01
ES,Comunitat Valenciana,Software & SaaS,2020-01-01
ES,Andalucía,Real Estate,2020-01-01
ES,Andalucía,Analytics & AI,2020-01-01
ES,Castilla y León,Software & SaaS,2020-01-01
ES,Cataluña/Catalunya,Healthcare,2020-01-01
ES,Comunitat Valenciana,Mobile,2020-01-01
ES,Cataluña/Catalunya,E-Commerce & Retail,2020-01-01
ES,País Vasco/Euskadi,Other,2020-01-01
ES,Cataluña/Catalunya,Finance & FinTech,2020-01-01
ES,País Vasco/Euskadi,Analytics & AI,2020-01-01
ES,Andalucía,Mobile,2020-01-01
ES,Comunidad de Madrid,Entertainment & Media,2020-01-01
ES,Cataluña/Catalunya,Software & SaaS,2020-01-01
ES,Cataluña/Catalunya,E-Commerce & Retail,2020-01-01
ES,Cataluña/Catalunya,E-Commerce & Retail,2020-01-01
ES,Comunidad de Madrid,Finance & FinTech,2020-01-01
ES,Comunidad de Madrid,Software & SaaS,2020-01-01
ES,Cataluña/Catalunya,Finance & FinTech,2020-01-01
ES,Cataluña/Catalunya,Mobile,2020-01-01
ES,Cataluña/Catalunya,Entertainment & Media,2020-01-01
ES,Cataluña/Catalunya,Advertising & Marketing,2020-01-01
ES,Cataluña/Catalunya,Mobile,2020-01-01
ES,Comunidad de Madrid,Education,2020-01-01
ES,Cataluña/Catalunya,E-Commerce & Retail,2020-01-01
ES,Castilla-La Mancha,Finance & FinTech,2020-01-01
ES,Cataluña/Catalunya,Other,2020-01-01
ES,Comunidad de Madrid,Analytics & AI,2020-01-01
ES,Andalucía,Advertising & Marketing,2020-01-01
ES,Comunidad de Madrid,E-Commerce & Retail,2020-01-01
ES,Comunidad de Madrid,Software & SaaS,2020-01-01
ES,Cataluña/Catalunya,Software & SaaS,2020-01-01
ES,Cataluña/Catalunya,Travel & Hospitality,2020-01-01
ES,Comunitat Valenciana,E-Commerce & Retail,2020-01-01
ES,Cataluña/Catalunya,Education,2020-01-01
ES,Comunidad de Madrid,Energy,2020-01-01
ES,Cataluña/Catalunya,E-Commerce & Retail,2020-01-01
ES,Aragón,Analytics & AI,2020-01-01
ES,Castilla y León,Mobile,2020-01-01
ES,Comunidad de Madrid,Healthcare,2020-01-01
ES,Comunidad de Madrid,Advertising & Marketing,2020-01-01
ES,Comunidad de Madrid,Manufacturing & Logistics,2020-01-01
ES,Comunidad de Madrid,E-Commerce & Retail,2020-01-01
ES,Comunitat Valenciana,Healthcare,2020-01-01
ES,Cataluña/Catalunya,Education,2020-01-01
ES,Cataluña/Catalunya,Finance & FinTech,2020-01-01
ES,Región de Murcia,E-Commerce & Retail,2020-01-01
ES,País Vasco/Euskadi,Manufacturing & Logistics,2020-01-01
ES,Cataluña/Catalunya,E-Commerce & Retail,2020-01-01
ES,Cataluña/Catalunya,Analytics & AI,2020-01-01
ES,Comunidad de Madrid,Software & SaaS,2020-01-01
ES,Comunidad de Madrid,Education,2020-01-01
ES,Comunidad de Madrid,E-Commerce & Retail,2020-01-01
ES,Andalucía,Analytics & AI,2020-01-01
ES,Comunidad de Madrid,E-Commerce & Retail,2020-01-01
ES,Comunidad de Madrid,Advertising & Marketing,2020-01-01
ES,Cataluña/Catalunya,E-Commerce & Retail,2020-01-01
ES,Comunidad de Madrid,Education,2020-01-01
ES,Comunidad de Madrid,Finance & FinTech,2020-01-01
ES,Cataluña/Catalunya,E-Commerce & Retail,2020-01-01
ES,Cataluña/Catalunya,Other,2020-01-01
ES,Cataluña/Catalunya,Entertainment & Media,2020-01-01
ES,Cantabria,Analytics & AI,2020-01-01
ES,Comunitat Valenciana,Other,2020-01-01
ES,Comunidad de Madrid,Finance & FinTech,2020-01-01
ES,Andalucía,Travel & Hospitality,2020-01-01
ES,Comunidad de Madrid,Social & Communication,2020-01-01
ES,Cataluña/Catalunya,Healthcare,2020-01-01
ES,Cataluña/Catalunya,Travel & Hospitality,2020-01-01
ES,Galicia,Software & SaaS,2020-01-01
ES,Cataluña/Catalunya,Real Estate,2020-01-01
ES,Comunidad de Madrid,Entertainment & Media,2020-01-01
ES,Comunidad de Madrid,E-Commerce & Retail,2020-01-01
ES,Comunidad de Madrid,Other,2020-01-01
ES,Cataluña/Catalunya,Finance & FinTech,2020-01-01
ES,Cataluña/Catalunya,Software & SaaS,2020-01-01
ES,Andalucía,Software & SaaS,2020-01-01
ES,Cataluña/Catalunya,E-Commerce & Retail,2020-01-01
ES,Cataluña/Catalunya,Travel & Hospitality,2020-01-01
ES,Cataluña/Catalunya,Healthcare,2020-01-01
ES,Cataluña/Catalunya,Travel & Hospitality,2020-01-01
ES,Comunitat Valenciana,Clean Tech & Energy,2020-01-01
ES,Cataluña/Catalunya,Mobile,2020-01-01
ES,Comunidad de Madrid,Software & SaaS,2020-01-01
ES,Cataluña/Catalunya,Travel & Hospitality,2020-01-01
ES,Comunidad de Madrid,Other,2020-01-01
ES,Cataluña/Catalunya,Healthcare,2020-01-01
ES,Cataluña/Catalunya,Clean Tech & Energy,2020-01-01
ES,Cataluña/Catalunya,Analytics & AI,2020-01-01
ES,Cataluña/Catalunya,Other,2020-01-01
ES,Comunidad de Madrid,Entertainment & Media,2020-01-01
ES,Cataluña/Catalunya,Other,2020-01-01
ES,Cataluña/Catalunya,Software & SaaS,2020-01-01
ES,Cataluña/Catalunya,Other,2020-01-01
ES,Cataluña/Catalunya,Other,2020-01-01
ES,Cataluña/Catalunya,Healthcare,2020-01-01
ES,Cataluña/Catalunya,Healthcare,2020-01-01
ES,Cataluña/Catalunya,Manufacturing & Logistics,2020-01-01
ES,Cataluña/Catalunya,Other,2020-01-01
ES,País Vasco/Euskadi,Software & SaaS,2020-01-01
ES,Cataluña/Catalunya,Software & SaaS,2020-01-01
ES,Cataluña/Catalunya,Software & SaaS,2020-01-01
ES,Cataluña/Catalunya,Software & SaaS,2020-01-01
ES,Cataluña/Catalunya,Other,2020-01-01
ES,Cataluña/Catalunya,Social & Communication,2020-01-01
ES,Comunidad de Madrid,Software & SaaS,2020-01-01
ES,Comunidad de Madrid,Manufacturing & Logistics,2020-01-01
ES,Comunitat Valenciana,Other,2020-01-01
ES,Comunidad de Madrid,Travel & Hospitality,2020-01-01
ES,Andalucía,Travel & Hospitality,2020-01-01
ES,Comunitat Valenciana,Travel & Hospitality,2020-01-01
ES,Cataluña/Catalunya,Other,2020-01-01
ES,Cataluña/Catalunya,Other,2020-01-01
ES,Cataluña/Catalunya,Software & SaaS,2020-01-01
ES,Andalucía,E-Commerce & Retail,2020-01-01
ES,Cataluña/Catalunya,Other,2020-01-01
ES,Comunidad de Madrid,Other,2020-01-01
ES,Castilla y León,Mobile,2020-01-01
ES,Comunitat Valenciana,Education,2020-01-01
ES,Comunidad de Madrid,Finance & FinTech,2020-01-01
ES,Cataluña/Catalunya,Entertainment & Media,2020-01-01
ES,Comunidad de Madrid,Other,2020-01-01
ES,Comunidad de Madrid,Analytics & AI,2020-01-01
ES,Cataluña/Catalunya,Travel & Hospitality,2020-01-01
ES,Canarias,Other,2020-01-01
ES,Cataluña/Catalunya,Biotechnology,2020-01-01
ES,Cataluña/Catalunya,E-Commerce & Retail,2020-01-01
ES,Andalucía,Analytics & AI,2020-01-01
ES,Cataluña/Catalunya,Other,2020-01-01
ES,Cataluña/Catalunya,E-Commerce & Retail,2020-01-01
ES,Galicia,Other,2020-01-01
ES,Cataluña/Catalunya,Analytics & AI,2020-01-01
ES,Cataluña/Catalunya,Travel & Hospitality,2020-01-01
ES,Cataluña/Catalunya,Advertising & Marketing,2020-01-01
ES,Comunidad de Madrid,Software & SaaS,2020-01-01
ES,Andalucía,Other,2020-01-01
ES,Cataluña/Catalunya,E-Commerce & Retail,2020-01-01
ES,Cataluña/Catalunya,Analytics & AI,2020-01-01
ES,Cataluña/Catalunya,Software & SaaS,2020-01-01
ES,Comunitat Valenciana,Clean Tech & Energy,2020-01-01
ES,Comunidad de Madrid,Other,2020-01-01
ES,Canarias,Advertising & Marketing,2020-01-01
ES,Cataluña/Catalunya,Other,2020-01-01
ES,Andalucía,Entertainment & Media,2020-01-01
ES,Andalucía,Other,2020-01-01
ES,Aragón,Healthcare,2020-01-01
ES,Comunidad de Madrid,Security,2020-01-01
ES,Comunitat Valenciana,E-Commerce & Retail,2020-01-01
ES,Andalucía,Other,2020-01-01
ES,Cataluña/Catalunya,Other,2020-01-01
ES,Cataluña/Catalunya,Software & SaaS,2020-01-01
ES,Cataluña/Catalunya,Social & Communication,2020-01-01
ES,Cataluña/Catalunya,Software & SaaS,2020-01-01
ES,Cataluña/Catalunya,Real Estate,2020-01-01
ES,Cataluña/Catalunya,Advertising & Marketing,2020-01-01
ES,Comunidad de Madrid,Other,2020-01-01
ES,Comunitat Valenciana,Software & SaaS,2020-01-01
ES,Cataluña/Catalunya,Healthcare,2020-01-01
ES,Cataluña/Catalunya,Software & SaaS,2020-01-01
ES,Cataluña/Catalunya,Biotechnology,2020-01-01
ES,Comunidad de Madrid,E-Commerce & Retail,2020-01-01
ES,Región de Murcia,Healthcare,2020-01-01
ES,Cataluña/Catalunya,Finance & FinTech,2020-01-01
ES,Andalucía,Other,2020-01-01
ES,Andalucía,Entertainment & Media,2020-01-01
ES,Comunidad de Madrid,E-Commerce & Retail,2020-01-01
ES,Aragón,Mobile,2020-01-01
ES,Cataluña/Catalunya,Manufacturing & Logistics,2020-01-01
ES,Cataluña/Catalunya,Travel & Hospitality,2020-01-01
ES,Comunidad de Madrid,Entertainment & Media,2020-01-01
ES,Comunidad de Madrid,Healthcare,2020-01-01
ES,Cataluña/Catalunya,Advertising & Marketing,2020-01-01
ES,Principado de Asturias,Advertising & Marketing,2020-01-01
ES,Cataluña/Catalunya,Finance & FinTech,2020-01-01
ES,Cataluña/Catalunya,Software & SaaS,2020-01-01
ES,Cataluña/Catalunya,Software & SaaS,2020-01-01
ES,País Vasco/Euskadi,Healthcare,2020-01-01
ES,Comunidad de Madrid,Finance & FinTech,2020-01-01
ES,Cataluña/Catalunya,E-Commerce & Retail,2020-01-01
ES,Comunidad de Madrid,Manufacturing & Logistics,2020-01-01
ES,Cataluña/Catalunya,Education,2020-01-01
ES,Comunidad de Madrid,Finance & FinTech,2020-01-01
ES,Comunidad de Madrid,Software & SaaS,2020-01-01
ES,Cataluña/Catalunya,Travel & Hospitality,2020-01-01
ES,Cataluña/Catalunya,Biotechnology,2020-01-01
ES,Cataluña/Catalunya,Software & SaaS,2020-01-01
ES,Cataluña/Catalunya,Healthcare,2020-01-01
ES,País Vasco/Euskadi,Manufacturing & Logistics,2020-01-01
ES,Cataluña/Catalunya,Healthcare,2020-01-01
ES,Illes Balears,Healthcare,2020-01-01
ES,Comunitat Valenciana,E-Commerce & Retail,2020-01-01
ES,Illes Balears,Advertising & Marketing,2020-01-01
ES,Comunidad de Madrid,Finance & FinTech,2020-01-01
ES,Cataluña/Catalunya,E-Commerce & Retail,2020-01-01
ES,Comunidad de Madrid,Other,2020-01-01
ES,Cataluña/Catalunya,E-Commerce & Retail,2020-01-01
ES,Comunitat Valenciana,Travel & Hospitality,2020-01-01
ES,Comunidad de Madrid,Software & SaaS,2020-01-01
ES,Comunidad de Madrid,Mobile,2020-01-01
ES,Cataluña/Catalunya,Travel & Hospitality,2020-01-01
ES,Región de Murcia,Healthcare,2020-01-01
ES,Cataluña/Catalunya,Software & SaaS,2020-01-01
ES,Comunidad de Madrid,Healthcare,2020-01-01
ES,Cataluña/Catalunya,Software & SaaS,2020-01-01
ES,Cataluña/Catalunya,Healthcare,2020-01-01
ES,Cataluña/Catalunya,Other,2020-01-01
ES,Cataluña/Catalunya,Mobile,2020-01-01
ES,Cataluña/Catalunya,Finance & FinTech,2020-01-01
ES,Comunidad de Madrid,Software & SaaS,2020-01-01
ES,Comunidad de Madrid,Manufacturing & Logistics,2019-01-01
ES,Comunitat Valenciana,Other,2019-01-01
ES,Comunidad de Madrid,Other,2019-01-01
ES,Comunitat Valenciana,Other,2019-01-01
ES,Canarias,Manufacturing & Logistics,2019-01-01
ES,Andalucía,Other,2019-01-01
ES,Galicia,Other,2019-01-01
ES,Comunidad de Madrid,Other,2019-01-01
ES,Comunidad de Madrid,Entertainment & Media,2019-01-01
ES,Cataluña/Catalunya,Other,2019-01-01
ES,Cataluña/Catalunya,Finance & FinTech,2019-01-01
ES,Cataluña/Catalunya,Advertising & Marketing,2019-01-01
ES,Comunidad de Madrid,Clean Tech & Energy,2019-01-01
ES,Comunitat Valenciana,E-Commerce & Retail,2019-01-01
ES,Comunidad de Madrid,Software & SaaS,2019-01-01
ES,Comunitat Valenciana,Hardware & Semiconductors,2019-01-01
ES,Cataluña/Catalunya,Hardware & Semiconductors,2019-01-01
ES,Comunitat Valenciana,Analytics & AI,2019-01-01
ES,Cataluña/Catalunya,Manufacturing & Logistics,2019-01-01
ES,Cataluña/Catalunya,Other,2019-01-01
ES,Cataluña/Catalunya,Healthcare,2019-01-01
ES,Comunidad de Madrid,Other,2019-01-01
ES,Comunitat Valenciana,Analytics & AI,2019-01-01
ES,Comunidad de Madrid,Finance & FinTech,2019-01-01
ES,Cataluña/Catalunya,Finance & FinTech,2019-01-01
ES,Comunidad de Madrid,E-Commerce & Retail,2019-01-01
ES,Comunidad de Madrid,Finance & FinTech,2019-01-01
ES,Comunidad de Madrid,Real Estate,2019-01-01
ES,Cataluña/Catalunya,Entertainment & Media,2019-01-01
ES,Cataluña/Catalunya,Healthcare,2019-01-01
ES,Cataluña/Catalunya,Finance & FinTech,2019-01-01
ES,Cataluña/Catalunya,Software & SaaS,2019-01-01
ES,Comunitat Valenciana,Education,2019-01-01
ES,Cataluña/Catalunya,E-Commerce & Retail,2019-01-01
ES,Cataluña/Catalunya,Entertainment & Media,2019-01-01
ES,Cataluña/Catalunya,Other,2019-01-01
ES,Cataluña/Catalunya,Manufacturing & Logistics,2019-01-01
ES,Comunitat Valenciana,Other,2019-01-01
ES,Comunidad de Madrid,Analytics & AI,2019-01-01
ES,Comunidad de Madrid,Software & SaaS,2019-01-01
ES,Illes Balears,Software & SaaS,2019-01-01
ES,Comunitat Valenciana,Other,2019-01-01
ES,Comunitat Valenciana,Manufacturing & Logistics,2019-01-01
ES,Cataluña/Catalunya,Biotechnology,2019-01-01
ES,Comunidad de Madrid,E-Commerce & Retail,2019-01-01
ES,Cataluña/Catalunya,Software & SaaS,2019-01-01
ES,Comunidad de Madrid,Mobile,2019-01-01
ES,Comunidad de Madrid,Healthcare,2019-01-01
ES,Comunidad de Madrid,E-Commerce & Retail,2019-01-01
ES,Comunidad de Madrid,Healthcare,2019-01-01
ES,Andalucía,Advertising & Marketing,2019-01-01
ES,Castilla-La Mancha,Education,2019-01-01
ES,Comunidad de Madrid,Software & SaaS,2019-01-01
ES,Andalucía,Energy,2019-01-01
ES,Comunidad de Madrid,Analytics & AI,2019-01-01
ES,Comunidad de Madrid,Finance & FinTech,2019-01-01
ES,Comunidad de Madrid,Biotechnology,2019-01-01
ES,País Vasco/Euskadi,E-Commerce & Retail,2019-01-01
ES,Cataluña/Catalunya,E-Commerce & Retail,2019-01-01
ES,Comunidad de Madrid,Healthcare,2019-01-01
ES,Andalucía,E-Commerce & Retail,2019-01-01
ES,Cataluña/Catalunya,Healthcare,2019-01-01
ES,Comunidad de Madrid,Healthcare,2019-01-01
ES,Cataluña/Catalunya,Biotechnology,2019-01-01
ES,Comunidad de Madrid,Energy,2019-01-01
ES,Comunidad de Madrid,Energy,2019-01-01
ES,Cataluña/Catalunya,Other,2019-01-01
ES,Cataluña/Catalunya,Advertising & Marketing,2019-01-01
ES,Cataluña/Catalunya,Healthcare,2019-01-01
ES,Comunidad de Madrid,Healthcare,2019-01-01
ES,Cataluña/Catalunya,Software & SaaS,2019-01-01
ES,País Vasco/Euskadi,Education,2019-01-01
ES,Andalucía,E-Commerce & Retail,2019-01-01
ES,Comunidad de Madrid,Other,2019-01-01
ES,Comunidad de Madrid,Healthcare,2019-01-01
ES,Castilla-La Mancha,Entertainment & Media,2019-01-01
ES,Comunitat Valenciana,Software & SaaS,2019-01-01
ES,Comunidad de Madrid,Finance & FinTech,2019-01-01
ES,Comunidad de Madrid,Finance & FinTech,2019-01-01
ES,Comunidad de Madrid,Manufacturing & Logistics,2019-01-01
ES,Andalucía,Manufacturing & Logistics,2019-01-01
ES,Comunidad de Madrid,Software & SaaS,2019-01-01
ES,Cataluña/Catalunya,Mobile,2019-01-01
ES,Cataluña/Catalunya,Analytics & AI,2019-01-01
ES,Cataluña/Catalunya,Other,2019-01-01
ES,Comunidad de Madrid,Entertainment & Media,2019-01-01
ES,Comunidad de Madrid,Social & Communication,2019-01-01
ES,Andalucía,Clean Tech & Energy,2019-01-01
ES,Cataluña/Catalunya,Analytics & AI,2019-01-01
ES,Cataluña/Catalunya,Healthcare,2019-01-01
ES,Comunitat Valenciana,Analytics & AI,2019-01-01
ES,Comunidad de Madrid,Real Estate,2019-01-01
ES,Comunidad de Madrid,Real Estate,2019-01-01
ES,Comunidad de Madrid,Biotechnology,2019-01-01
ES,Cataluña/Catalunya,Manufacturing & Logistics,2019-01-01
ES,Comunitat Valenciana,E-Commerce & Retail,2019-01-01
ES,Comunidad de Madrid,Other,2019-01-01
ES,Cataluña/Catalunya,Analytics & AI,2019-01-01
ES,Cataluña/Catalunya,Other,2019-01-01
ES,Región de Murcia,Manufacturing & Logistics,2019-01-01
ES,Comunidad de Madrid,Analytics & AI,2019-01-01
ES,Comunidad de Madrid,Analytics & AI,2019-01-01
ES,Comunidad de Madrid,Hardware & Semiconductors,2019-01-01
ES,Comunidad de Madrid,Healthcare,2019-01-01
ES,Andalucía,Finance & FinTech,2019-01-01
ES,Comunitat Valenciana,Software & SaaS,2019-01-01
ES,Comunidad de Madrid,Other,2019-01-01
ES,Cataluña/Catalunya,Biotechnology,2019-01-01
ES,Comunidad de Madrid,Other,2019-01-01
ES,Comunidad de Madrid,Mobile,2019-01-01
ES,Castilla-La Mancha,Analytics & AI,2019-01-01
ES,País Vasco/Euskadi,E-Commerce & Retail,2019-01-01
ES,Cataluña/Catalunya,Entertainment & Media,2019-01-01
ES,Cataluña/Catalunya,Healthcare,2019-01-01
ES,Comunidad de Madrid,Finance & FinTech,2019-01-01
ES,Comunidad de Madrid,Advertising & Marketing,2019-01-01
ES,Cataluña/Catalunya,Software & SaaS,2019-01-01
ES,Cataluña/Catalunya,Biotechnology,2019-01-01
ES,Comunitat Valenciana,Advertising & Marketing,2019-01-01
ES,Cataluña/Catalunya,Analytics & AI,2019-01-01
ES,País Vasco/Euskadi,Software & SaaS,2019-01-01
ES,Región de Murcia,Mobile,2019-01-01
ES,Andalucía,Software & SaaS,2019-01-01
ES,Comunidad de Madrid,Other,2019-01-01
ES,Cataluña/Catalunya,Entertainment & Media,2019-01-01
ES,Andalucía,Mobile,2019-01-01
ES,Cataluña/Catalunya,Software & SaaS,2019-01-01
ES,Comunidad de Madrid,Finance & FinTech,2019-01-01
ES,País Vasco/Euskadi,Software & SaaS,2019-01-01
ES,Galicia,Software & SaaS,2019-01-01
ES,Comunitat Valenciana,Analytics & AI,2019-01-01
ES,Comunitat Valenciana,Security,2019-01-01
ES,Andalucía,Other,2019-01-01
ES,Cataluña/Catalunya,Manufacturing & Logistics,2019-01-01
ES,Comunidad de Madrid,Energy,2019-01-01
ES,Comunidad de Madrid,Security,2019-01-01
ES,Cataluña/Catalunya,Travel & Hospitality,2019-01-01
ES,Comunitat Valenciana,Biotechnology,2019-01-01
ES,Cataluña/Catalunya,Advertising & Marketing,2019-01-01
ES,Principado de Asturias,E-Commerce & Retail,2019-01-01
ES,Comunidad de Madrid,Software & SaaS,2019-01-01
ES,Cataluña/Catalunya,Hardware & Semiconductors,2019-01-01
ES,Cataluña/Catalunya,Biotechnology,2019-01-01
ES,Cataluña/Catalunya,Analytics & AI,2019-01-01
ES,Comunidad de Madrid,Social & Communication,2019-01-01
ES,Comunidad de Madrid,Analytics & AI,2019-01-01
ES,Comunidad de Madrid,Software & SaaS,2019-01-01
ES,Cataluña/Catalunya,Other,2019-01-01
ES,Comunidad de Madrid,Analytics & AI,2019-01-01
ES,Castilla y León,Biotechnology,2019-01-01
ES,Galicia,Healthcare,2019-01-01
ES,Cataluña/Catalunya,Entertainment & Media,2019-01-01
ES,Cataluña/Catalunya,Finance & FinTech,2019-01-01
ES,Comunidad de Madrid,E-Commerce & Retail,2019-01-01
ES,Comunidad Foral de Navarra,Software & SaaS,2019-01-01
ES,Comunitat Valenciana,Software & SaaS,2019-01-01
ES,Cataluña/Catalunya,Hardware & Semiconductors,2019-01-01
ES,Comunidad de Madrid,Clean Tech & Energy,2019-01-01
ES,Comunidad de Madrid,Other,2019-01-01
ES,Galicia,Entertainment & Media,2019-01-01
ES,Comunitat Valenciana,Software & SaaS,2019-01-01
ES,Comunidad de Madrid,Manufacturing & Logistics,2019-01-01
ES,Cataluña/Catalunya,Biotechnology,2019-01-01
ES,Comunitat Valenciana,Advertising & Marketing,2019-01-01
ES,Andalucía,Hardware & Semiconductors,2019-01-01
ES,Comunidad de Madrid,Real Estate,2019-01-01
ES,Canarias,Software & SaaS,2019-01-01
ES,Cataluña/Catalunya,Analytics & AI,2019-01-01
ES,Comunitat Valenciana,Other,2019-01-01
ES,Cataluña/Catalunya,Analytics & AI,2019-01-01
ES,Comunidad de Madrid,Travel & Hospitality,2019-01-01
ES,Cataluña/Catalunya,Finance & FinTech,2019-01-01
ES,Cataluña/Catalunya,Healthcare,2019-01-01
ES,Comunidad de Madrid,Finance & FinTech,2019-01-01
ES,Andalucía,E-Commerce & Retail,2019-01-01
ES,Cataluña/Catalunya,Other,2019-01-01
ES,Cataluña/Catalunya,Healthcare,2019-01-01
ES,Cataluña/Catalunya,Entertainment & Media,2019-01-01
ES,Comunidad de Madrid,Finance & FinTech,2019-01-01
ES,Cataluña/Catalunya,Clean Tech & Energy,2019-01-01
ES,Comunidad de Madrid,Healthcare,2019-01-01
ES,Andalucía,Mobile,2019-01-01
ES,Comunidad de Madrid,Manufacturing & Logistics,2019-01-01
ES,Galicia,Other,2019-01-01
ES,Cataluña/Catalunya,Finance & FinTech,2019-01-01
ES,Cataluña/Catalunya,Finance & FinTech,2019-01-01
ES,Cataluña/Catalunya,Analytics & AI,2019-01-01
ES,País Vasco/Euskadi,Software & SaaS,2019-01-01
ES,Cataluña/Catalunya,Healthcare,2019-01-01
ES,Cataluña/Catalunya,Finance & FinTech,2019-01-01
ES,Comunidad de Madrid,Manufacturing & Logistics,2019-01-01
ES,Cataluña/Catalunya,E-Commerce & Retail,2019-01-01
ES,Comunidad de Madrid,Manufacturing & Logistics,2019-01-01
ES,Comunidad de Madrid,Other,2019-01-01
ES,Comunitat Valenciana,Other,2019-01-01
ES,Galicia,Advertising & Marketing,2019-01-01
ES,Cataluña/Catalunya,Software & SaaS,2019-01-01
ES,Comunidad de Madrid,Finance & FinTech,2019-01-01
ES,Illes Balears,Travel & Hospitality,2019-01-01
ES,Comunitat Valenciana,Other,2019-01-01
ES,Andalucía,Other,2019-01-01
ES,País Vasco/Euskadi,Other,2019-01-01
ES,Andalucía,Healthcare,2019-01-01
ES,Canarias,Other,2019-01-01
ES,País Vasco/Euskadi,Other,2019-01-01
ES,Andalucía,Other,2019-01-01
ES,Comunidad de Madrid,Analytics & AI,2019-01-01
ES,Cataluña/Catalunya,Other,2019-01-01
ES,Comunidad de Madrid,Social & Communication,2019-01-01
ES,Cataluña/Catalunya,Biotechnology,2019-01-01
ES,Cataluña/Catalunya,Finance & FinTech,2019-01-01
ES,Comunidad de Madrid,Finance & FinTech,2019-01-01
ES,Cataluña/Catalunya,Other,2019-01-01
ES,Comunidad de Madrid,Software & SaaS,2019-01-01
ES,Cataluña/Catalunya,Other,2019-01-01
ES,Comunidad de Madrid,Finance & FinTech,2019-01-01
ES,Andalucía,Other,2019-01-01
ES,Cataluña/Catalunya,Finance & FinTech,2019-01-01
ES,Cataluña/Catalunya,Other,2019-01-01
ES,Cataluña/Catalunya,Other,2019-01-01
ES,Cataluña/Catalunya,Other,2019-01-01
ES,Comunidad de Madrid,Software & SaaS,2019-01-01
ES,Cataluña/Catalunya,Finance & FinTech,2019-01-01
ES,Cataluña/Catalunya,Finance & FinTech,2019-01-01
ES,Comunitat Valenciana,Mobile,2019-01-01
ES,Comunidad de Madrid,Other,2019-01-01
ES,Cataluña/Catalunya,Other,2019-01-01
ES,Comunidad de Madrid,Manufacturing & Logistics,2019-01-01
ES,Cataluña/Catalunya,Mobile,2019-01-01
ES,Cataluña/Catalunya,Other,2019-01-01
ES,Cataluña/Catalunya,Other,2019-01-01
ES,Cataluña/Catalunya,Finance & FinTech,2019-01-01
ES,Cataluña/Catalunya,Entertainment & Media,2019-01-01
ES,Cataluña/Catalunya,Travel & Hospitality,2019-01-01
ES,Cataluña/Catalunya,Energy,2019-01-01
ES,Cataluña/Catalunya,Software & SaaS,2019-01-01
ES,Cataluña/Catalunya,Entertainment & Media,2019-01-01
ES,Cataluña/Catalunya,Hardware & Semiconductors,2019-01-01
ES,Comunidad de Madrid,Analytics & AI,2019-01-01
ES,Cataluña/Catalunya,Manufacturing & Logistics,2019-01-01
ES,Comunitat Valenciana,Software & SaaS,2019-01-01
ES,Cataluña/Catalunya,Real Estate,2019-01-01
ES,País Vasco/Euskadi,Other,2019-01-01
ES,Cataluña/Catalunya,Other,2019-01-01
ES,Comunidad de Madrid,Other,2019-01-01
ES,Comunitat Valenciana,Other,2019-01-01
ES,Castilla y León,Healthcare,2019-01-01
ES,Cataluña/Catalunya,Other,2019-01-01
ES,Cataluña/Catalunya,Clean Tech & Energy,2019-01-01
ES,Cataluña/Catalunya,Other,2019-01-01
ES,Cataluña/Catalunya,Travel & Hospitality,2019-01-01
ES,Comunitat Valenciana,Social & Communication,2019-01-01
ES,Cataluña/Catalunya,Real Estate,2019-01-01
ES,Cataluña/Catalunya,Other,2019-01-01
ES,Comunitat Valenciana,Healthcare,2019-01-01
ES,Cataluña/Catalunya,Other,2019-01-01
ES,Cataluña/Catalunya,Other,2019-01-01
ES,Castilla y León,Hardware & Semiconductors,2019-01-01
ES,Comunidad de Madrid,Other,2019-01-01
ES,Cataluña/Catalunya,Manufacturing & Logistics,2019-01-01
ES,País Vasco/Euskadi,Other,2019-01-01
ES,Cataluña/Catalunya,Software & SaaS,2019-01-01
ES,Galicia,Manufacturing & Logistics,2019-01-01
ES,Cataluña/Catalunya,Analytics & AI,2019-01-01
ES,Comunidad de Madrid,Finance & FinTech,2019-01-01
ES,Comunidad de Madrid,E-Commerce & Retail,2019-01-01
ES,País Vasco/Euskadi,Software & SaaS,2019-01-01
ES,Comunidad de Madrid,Energy,2019-01-01
ES,Cataluña/Catalunya,Social & Communication,2019-01-01
ES,Cataluña/Catalunya,Advertising & Marketing,2019-01-01
ES,Cataluña/Catalunya,Software & SaaS,2019-01-01
ES,Cataluña/Catalunya,Travel & Hospitality,2019-01-01
ES,Cataluña/Catalunya,Software & SaaS,2018-01-01
ES,Comunidad de Madrid,Healthcare,2018-01-01
ES,Cataluña/Catalunya,Entertainment & Media,2018-01-01
ES,Cataluña/Catalunya,Analytics & AI,2018-01-01
ES,Comunidad de Madrid,Other,2018-01-01
ES,Galicia,Other,2018-01-01
ES,Comunidad de Madrid,Finance & FinTech,2018-01-01
ES,Cataluña/Catalunya,Analytics & AI,2018-01-01
ES,Cataluña/Catalunya,Other,2018-01-01
ES,Cataluña/Catalunya,Hardware & Semiconductors,2018-01-01
ES,Comunidad de Madrid,Manufacturing & Logistics,2018-01-01
ES,Andalucía,Travel & Hospitality,2018-01-01
ES,Cataluña/Catalunya,Other,2018-01-01
ES,Comunitat Valenciana,Manufacturing & Logistics,2018-01-01
ES,Illes Balears,Analytics & AI,2018-01-01
ES,Illes Balears,Healthcare,2018-01-01
ES,Cataluña/Catalunya,Analytics & AI,2018-01-01
ES,Cataluña/Catalunya,Other,2018-01-01
ES,Comunitat Valenciana,Social & Communication,2018-01-01
ES,Cataluña/Catalunya,Other,2018-01-01
ES,Andalucía,Finance & FinTech,2018-01-01
ES,País Vasco/Euskadi,E-Commerce & Retail,2018-01-01
ES,Comunidad de Madrid,Other,2018-01-01
ES,Andalucía,Analytics & AI,2018-01-01
ES,Comunidad de Madrid,Healthcare,2018-01-01
ES,Cataluña/Catalunya,Other,2018-01-01
ES,Cataluña/Catalunya,Finance & FinTech,2018-01-01
ES,Comunidad de Madrid,Finance & FinTech,2018-01-01
ES,Cataluña/Catalunya,Clean Tech & Energy,2018-01-01
ES,Comunidad de Madrid,Analytics & AI,2018-01-01
ES,Comunitat Valenciana,Analytics & AI,2018-01-01
ES,Comunidad de Madrid,Real Estate,2018-01-01
ES,Cataluña/Catalunya,Biotechnology,2018-01-01
ES,Comunidad de Madrid,Manufacturing & Logistics,2018-01-01
ES,Comunidad de Madrid,Entertainment & Media,2018-01-01
ES,Cataluña/Catalunya,Software & SaaS,2018-01-01
ES,Cataluña/Catalunya,Other,2018-01-01
ES,Cataluña/Catalunya,Other,2018-01-01
ES,Comunitat Valenciana,Travel & Hospitality,2018-01-01
ES,Comunitat Valenciana,Travel & Hospitality,2018-01-01
ES,Comunidad de Madrid,Software & SaaS,2018-01-01
ES,Andalucía,Software & SaaS,2018-01-01
ES,Cataluña/Catalunya,E-Commerce & Retail,2018-01-01
ES,Cataluña/Catalunya,E-Commerce & Retail,2018-01-01
ES,Comunidad de Madrid,Entertainment & Media,2018-01-01
ES,Cataluña/Catalunya,Other,2018-01-01
ES,Comunidad de Madrid,Software & SaaS,2018-01-01
ES,Comunidad de Madrid,Clean Tech & Energy,2018-01-01
ES,Cataluña/Catalunya,Biotechnology,2018-01-01
ES,Cataluña/Catalunya,Analytics & AI,2018-01-01
ES,Comunidad de Madrid,Real Estate,2018-01-01
ES,Comunidad de Madrid,Mobile,2018-01-01
ES,Cataluña/Catalunya,Biotechnology,2018-01-01
ES,Comunidad de Madrid,Other,2018-01-01
ES,Cataluña/Catalunya,Other,2018-01-01
ES,Cataluña/Catalunya,Analytics & AI,2018-01-01
ES,Comunidad de Madrid,Advertising & Marketing,2018-01-01
ES,Comunidad de Madrid,Education,2018-01-01
ES,Comunidad de Madrid,Entertainment & Media,2018-01-01
ES,Cataluña/Catalunya,Analytics & AI,2018-01-01
ES,Cataluña/Catalunya,Social & Communication,2018-01-01
ES,Comunidad de Madrid,Software & SaaS,2018-01-01
ES,Comunidad de Madrid,Finance & FinTech,2018-01-01
ES,Comunitat Valenciana,E-Commerce & Retail,2018-01-01
ES,Aragón,Finance & FinTech,2018-01-01
ES,Comunidad de Madrid,Finance & FinTech,2018-01-01
ES,Andalucía,E-Commerce & Retail,2018-01-01
ES,Cataluña/Catalunya,Analytics & AI,2018-01-01
ES,Comunidad de Madrid,Hardware & Semiconductors,2018-01-01
ES,Comunidad de Madrid,Analytics & AI,2018-01-01
ES,Comunidad de Madrid,Software & SaaS,2018-01-01
ES,Cataluña/Catalunya,Travel & Hospitality,2018-01-01
ES,Comunidad de Madrid,Clean Tech & Energy,2018-01-01
ES,Comunidad de Madrid,Software & SaaS,2018-01-01
ES,Cataluña/Catalunya,Hardware & Semiconductors,2018-01-01
ES,Comunidad de Madrid,Education,2018-01-01
ES,Comunitat Valenciana,Mobile,2018-01-01
ES,Comunidad de Madrid,E-Commerce & Retail,2018-01-01
ES,Andalucía,Other,2018-01-01
ES,Andalucía,Finance & FinTech,2018-01-01
ES,Comunidad de Madrid,Analytics & AI,2018-01-01
ES,Comunidad de Madrid,Advertising & Marketing,2018-01-01
ES,Comunitat Valenciana,Software & SaaS,2018-01-01
ES,Andalucía,Security,2018-01-01
ES,Comunidad de Madrid,Travel & Hospitality,2018-01-01
ES,Castilla-La Mancha,Software & SaaS,2018-01-01
ES,Comunidad de Madrid,Mobile,2018-01-01
ES,Comunidad de Madrid,Software & SaaS,2018-01-01
ES,Cataluña/Catalunya,Manufacturing & Logistics,2018-01-01
ES,Comunidad de Madrid,Mobile,2018-01-01
ES,Comunidad de Madrid,Software & SaaS,2018-01-01
ES,Comunitat Valenciana,Software & SaaS,2018-01-01
ES,Andalucía,Advertising & Marketing,2018-01-01
ES,Comunidad de Madrid,Software & SaaS,2018-01-01
ES,Comunidad de Madrid,Analytics & AI,2018-01-01
ES,Comunidad de Madrid,Analytics & AI,2018-01-01
ES,Comunidad de Madrid,Finance & FinTech,2018-01-01
ES,Illes Balears,Software & SaaS,2018-01-01
ES,Cataluña/Catalunya,Software & SaaS,2018-01-01
ES,Comunidad de Madrid,Manufacturing & Logistics,2018-01-01
ES,Andalucía,Mobile,2018-01-01
ES,Cataluña/Catalunya,Security,2018-01-01
ES,Comunidad de Madrid,Finance & FinTech,2018-01-01
ES,Canarias,Other,2018-01-01
ES,Andalucía,Software & SaaS,2018-01-01
ES,Castilla-La Mancha,Hardware & Semiconductors,2018-01-01
ES,Galicia,Travel & Hospitality,2018-01-01
ES,Andalucía,Software & SaaS,2018-01-01
ES,Andalucía,Software & SaaS,2018-01-01
ES,Galicia,E-Commerce & Retail,2018-01-01
ES,Comunidad de Madrid,Security,2018-01-01
ES,Cataluña/Catalunya,Other,2018-01-01
ES,Cataluña/Catalunya,Energy,2018-01-01
ES,Comunidad de Madrid,Entertainment & Media,2018-01-01
ES,Comunidad de Madrid,E-Commerce & Retail,2018-01-01
ES,Comunidad de Madrid,Mobile,2018-01-01
ES,Comunitat Valenciana,Software & SaaS,2018-01-01
ES,Cataluña/Catalunya,Software & SaaS,2018-01-01
ES,Cataluña/Catalunya,Real Estate,2018-01-01
ES,Comunidad de Madrid,Software & SaaS,2018-01-01
ES,Comunidad de Madrid,Finance & FinTech,2018-01-01
ES,Cataluña/Catalunya,Healthcare,2018-01-01
ES,Cataluña/Catalunya,Mobile,2018-01-01
ES,Comunidad de Madrid,E-Commerce & Retail,2018-01-01
ES,Andalucía,Other,2018-01-01
ES,Galicia,Software & SaaS,2018-01-01
ES,Comunidad de Madrid,Software & SaaS,2018-01-01
ES,Comunitat Valenciana,Other,2018-01-01
ES,Comunidad de Madrid,Software & SaaS,2018-01-01
ES,Cataluña/Catalunya,Travel & Hospitality,2018-01-01
ES,Cataluña/Catalunya,Other,2018-01-01
ES,Cataluña/Catalunya,Analytics & AI,2018-01-01
ES,Cataluña/Catalunya,Software & SaaS,2018-01-01
ES,Andalucía,Finance & FinTech,2018-01-01
ES,Andalucía,Biotechnology,2018-01-01
ES,Cataluña/Catalunya,E-Commerce & Retail,2018-01-01
ES,Comunidad de Madrid,Biotechnology,2018-01-01
ES,Comunidad de Madrid,Analytics & AI,2018-01-01
ES,Galicia,Software & SaaS,2018-01-01
ES,Cataluña/Catalunya,Analytics & AI,2018-01-01
ES,Comunitat Valenciana,Other,2018-01-01
ES,Comunitat Valenciana,Software & SaaS,2018-01-01
ES,Castilla-La Mancha,Software & SaaS,2018-01-01
ES,Comunidad de Madrid,Other,2018-01-01
ES,Comunitat Valenciana,Analytics & AI,2018-01-01
ES,Comunidad de Madrid,Analytics & AI,2018-01-01
ES,Comunidad de Madrid,Software & SaaS,2018-01-01
ES,Comunidad de Madrid,Analytics & AI,2018-01-01
ES,Cataluña/Catalunya,Mobile,2018-01-01
ES,Comunitat Valenciana,Entertainment & Media,2018-01-01
ES,Comunitat Valenciana,Other,2018-01-01
ES,Comunidad de Madrid,E-Commerce & Retail,2018-01-01
ES,Cataluña/Catalunya,Advertising & Marketing,2018-01-01
ES,Comunidad de Madrid,Manufacturing & Logistics,2018-01-01
ES,Cataluña/Catalunya,Travel & Hospitality,2018-01-01
ES,Comunidad de Madrid,Software & SaaS,2018-01-01
ES,Andalucía,Other,2018-01-01
ES,Comunitat Valenciana,Healthcare,2018-01-01
ES,Comunidad de Madrid,Software & SaaS,2018-01-01
ES,Andalucía,E-Commerce & Retail,2018-01-01
ES,Comunidad de Madrid,Travel & Hospitality,2018-01-01
ES,Comunitat Valenciana,E-Commerce & Retail,2018-01-01
ES,Comunitat Valenciana,Entertainment & Media,2018-01-01
ES,Comunidad de Madrid,Manufacturing & Logistics,2018-01-01
ES,Cataluña/Catalunya,E-Commerce & Retail,2018-01-01
ES,Comunitat Valenciana,Clean Tech & Energy,2018-01-01
ES,Cataluña/Catalunya,Analytics & AI,2018-01-01
ES,Comunitat Valenciana,E-Commerce & Retail,2018-01-01
ES,País Vasco/Euskadi,Energy,2018-01-01
ES,Castilla y León,Biotechnology,2018-01-01
ES,Comunitat Valenciana,Analytics & AI,2018-01-01
ES,Comunitat Valenciana,Finance & FinTech,2018-01-01
ES,Comunidad de Madrid,E-Commerce & Retail,2018-01-01
ES,Comunitat Valenciana,E-Commerce & Retail,2018-01-01
ES,Comunidad de Madrid,Travel & Hospitality,2018-01-01
ES,Comunitat Valenciana,Mobile,2018-01-01
ES,Cataluña/Catalunya,Analytics & AI,2018-01-01
ES,País Vasco/Euskadi,Healthcare,2018-01-01
ES,Comunidad de Madrid,Manufacturing & Logistics,2018-01-01
ES,Comunidad de Madrid,E-Commerce & Retail,2018-01-01
ES,Comunitat Valenciana,Travel & Hospitality,2018-01-01
ES,Andalucía,Analytics & AI,2018-01-01
ES,Cataluña/Catalunya,E-Commerce & Retail,2018-01-01
ES,Cataluña/Catalunya,Advertising & Marketing,2018-01-01
ES,Comunidad de Madrid,Finance & FinTech,2018-01-01
ES,Comunidad Foral de Navarra,Clean Tech & Energy,2018-01-01
ES,Cataluña/Catalunya,Software & SaaS,2018-01-01
ES,Cataluña/Catalunya,Analytics & AI,2018-01-01
ES,Comunidad de Madrid,Education,2018-01-01
ES,Cataluña/Catalunya,E-Commerce & Retail,2018-01-01
ES,Comunitat Valenciana,Mobile,2018-01-01
ES,Andalucía,Finance & FinTech,2018-01-01
ES,Andalucía,Mobile,2018-01-01
ES,Andalucía,Finance & FinTech,2018-01-01
ES,Comunidad de Madrid,Healthcare,2018-01-01
ES,Comunidad de Madrid,Software & SaaS,2018-01-01
ES,Comunitat Valenciana,Hardware & Semiconductors,2018-01-01
ES,Comunidad de Madrid,Mobile,2018-01-01
ES,Comunitat Valenciana,Manufacturing & Logistics,2018-01-01
ES,Comunitat Valenciana,Software & SaaS,2018-01-01
ES,Cataluña/Catalunya,Software & SaaS,2018-01-01
ES,Comunidad de Madrid,E-Commerce & Retail,2018-01-01
ES,Cataluña/Catalunya,Clean Tech & Energy,2018-01-01
ES,Comunitat Valenciana,Software & SaaS,2018-01-01
ES,Cataluña/Catalunya,Finance & FinTech,2018-01-01
ES,Cataluña/Catalunya,Healthcare,2018-01-01
ES,Comunidad de Madrid,Analytics & AI,2018-01-01
ES,Comunidad de Madrid,Software & SaaS,2018-01-01
ES,Cataluña/Catalunya,Mobile,2018-01-01
ES,Comunidad de Madrid,Clean Tech & Energy,2018-01-01
ES,Comunidad de Madrid,Software & SaaS,2018-01-01
ES,Comunidad de Madrid,Other,2018-01-01
ES,Comunidad de Madrid,Manufacturing & Logistics,2018-01-01
ES,Galicia,Analytics & AI,2018-01-01
ES,Cataluña/Catalunya,Software & SaaS,2018-01-01
ES,Cataluña/Catalunya,Mobile,2018-01-01
ES,Comunitat Valenciana,Healthcare,2018-01-01
ES,Comunidad de Madrid,Real Estate,2018-01-01
ES,Comunitat Valenciana,Software & SaaS,2018-01-01
ES,Comunidad de Madrid,Other,2018-01-01
ES,Comunitat Valenciana,Mobile,2018-01-01
ES,Comunidad de Madrid,Finance & FinTech,2018-01-01
ES,Andalucía,Energy,2018-01-01
ES,Comunitat Valenciana,Manufacturing & Logistics,2018-01-01
ES,Comunitat Valenciana,Software & SaaS,2018-01-01
ES,Castilla-La Mancha,Travel & Hospitality,2018-01-01
ES,Cataluña/Catalunya,E-Commerce & Retail,2018-01-01
ES,País Vasco/Euskadi,Finance & FinTech,2018-01-01
ES,Cataluña/Catalunya,Analytics & AI,2018-01-01
ES,Comunidad de Madrid,E-Commerce & Retail,2018-01-01
ES,Comunidad de Madrid,Finance & FinTech,2018-01-01
ES,Cataluña/Catalunya,Social & Communication,2018-01-01
ES,Andalucía,Finance & FinTech,2018-01-01
ES,Comunidad de Madrid,Mobile,2018-01-01
ES,Aragón,Travel & Hospitality,2018-01-01
ES,Comunitat Valenciana,Real Estate,2018-01-01
ES,Cataluña/Catalunya,Mobile,2018-01-01
ES,Comunidad de Madrid,Social & Communication,2018-01-01
ES,Cataluña/Catalunya,Software & SaaS,2018-01-01
ES,Extremadura,E-Commerce & Retail,2018-01-01
ES,Cataluña/Catalunya,Software & SaaS,2018-01-01
ES,Principado de Asturias,Clean Tech & Energy,2018-01-01
ES,Comunidad de Madrid,Analytics & AI,2018-01-01
ES,Comunidad de Madrid,Software & SaaS,2018-01-01
ES,Cataluña/Catalunya,E-Commerce & Retail,2018-01-01
ES,Comunitat Valenciana,Other,2018-01-01
ES,Comunidad de Madrid,Travel & Hospitality,2018-01-01
ES,Comunidad de Madrid,Finance & FinTech,2018-01-01
ES,Comunitat Valenciana,E-Commerce & Retail,2018-01-01
ES,Comunidad de Madrid,E-Commerce & Retail,2018-01-01
ES,Cataluña/Catalunya,E-Commerce & Retail,2018-01-01
ES,Comunitat Valenciana,Other,2018-01-01
ES,Cataluña/Catalunya,Healthcare,2018-01-01
ES,Cataluña/Catalunya,Social & Communication,2018-01-01
ES,Comunidad de Madrid,Education,2018-01-01
ES,Cataluña/Catalunya,E-Commerce & Retail,2018-01-01
ES,Principado de Asturias,Software & SaaS,2018-01-01
ES,Cataluña/Catalunya,E-Commerce & Retail,2018-01-01
ES,Cataluña/Catalunya,Analytics & AI,2018-01-01
ES,Región de Murcia,Analytics & AI,2018-01-01
ES,Comunidad de Madrid,Analytics & AI,2018-01-01
ES,Cataluña/Catalunya,Analytics & AI,2018-01-01
ES,Comunidad de Madrid,Software & SaaS,2018-01-01
ES,Andalucía,Biotechnology,2018-01-01
ES,País Vasco/Euskadi,Energy,2018-01-01
ES,Comunidad de Madrid,Software & SaaS,2018-01-01
ES,Comunidad de Madrid,Manufacturing & Logistics,2018-01-01
ES,Cataluña/Catalunya,Clean Tech & Energy,2018-01-01
ES,Cataluña/Catalunya,E-Commerce & Retail,2018-01-01
ES,Cataluña/Catalunya,Software & SaaS,2018-01-01
ES,Galicia,Hardware & Semiconductors,2018-01-01
ES,Cataluña/Catalunya,Travel & Hospitality,2018-01-01
ES,Comunidad de Madrid,Energy,2018-01-01
ES,Cataluña/Catalunya,Software & SaaS,2018-01-01
ES,Cataluña/Catalunya,E-Commerce & Retail,2018-01-01
ES,Andalucía,Other,2018-01-01
ES,Andalucía,Other,2018-01-01
ES,Comunidad de Madrid,Other,2018-01-01
ES,Cataluña/Catalunya,Advertising & Marketing,2018-01-01
ES,Comunidad de Madrid,Hardware & Semiconductors,2018-01-01
ES,Cataluña/Catalunya,Other,2018-01-01
ES,Cataluña/Catalunya,Biotechnology,2018-01-01
ES,Comunidad de Madrid,Manufacturing & Logistics,2018-01-01
ES,Comunidad de Madrid,Clean Tech & Energy,2018-01-01
ES,Cataluña/Catalunya,Mobile,2018-01-01
ES,Comunitat Valenciana,Real Estate,2018-01-01
ES,Comunidad de Madrid,Analytics & AI,2018-01-01
ES,Cataluña/Catalunya,Software & SaaS,2018-01-01
ES,Comunidad de Madrid,Manufacturing & Logistics,2018-01-01
ES,Comunidad de Madrid,Finance & FinTech,2018-01-01
ES,Cataluña/Catalunya,Travel & Hospitality,2018-01-01
ES,Comunitat Valenciana,Finance & FinTech,2018-01-01
ES,Cataluña/Catalunya,Real Estate,2018-01-01
ES,Comunitat Valenciana,Software & SaaS,2018-01-01
ES,Cataluña/Catalunya,Software & SaaS,2018-01-01
ES,Comunidad de Madrid,Energy,2018-01-01
ES,Cataluña/Catalunya,Other,2018-01-01
ES,Canarias,Other,2018-01-01
ES,Cataluña/Catalunya,Other,2018-01-01
ES,Cataluña/Catalunya,E-Commerce & Retail,2018-01-01
ES,Comunitat Valenciana,E-Commerce & Retail,2018-01-01
ES,Cataluña/Catalunya,E-Commerce & Retail,2018-01-01
ES,Cataluña/Catalunya,Other,2018-01-01
ES,Cataluña/Catalunya,Other,2018-01-01
ES,Cataluña/Catalunya,Manufacturing & Logistics,2018-01-01
ES,Cataluña/Catalunya,Healthcare,2018-01-01
ES,Andalucía,Social & Communication,2018-01-01
ES,Cataluña/Catalunya,Analytics & AI,2018-01-01
ES,Cataluña/Catalunya,Other,2018-01-01
ES,Comunidad de Madrid,Other,2018-01-01
ES,Comunidad de Madrid,Other,2018-01-01
ES,Aragón,Education,2018-01-01
ES,Galicia,Advertising & Marketing,2018-01-01
ES,Cataluña/Catalunya,Other,2018-01-01
ES,Comunidad de Madrid,Analytics & AI,2018-01-01
ES,Cataluña/Catalunya,Other,2018-01-01
ES,Andalucía,Travel & Hospitality,2018-01-01
ES,Cataluña/Catalunya,Social & Communication,2018-01-01
ES,Cataluña/Catalunya,Finance & FinTech,2018-01-01
ES,Galicia,Other,2018-01-01
ES,Cataluña/Catalunya,E-Commerce & Retail,2018-01-01
ES,Cataluña/Catalunya,Other,2018-01-01
ES,Cataluña/Catalunya,Other,2018-01-01
ES,Comunidad de Madrid,Social & Communication,2018-01-01
ES,Cataluña/Catalunya,E-Commerce & Retail,2018-01-01
ES,Cataluña/Catalunya,Other,2018-01-01
ES,País Vasco/Euskadi,Analytics & AI,2018-01-01
ES,Cataluña/Catalunya,Other,2018-01-01
ES,Comunidad de Madrid,Advertising & Marketing,2018-01-01
ES,Cataluña/Catalunya,Entertainment & Media,2018-01-01
ES,Cataluña/Catalunya,Other,2018-01-01
ES,Cataluña/Catalunya,Travel & Hospitality,2018-01-01
ES,Andalucía,Biotechnology,2018-01-01
ES,Comunidad de Madrid,Software & SaaS,2018-01-01
ES,Castilla-La Mancha,Software & SaaS,2018-01-01
ES,Cataluña/Catalunya,Travel & Hospitality,2018-01-01
ES,Cataluña/Catalunya,Social & Communication,2018-01-01
ES,Cataluña/Catalunya,Entertainment & Media,2018-01-01
ES,Cataluña/Catalunya,Finance & FinTech,2018-01-01
ES,Cataluña/Catalunya,Real Estate,2018-01-01
ES,Cataluña/Catalunya,Advertising & Marketing,2018-01-01
ES,Cataluña/Catalunya,Finance & FinTech,2018-01-01
ES,Illes Balears,Other,2018-01-01
ES,Comunidad de Madrid,Finance & FinTech,2018-01-01
ES,Comunidad de Madrid,Analytics & AI,2018-01-01
ES,Cataluña/Catalunya,Entertainment & Media,2018-01-01
ES,Canarias,Other,2018-01-01
ES,Cataluña/Catalunya,Other,2018-01-01
ES,Comunidad de Madrid,Manufacturing & Logistics,2018-01-01
ES,Castilla-La Mancha,Travel & Hospitality,2018-01-01
ES,Comunidad de Madrid,Clean Tech & Energy,2018-01-01
ES,Cataluña/Catalunya,Education,2018-01-01
ES,Comunitat Valenciana,Advertising & Marketing,2018-01-01
ES,Comunidad de Madrid,Security,2018-01-01
ES,Comunitat Valenciana,Healthcare,2018-01-01
ES,Cataluña/Catalunya,Other,2018-01-01
ES,Cataluña/Catalunya,Software & SaaS,2018-01-01
ES,Cataluña/Catalunya,Entertainment & Media,2018-01-01
ES,Cataluña/Catalunya,Finance & FinTech,2018-01-01
ES,Cataluña/Catalunya,Analytics & AI,2018-01-01
ES,Cataluña/Catalunya,Healthcare,2018-01-01
ES,Comunidad de Madrid,Education,2018-01-01
ES,País Vasco/Euskadi,E-Commerce & Retail,2018-01-01
ES,Comunidad de Madrid,Analytics & AI,2018-01-01
ES,Cataluña/Catalunya,Analytics & AI,2018-01-01
ES,Cataluña/Catalunya,Healthcare,2018-01-01
ES,Comunidad de Madrid,Healthcare,2018-01-01
ES,Cataluña/Catalunya,Software & SaaS,2018-01-01
ES,Cataluña/Catalunya,Mobile,2018-01-01
ES,Comunidad de Madrid,Other,2018-01-01
ES,Cataluña/Catalunya,Healthcare,2018-01-01
ES,Comunidad de Madrid,Mobile,2018-01-01
ES,Cataluña/Catalunya,Other,2018-01-01
ES,Comunitat Valenciana,Finance & FinTech,2018-01-01
ES,Comunidad de Madrid,Healthcare,2018-01-01
ES,Cataluña/Catalunya,E-Commerce & Retail,2018-01-01
ES,Cataluña/Catalunya,Finance & FinTech,2018-01-01
ES,Andalucía,Other,2018-01-01
ES,Cataluña/Catalunya,E-Commerce & Retail,2018-01-01
ES,Cataluña/Catalunya,Healthcare,2018-01-01
ES,Cataluña/Catalunya,E-Commerce & Retail,2018-01-01
ES,Cataluña/Catalunya,Finance & FinTech,2018-01-01
ES,Cataluña/Catalunya,Software & SaaS,2018-01-01
ES,Región de Murcia,Entertainment & Media,2018-01-01
ES,Castilla-La Mancha,Security,2018-01-01
ES,Comunidad de Madrid,E-Commerce & Retail,2018-01-01
ES,Comunitat Valenciana,Advertising & Marketing,2018-01-01
ES,Galicia,Other,2018-01-01
ES,Cataluña/Catalunya,Biotechnology,2018-01-01
ES,Comunidad de Madrid,Finance & FinTech,2018-01-01
ES,Cataluña/Catalunya,E-Commerce & Retail,2018-01-01
ES,Región de Murcia,Other,2018-01-01
ES,País Vasco/Euskadi,Other,2018-01-01
ES,Castilla y León,Social & Communication,2018-01-01
ES,Comunidad de Madrid,Software & SaaS,2018-01-01
ES,Comunidad de Madrid,Finance & FinTech,2018-01-01
ES,Cataluña/Catalunya,Social & Communication,2018-01-01
ES,Cataluña/Catalunya,Analytics & AI,2018-01-01
ES,Cataluña/Catalunya,Other,2018-01-01
ES,Comunidad de Madrid,Software & SaaS,2018-01-01
ES,Cataluña/Catalunya,E-Commerce & Retail,2018-01-01
ES,Cataluña/Catalunya,Finance & FinTech,2018-01-01
ES,Cataluña/Catalunya,Advertising & Marketing,2018-01-01
ES,Comunitat Valenciana,Real Estate,2018-01-01
ES,Comunitat Valenciana,Finance & FinTech,2018-01-01
ES,Galicia,Software & SaaS,2018-01-01
ES,Cataluña/Catalunya,Social & Communication,2018-01-01
ES,Comunidad de Madrid,Travel & Hospitality,2018-01-01
ES,Cataluña/Catalunya,E-Commerce & Retail,2018-01-01
ES,Cataluña/Catalunya,Education,2018-01-01
ES,Comunidad de Madrid,Analytics & AI,2018-01-01
ES,Cataluña/Catalunya,Finance & FinTech,2018-01-01
ES,Andalucía,Software & SaaS,2018-01-01
ES,Comunitat Valenciana,Other,2018-01-01
ES,Comunitat Valenciana,Software & SaaS,2018-01-01
ES,Comunidad de Madrid,Software & SaaS,2018-01-01
ES,Cataluña/Catalunya,Entertainment & Media,2018-01-01
ES,Cataluña/Catalunya,Real Estate,2018-01-01
ES,Comunidad de Madrid,Manufacturing & Logistics,2018-01-01
ES,Comunidad de Madrid,Energy,2018-01-01
ES,Cataluña/Catalunya,Manufacturing & Logistics,2018-01-01
ES,Comunidad de Madrid,Biotechnology,2018-01-01
ES,Cataluña/Catalunya,Education,2018-01-01
ES,Comunidad de Madrid,Analytics & AI,2018-01-01
ES,Comunidad de Madrid,E-Commerce & Retail,2018-01-01
ES,País Vasco/Euskadi,Analytics & AI,2018-01-01
ES,Cataluña/Catalunya,E-Commerce & Retail,2018-01-01
ES,Illes Balears,Other,2017-01-01
ES,Cataluña/Catalunya,Entertainment & Media,2017-01-01
ES,Cataluña/Catalunya,Manufacturing & Logistics,2017-01-01
ES,Cataluña/Catalunya,Analytics & AI,2017-01-01
ES,País Vasco/Euskadi,Other,2017-01-01
ES,Comunidad de Madrid,Travel & Hospitality,2017-01-01
ES,Cataluña/Catalunya,Advertising & Marketing,2017-01-01
ES,Comunitat Valenciana,Hardware & Semiconductors,2017-01-01
ES,Comunidad de Madrid,Other,2017-01-01
ES,Comunitat Valenciana,Energy,2017-01-01
ES,Cataluña/Catalunya,Hardware & Semiconductors,2017-01-01
ES,Cataluña/Catalunya,Energy,2017-01-01
ES,Comunidad de Madrid,Travel & Hospitality,2017-01-01
ES,Comunidad de Madrid,Entertainment & Media,2017-01-01
ES,Cataluña/Catalunya,E-Commerce & Retail,2017-01-01
ES,Cataluña/Catalunya,Healthcare,2017-01-01
ES,Castilla-La Mancha,Advertising & Marketing,2017-01-01
ES,Cataluña/Catalunya,Biotechnology,2017-01-01
ES,Castilla y León,Other,2017-01-01
ES,Cataluña/Catalunya,Analytics & AI,2017-01-01
ES,Canarias,Other,2017-01-01
ES,Comunitat Valenciana,Software & SaaS,2017-01-01
ES,Comunidad de Madrid,Manufacturing & Logistics,2017-01-01
ES,Comunidad de Madrid,Software & SaaS,2017-01-01
ES,Comunidad de Madrid,Manufacturing & Logistics,2017-01-01
ES,Extremadura,Healthcare,2017-01-01
ES,Illes Balears,Software & SaaS,2017-01-01
ES,Castilla y León,Real Estate,2017-01-01
ES,Illes Balears,Advertising & Marketing,2017-01-01
ES,Comunitat Valenciana,E-Commerce & Retail,2017-01-01
ES,Castilla y León,Other,2017-01-01
ES,Comunidad de Madrid,Other,2017-01-01
ES,Comunidad de Madrid,Software & SaaS,2017-01-01
ES,Aragón,Manufacturing & Logistics,2017-01-01
ES,Cataluña/Catalunya,Other,2017-01-01
ES,Comunidad de Madrid,Healthcare,2017-01-01
ES,Comunidad de Madrid,Other,2017-01-01
ES,Comunidad de Madrid,Hardware & Semiconductors,2017-01-01
ES,Comunitat Valenciana,Biotechnology,2017-01-01
ES,Cataluña/Catalunya,Other,2017-01-01
ES,Comunidad de Madrid,Other,2017-01-01
ES,Cataluña/Catalunya,Analytics & AI,2017-01-01
ES,Comunidad de Madrid,Analytics & AI,2017-01-01
ES,Cataluña/Catalunya,Healthcare,2017-01-01
ES,Andalucía,Healthcare,2017-01-01
ES,Galicia,Analytics & AI,2017-01-01
ES,Comunidad de Madrid,Manufacturing & Logistics,2017-01-01
ES,Comunidad de Madrid,Finance & FinTech,2017-01-01
ES,Comunidad de Madrid,Finance & FinTech,2017-01-01
ES,Cataluña/Catalunya,Analytics & AI,2017-01-01
ES,Comunidad de Madrid,Mobile,2017-01-01
ES,Galicia,Finance & FinTech,2017-01-01
ES,Principado de Asturias,Manufacturing & Logistics,2017-01-01
ES,Galicia,Other,2017-01-01
ES,Cataluña/Catalunya,Other,2017-01-01
ES,Cataluña/Catalunya,Real Estate,2017-01-01
ES,Illes Balears,Entertainment & Media,2017-01-01
ES,Illes Balears,Software & SaaS,2017-01-01
ES,Cataluña/Catalunya,Clean Tech & Energy,2017-01-01
ES,Cataluña/Catalunya,Other,2017-01-01
ES,Comunidad de Madrid,Healthcare,2017-01-01
ES,Cataluña/Catalunya,Travel & Hospitality,2017-01-01
ES,Cataluña/Catalunya,Advertising & Marketing,2017-01-01
ES,Cataluña/Catalunya,Entertainment & Media,2017-01-01
ES,Comunidad de Madrid,Other,2017-01-01
ES,Cataluña/Catalunya,Other,2017-01-01
ES,Comunidad de Madrid,Analytics & AI,2017-01-01
ES,Cataluña/Catalunya,Software & SaaS,2017-01-01
ES,Andalucía,Software & SaaS,2017-01-01
ES,Comunidad de Madrid,Finance & FinTech,2017-01-01
ES,Cataluña/Catalunya,Social & Communication,2017-01-01
ES,La Rioja,Other,2017-01-01
ES,Andalucía,Other,2017-01-01
ES,Cataluña/Catalunya,Analytics & AI,2017-01-01
ES,Cataluña/Catalunya,Manufacturing & Logistics,2017-01-01
ES,Cataluña/Catalunya,E-Commerce & Retail,2017-01-01
ES,Cataluña/Catalunya,Software & SaaS,2017-01-01
ES,Cataluña/Catalunya,Software & SaaS,2017-01-01
ES,Cataluña/Catalunya,Other,2017-01-01
ES,Canarias,Hardware & Semiconductors,2017-01-01
ES,Cataluña/Catalunya,Travel & Hospitality,2017-01-01
ES,Comunitat Valenciana,Other,2017-01-01
ES,Cataluña/Catalunya,Other,2017-01-01
ES,Comunidad de Madrid,Healthcare,2017-01-01
ES,Comunidad de Madrid,Analytics & AI,2017-01-01
ES,Comunidad de Madrid,Software & SaaS,2017-01-01
ES,Comunidad de Madrid,Entertainment & Media,2017-01-01
ES,Aragón,Education,2017-01-01
ES,Cataluña/Catalunya,Other,2017-01-01
ES,Castilla y León,Biotechnology,2017-01-01
ES,Cataluña/Catalunya,Mobile,2017-01-01
ES,Comunitat Valenciana,Other,2017-01-01
ES,Comunidad de Madrid,Healthcare,2017-01-01
ES,Comunitat Valenciana,Other,2017-01-01
ES,Comunidad de Madrid,Other,2017-01-01
ES,Cataluña/Catalunya,Other,2017-01-01
ES,Galicia,Other,2017-01-01
ES,Aragón,Other,2017-01-01
ES,Región de Murcia,Other,2017-01-01
ES,Comunidad de Madrid,Healthcare,2017-01-01
ES,Cataluña/Catalunya,Software & SaaS,2017-01-01
ES,Illes Balears,Healthcare,2017-01-01
ES,Comunidad de Madrid,Other,2017-01-01
ES,Comunidad de Madrid,Hardware & Semiconductors,2017-01-01
ES,Comunidad de Madrid,Travel & Hospitality,2017-01-01
ES,Cataluña/Catalunya,Education,2017-01-01
ES,Cataluña/Catalunya,Clean Tech & Energy,2017-01-01
ES,Cataluña/Catalunya,Entertainment & Media,2017-01-01
ES,Cataluña/Catalunya,Other,2017-01-01
ES,Cataluña/Catalunya,Other,2017-01-01
ES,Cataluña/Catalunya,Other,2017-01-01
ES,Cataluña/Catalunya,Travel & Hospitality,2017-01-01
ES,Cataluña/Catalunya,Analytics & AI,2017-01-01
ES,Cataluña/Catalunya,Education,2017-01-01
ES,Cataluña/Catalunya,Mobile,2017-01-01
ES,Comunitat Valenciana,Biotechnology,2017-01-01
ES,Comunitat Valenciana,Hardware & Semiconductors,2017-01-01
ES,Cataluña/Catalunya,Analytics & AI,2017-01-01
ES,Cataluña/Catalunya,Healthcare,2017-01-01
ES,Comunidad de Madrid,Manufacturing & Logistics,2017-01-01
ES,Comunidad de Madrid,Manufacturing & Logistics,2017-01-01
ES,Comunidad de Madrid,Real Estate,2017-01-01
ES,Comunidad de Madrid,Clean Tech & Energy,2017-01-01
ES,Cataluña/Catalunya,Healthcare,2017-01-01
ES,Cataluña/Catalunya,Entertainment & Media,2017-01-01
ES,Comunidad de Madrid,Other,2017-01-01
ES,Comunidad de Madrid,Travel & Hospitality,2017-01-01
ES,Cataluña/Catalunya,Healthcare,2017-01-01
ES,Comunidad de Madrid,Software & SaaS,2017-01-01
ES,Cataluña/Catalunya,E-Commerce & Retail,2017-01-01
ES,Cataluña/Catalunya,Other,2017-01-01
ES,Comunidad de Madrid,Real Estate,2017-01-01
ES,Comunidad de Madrid,Hardware & Semiconductors,2017-01-01
ES,Cataluña/Catalunya,Education,2017-01-01
ES,Comunitat Valenciana,Other,2017-01-01
ES,Comunidad de Madrid,Clean Tech & Energy,2017-01-01
ES,Cataluña/Catalunya,Other,2017-01-01
ES,Comunidad de Madrid,Real Estate,2017-01-01
ES,Cataluña/Catalunya,Analytics & AI,2017-01-01
ES,Comunidad de Madrid,Analytics & AI,2017-01-01
ES,Cataluña/Catalunya,Finance & FinTech,2017-01-01
ES,Cataluña/Catalunya,Advertising & Marketing,2017-01-01
ES,Andalucía,Healthcare,2017-01-01
ES,Cataluña/Catalunya,Manufacturing & Logistics,2017-01-01
ES,Cataluña/Catalunya,Finance & FinTech,2017-01-01
ES,Galicia,Finance & FinTech,2017-01-01
ES,Cataluña/Catalunya,Travel & Hospitality,2017-01-01
ES,Cataluña/Catalunya,Education,2017-01-01
ES,Cataluña/Catalunya,E-Commerce & Retail,2017-01-01
ES,Cataluña/Catalunya,E-Commerce & Retail,2017-01-01
ES,Cataluña/Catalunya,Advertising & Marketing,2017-01-01
ES,Cataluña/Catalunya,Healthcare,2017-01-01
ES,Cataluña/Catalunya,Software & SaaS,2017-01-01
ES,Cataluña/Catalunya,Other,2017-01-01
ES,Comunidad de Madrid,Manufacturing & Logistics,2017-01-01
ES,Cataluña/Catalunya,Biotechnology,2017-01-01
ES,Cataluña/Catalunya,Manufacturing & Logistics,2017-01-01
ES,Cataluña/Catalunya,Other,2017-01-01
ES,Principado de Asturias,Finance & FinTech,2017-01-01
ES,Cataluña/Catalunya,Advertising & Marketing,2017-01-01
ES,Cataluña/Catalunya,Mobile,2017-01-01
ES,Comunidad de Madrid,Entertainment & Media,2017-01-01
ES,Cataluña/Catalunya,Travel & Hospitality,2017-01-01
ES,Cataluña/Catalunya,Software & SaaS,2017-01-01
ES,Cataluña/Catalunya,Software & SaaS,2017-01-01
ES,Comunidad de Madrid,Mobile,2017-01-01
ES,Comunidad de Madrid,Manufacturing & Logistics,2017-01-01
ES,Comunidad de Madrid,Other,2017-01-01
ES,Comunitat Valenciana,Manufacturing & Logistics,2016-01-01
ES,Castilla y León,Other,2016-01-01
ES,Andalucía,Manufacturing & Logistics,2016-01-01
ES,Comunidad de Madrid,Other,2016-01-01
ES,Comunidad de Madrid,Software & SaaS,2016-01-01
ES,Comunidad de Madrid,Manufacturing & Logistics,2016-01-01
ES,Comunidad de Madrid,Social & Communication,2016-01-01
ES,Andalucía,Education,2016-01-01
ES,Cataluña/Catalunya,Software & SaaS,2016-01-01
ES,Comunitat Valenciana,Clean Tech & Energy,2016-01-01
ES,Cataluña/Catalunya,Advertising & Marketing,2016-01-01
ES,Cataluña/Catalunya,Travel & Hospitality,2016-01-01
ES,Cataluña/Catalunya,Real Estate,2016-01-01
ES,Cataluña/Catalunya,Other,2016-01-01
ES,Cataluña/Catalunya,Advertising & Marketing,2016-01-01
ES,Comunidad de Madrid,Software & SaaS,2016-01-01
ES,Cataluña/Catalunya,Education,2016-01-01
ES,Aragón,Healthcare,2016-01-01
ES,Comunitat Valenciana,Travel & Hospitality,2016-01-01
ES,Comunidad de Madrid,Finance & FinTech,2016-01-01
ES,Castilla-La Mancha,Healthcare,2016-01-01
ES,Cataluña/Catalunya,Clean Tech & Energy,2016-01-01
ES,Andalucía,Other,2016-01-01
ES,Comunidad de Madrid,Hardware & Semiconductors,2016-01-01
ES,País Vasco/Euskadi,Security,2016-01-01
ES,Comunidad de Madrid,Finance & FinTech,2016-01-01
ES,Castilla y León,Finance & FinTech,2016-01-01
ES,Comunidad de Madrid,Software & SaaS,2016-01-01
ES,Comunidad de Madrid,Finance & FinTech,2016-01-01
ES,Cataluña/Catalunya,Finance & FinTech,2016-01-01
ES,Cataluña/Catalunya,Clean Tech & Energy,2016-01-01
ES,Comunidad de Madrid,Analytics & AI,2016-01-01
ES,Comunidad de Madrid,Healthcare,2016-01-01
ES,Cataluña/Catalunya,Social & Communication,2016-01-01
ES,Comunidad de Madrid,Manufacturing & Logistics,2016-01-01
ES,Cataluña/Catalunya,Software & SaaS,2016-01-01
ES,Cataluña/Catalunya,Mobile,2016-01-01
ES,Cataluña/Catalunya,Real Estate,2016-01-01
ES,Cataluña/Catalunya,Software & SaaS,2016-01-01
ES,Illes Balears,Travel & Hospitality,2016-01-01
ES,Cataluña/Catalunya,Other,2016-01-01
ES,Cataluña/Catalunya,Other,2016-01-01
ES,Cataluña/Catalunya,Travel & Hospitality,2016-01-01
ES,Andalucía,Analytics & AI,2016-01-01
ES,Cataluña/Catalunya,Real Estate,2016-01-01
ES,Cataluña/Catalunya,Finance & FinTech,2016-01-01
ES,Comunidad de Madrid,Software & SaaS,2016-01-01
ES,Galicia,Software & SaaS,2016-01-01
ES,Cataluña/Catalunya,Software & SaaS,2016-01-01
ES,Cataluña/Catalunya,Analytics & AI,2016-01-01
ES,Cataluña/Catalunya,Other,2016-01-01
ES,Cataluña/Catalunya,Other,2016-01-01
ES,Cataluña/Catalunya,Analytics & AI,2016-01-01
ES,Illes Balears,Mobile,2016-01-01
ES,Cataluña/Catalunya,Other,2016-01-01
ES,Cataluña/Catalunya,Other,2016-01-01
ES,Comunitat Valenciana,Real Estate,2016-01-01
ES,Principado de Asturias,Other,2016-01-01
ES,Canarias,Software & SaaS,2016-01-01
ES,Comunidad de Madrid,Travel & Hospitality,2016-01-01
ES,Andalucía,Healthcare,2016-01-01
ES,Andalucía,Mobile,2016-01-01
ES,Comunidad de Madrid,Security,2016-01-01
ES,País Vasco/Euskadi,E-Commerce & Retail,2016-01-01
ES,Cataluña/Catalunya,Software & SaaS,2016-01-01
ES,Cataluña/Catalunya,E-Commerce & Retail,2016-01-01
ES,Cataluña/Catalunya,Other,2016-01-01
ES,Comunidad de Madrid,Other,2016-01-01
ES,Cataluña/Catalunya,E-Commerce & Retail,2016-01-01
ES,Illes Balears,Advertising & Marketing,2016-01-01
ES,Cataluña/Catalunya,Other,2016-01-01
ES,Cataluña/Catalunya,Entertainment & Media,2016-01-01
ES,Comunidad de Madrid,Analytics & AI,2016-01-01
ES,Comunidad de Madrid,Other,2016-01-01
ES,Cataluña/Catalunya,Other,2016-01-01
ES,Cataluña/Catalunya,Finance & FinTech,2016-01-01
ES,Cataluña/Catalunya,Analytics & AI,2016-01-01
ES,Cataluña/Catalunya,Manufacturing & Logistics,2016-01-01
ES,Cataluña/Catalunya,Manufacturing & Logistics,2016-01-01
ES,Cataluña/Catalunya,Finance & FinTech,2016-01-01
ES,Cataluña/Catalunya,Other,2016-01-01
ES,Comunidad de Madrid,Finance & FinTech,2016-01-01
ES,Comunidad de Madrid,Software & SaaS,2016-01-01
ES,Comunidad de Madrid,Software & SaaS,2016-01-01
ES,Comunidad de Madrid,Other,2016-01-01
ES,Cataluña/Catalunya,Manufacturing & Logistics,2016-01-01
ES,Cataluña/Catalunya,Other,2016-01-01
ES,Galicia,Analytics & AI,2016-01-01
ES,Cataluña/Catalunya,Healthcare,2016-01-01
ES,Comunitat Valenciana,Clean Tech & Energy,2016-01-01
ES,Cataluña/Catalunya,Analytics & AI,2016-01-01
ES,Comunitat Valenciana,Clean Tech & Energy,2016-01-01
ES,Comunitat Valenciana,Other,2016-01-01
ES,Comunidad de Madrid,Other,2016-01-01
ES,Cataluña/Catalunya,Advertising & Marketing,2016-01-01
ES,Comunitat Valenciana,Education,2016-01-01
ES,Comunidad de Madrid,Other,2016-01-01
ES,Comunidad de Madrid,Other,2016-01-01
ES,Cataluña/Catalunya,Analytics & AI,2016-01-01
ES,Cataluña/Catalunya,Software & SaaS,2016-01-01
ES,Illes Balears,Healthcare,2016-01-01
ES,Comunidad de Madrid,E-Commerce & Retail,2016-01-01
ES,Cataluña/Catalunya,Analytics & AI,2016-01-01
ES,País Vasco/Euskadi,Security,2016-01-01
ES,Cataluña/Catalunya,Finance & FinTech,2016-01-01
ES,Comunidad de Madrid,Mobile,2016-01-01
ES,Comunidad de Madrid,Other,2016-01-01
ES,Illes Balears,Travel & Hospitality,2016-01-01
ES,Cataluña/Catalunya,Manufacturing & Logistics,2016-01-01
ES,Comunidad de Madrid,Mobile,2016-01-01
ES,Cataluña/Catalunya,Mobile,2016-01-01
ES,Comunidad de Madrid,Security,2016-01-01
ES,Cataluña/Catalunya,Analytics & AI,2016-01-01
ES,Andalucía,Analytics & AI,2016-01-01
ES,Cataluña/Catalunya,Manufacturing & Logistics,2016-01-01
ES,Comunidad de Madrid,Mobile,2016-01-01
ES,Comunidad de Madrid,Software & SaaS,2016-01-01
ES,Cataluña/Catalunya,Finance & FinTech,2016-01-01
ES,Comunidad de Madrid,Social & Communication,2016-01-01
ES,Comunidad de Madrid,E-Commerce & Retail,2016-01-01
ES,Comunitat Valenciana,Software & SaaS,2016-01-01
ES,Comunidad de Madrid,Manufacturing & Logistics,2016-01-01
ES,Cataluña/Catalunya,Software & SaaS,2016-01-01
ES,Cataluña/Catalunya,Manufacturing & Logistics,2016-01-01
ES,Cataluña/Catalunya,Healthcare,2016-01-01
ES,Comunitat Valenciana,Entertainment & Media,2016-01-01
ES,Región de Murcia,Hardware & Semiconductors,2016-01-01
ES,Comunidad de Madrid,Analytics & AI,2016-01-01
ES,Cataluña/Catalunya,Manufacturing & Logistics,2016-01-01
ES,Comunidad de Madrid,Mobile,2016-01-01
ES,Cataluña/Catalunya,E-Commerce & Retail,2015-01-01
ES,Cataluña/Catalunya,Entertainment & Media,2015-01-01
ES,Región de Murcia,Other,2015-01-01
ES,Cataluña/Catalunya,Travel & Hospitality,2015-01-01
ES,Cataluña/Catalunya,Manufacturing & Logistics,2015-01-01
ES,Andalucía,Other,2015-01-01
ES,País Vasco/Euskadi,Software & SaaS,2015-01-01
ES,Comunitat Valenciana,Other,2015-01-01
ES,Cataluña/Catalunya,Software & SaaS,2015-01-01
ES,Castilla y León,Finance & FinTech,2015-01-01
ES,Cataluña/Catalunya,Software & SaaS,2015-01-01
ES,Comunidad de Madrid,Software & SaaS,2015-01-01
ES,Comunidad de Madrid,E-Commerce & Retail,2015-01-01
ES,Comunidad de Madrid,Healthcare,2015-01-01
ES,Comunidad de Madrid,Travel & Hospitality,2015-01-01
ES,Cataluña/Catalunya,Software & SaaS,2015-01-01
ES,Cataluña/Catalunya,Finance & FinTech,2015-01-01
ES,Comunidad de Madrid,Healthcare,2015-01-01
ES,Andalucía,Other,2015-01-01
ES,Cataluña/Catalunya,Entertainment & Media,2015-01-01
ES,Comunitat Valenciana,Healthcare,2015-01-01
ES,Andalucía,Healthcare,2015-01-01
ES,Cataluña/Catalunya,Real Estate,2015-01-01
ES,Comunidad de Madrid,Software & SaaS,2015-01-01
ES,Cataluña/Catalunya,Travel & Hospitality,2015-01-01
ES,Comunidad de Madrid,Other,2015-01-01
ES,Cataluña/Catalunya,Manufacturing & Logistics,2015-01-01
ES,Cataluña/Catalunya,E-Commerce & Retail,2015-01-01
ES,Cataluña/Catalunya,Healthcare,2015-01-01
ES,Comunidad de Madrid,Analytics & AI,2015-01-01
ES,Cataluña/Catalunya,Other,2015-01-01
ES,Comunidad de Madrid,Other,2015-01-01
ES,Cataluña/Catalunya,Software & SaaS,2015-01-01
ES,Cataluña/Catalunya,Other,2015-01-01
ES,Cataluña/Catalunya,Finance & FinTech,2015-01-01
ES,Cataluña/Catalunya,Finance & FinTech,2015-01-01
ES,País Vasco/Euskadi,Hardware & Semiconductors,2015-01-01
ES,Principado de Asturias,Software & SaaS,2015-01-01
ES,Cataluña/Catalunya,Other,2015-01-01
ES,Comunidad de Madrid,Analytics & AI,2015-01-01
ES,Cataluña/Catalunya,Finance & FinTech,2015-01-01
ES,Cataluña/Catalunya,Entertainment & Media,2015-01-01
ES,Cataluña/Catalunya,Other,2015-01-01
ES,Comunitat Valenciana,Social & Communication,2015-01-01
ES,Comunidad de Madrid,Software & SaaS,2015-01-01
ES,Cataluña/Catalunya,Other,2015-01-01
ES,Comunitat Valenciana,E-Commerce & Retail,2015-01-01
ES,Cataluña/Catalunya,E-Commerce & Retail,2015-01-01
ES,Cataluña/Catalunya,Software & SaaS,2015-01-01
ES,Cataluña/Catalunya,Software & SaaS,2015-01-01
ES,Cataluña/Catalunya,Healthcare,2015-01-01
ES,Comunidad de Madrid,Hardware & Semiconductors,2015-01-01
ES,Comunidad de Madrid,Mobile,2015-01-01
ES,Illes Balears,E-Commerce & Retail,2015-01-01
ES,Comunidad de Madrid,Healthcare,2015-01-01
ES,Comunitat Valenciana,Software & SaaS,2015-01-01
ES,Cataluña/Catalunya,Education,2015-01-01
ES,Cataluña/Catalunya,Education,2015-01-01
ES,Cataluña/Catalunya,Real Estate,2015-01-01
ES,Cataluña/Catalunya,Finance & FinTech,2015-01-01
ES,Cataluña/Catalunya,Other,2015-01-01
ES,Cataluña/Catalunya,Manufacturing & Logistics,2015-01-01
ES,Cataluña/Catalunya,Software & SaaS,2015-01-01
ES,Cataluña/Catalunya,Other,2015-01-01
ES,Cataluña/Catalunya,Other,2015-01-01
ES,Comunitat Valenciana,Other,2015-01-01
ES,Andalucía,Manufacturing & Logistics,2015-01-01
ES,Castilla y León,Other,2015-01-01
ES,Comunidad de Madrid,Healthcare,2015-01-01
ES,Andalucía,Education,2015-01-01
ES,Cataluña/Catalunya,E-Commerce & Retail,2015-01-01
ES,Cataluña/Catalunya,Clean Tech & Energy,2015-01-01
ES,Comunidad de Madrid,Real Estate,2015-01-01
ES,Cataluña/Catalunya,Manufacturing & Logistics,2015-01-01
ES,Cataluña/Catalunya,E-Commerce & Retail,2015-01-01
ES,Comunidad de Madrid,Analytics & AI,2015-01-01
ES,Aragón,Security,2015-01-01
ES,Comunidad de Madrid,Mobile,2015-01-01
ES,Cataluña/Catalunya,Entertainment & Media,2015-01-01
ES,Cataluña/Catalunya,Healthcare,2015-01-01
ES,Andalucía,Advertising & Marketing,2015-01-01
ES,Comunidad de Madrid,Finance & FinTech,2015-01-01
ES,Cataluña/Catalunya,Entertainment & Media,2015-01-01
ES,Comunidad de Madrid,Analytics & AI,2015-01-01
ES,Cataluña/Catalunya,E-Commerce & Retail,2015-01-01
ES,Comunidad de Madrid,Other,2015-01-01
ES,Cataluña/Catalunya,Manufacturing & Logistics,2015-01-01
ES,Cataluña/Catalunya,Analytics & AI,2015-01-01
ES,Cataluña/Catalunya,Biotechnology,2015-01-01
ES,Cataluña/Catalunya,Finance & FinTech,2015-01-01
ES,Comunidad de Madrid,Analytics & AI,2015-01-01
ES,Cataluña/Catalunya,E-Commerce & Retail,2015-01-01
ES,Cataluña/Catalunya,Healthcare,2015-01-01
ES,Comunidad de Madrid,Social & Communication,2015-01-01
ES,Cataluña/Catalunya,Analytics & AI,2015-01-01
ES,Cataluña/Catalunya,Biotechnology,2015-01-01
ES,País Vasco/Euskadi,Biotechnology,2015-01-01
ES,Cataluña/Catalunya,Manufacturing & Logistics,2015-01-01
ES,Cataluña/Catalunya,Finance & FinTech,2015-01-01
ES,Cataluña/Catalunya,Manufacturing & Logistics,2015-01-01
ES,Comunitat Valenciana,Healthcare,2015-01-01
ES,Comunidad de Madrid,Mobile,2015-01-01
ES,Cataluña/Catalunya,Other,2014-01-01
ES,Región de Murcia,Analytics & AI,2014-01-01
ES,Comunitat Valenciana,Software & SaaS,2014-01-01
ES,Comunidad de Madrid,Entertainment & Media,2014-01-01
ES,Comunidad de Madrid,Software & SaaS,2014-01-01
ES,Comunitat Valenciana,Manufacturing & Logistics,2014-01-01
ES,Comunitat Valenciana,Finance & FinTech,2014-01-01
ES,Cataluña/Catalunya,Other,2014-01-01
ES,Comunitat Valenciana,Other,2014-01-01
ES,País Vasco/Euskadi,Education,2014-01-01
ES,Cataluña/Catalunya,E-Commerce & Retail,2014-01-01
ES,Comunitat Valenciana,Entertainment & Media,2014-01-01
ES,Comunitat Valenciana,Entertainment & Media,2014-01-01
ES,Cataluña/Catalunya,Analytics & AI,2014-01-01
ES,Comunitat Valenciana,E-Commerce & Retail,2014-01-01
ES,Comunidad de Madrid,Other,2014-01-01
ES,Cataluña/Catalunya,Manufacturing & Logistics,2014-01-01
ES,Comunidad de Madrid,Other,2014-01-01
ES,Comunitat Valenciana,Other,2014-01-01
ES,Cataluña/Catalunya,Finance & FinTech,2014-01-01
ES,Comunidad de Madrid,Other,2014-01-01
ES,Comunitat Valenciana,Other,2014-01-01
ES,País Vasco/Euskadi,Other,2014-01-01
ES,Comunidad de Madrid,Other,2014-01-01
ES,Comunidad de Madrid,Analytics & AI,2014-01-01
ES,Comunidad de Madrid,Healthcare,2014-01-01
ES,Cataluña/Catalunya,Analytics & AI,2014-01-01
ES,Cataluña/Catalunya,Travel & Hospitality,2014-01-01
ES,Cataluña/Catalunya,Advertising & Marketing,2014-01-01
ES,Canarias,Other,2014-01-01
ES,Aragón,Other,2014-01-01
ES,Comunidad de Madrid,Software & SaaS,2014-01-01
ES,Cataluña/Catalunya,Other,2014-01-01
ES,Cataluña/Catalunya,Entertainment & Media,2014-01-01
ES,Cataluña/Catalunya,Healthcare,2014-01-01
ES,Cataluña/Catalunya,Software & SaaS,2014-01-01
ES,Comunitat Valenciana,Software & SaaS,2014-01-01
ES,Cataluña/Catalunya,Travel & Hospitality,2014-01-01
ES,Cataluña/Catalunya,Advertising & Marketing,2014-01-01
ES,Comunitat Valenciana,Software & SaaS,2014-01-01
ES,Cataluña/Catalunya,Manufacturing & Logistics,2014-01-01
ES,Comunitat Valenciana,Entertainment & Media,2014-01-01
ES,Cataluña/Catalunya,Analytics & AI,2014-01-01
ES,Cataluña/Catalunya,Biotechnology,2014-01-01
ES,Comunitat Valenciana,E-Commerce & Retail,2014-01-01
ES,Cataluña/Catalunya,Clean Tech & Energy,2014-01-01
ES,Comunidad de Madrid,Finance & FinTech,2014-01-01
ES,Cataluña/Catalunya,Advertising & Marketing,2014-01-01
ES,Castilla y León,Analytics & AI,2014-01-01
ES,Cataluña/Catalunya,Biotechnology,2014-01-01
ES,Comunidad de Madrid,Other,2014-01-01
ES,Cataluña/Catalunya,Software & SaaS,2014-01-01
ES,Comunidad de Madrid,Real Estate,2014-01-01
ES,Cataluña/Catalunya,Software & SaaS,2014-01-01
ES,Comunidad de Madrid,Analytics & AI,2014-01-01
ES,Comunidad de Madrid,Software & SaaS,2014-01-01
ES,Cataluña/Catalunya,E-Commerce & Retail,2014-01-01
ES,Canarias,Analytics & AI,2014-01-01
ES,Comunitat Valenciana,Hardware & Semiconductors,2014-01-01
ES,País Vasco/Euskadi,E-Commerce & Retail,2014-01-01
ES,Cataluña/Catalunya,E-Commerce & Retail,2014-01-01
ES,Cataluña/Catalunya,Other,2014-01-01
ES,Comunitat Valenciana,Software & SaaS,2014-01-01
ES,Cataluña/Catalunya,Advertising & Marketing,2014-01-01
ES,País Vasco/Euskadi,Manufacturing & Logistics,2014-01-01
ES,Comunidad de Madrid,Software & SaaS,2014-01-01
ES,Comunitat Valenciana,Biotechnology,2014-01-01
ES,Illes Balears,Software & SaaS,2014-01-01
ES,Comunidad de Madrid,Energy,2014-01-01
ES,Cataluña/Catalunya,Software & SaaS,2014-01-01
ES,Comunidad de Madrid,Software & SaaS,2014-01-01
ES,Comunidad de Madrid,Software & SaaS,2014-01-01
ES,Cataluña/Catalunya,E-Commerce & Retail,2014-01-01
ES,País Vasco/Euskadi,Biotechnology,2014-01-01
ES,Comunidad de Madrid,Manufacturing & Logistics,2014-01-01
ES,Comunidad de Madrid,Analytics & AI,2014-01-01
ES,Comunitat Valenciana,Manufacturing & Logistics,2014-01-01
ES,País Vasco/Euskadi,Analytics & AI,2014-01-01
ES,Castilla y León,Other,2014-01-01
ES,Cataluña/Catalunya,E-Commerce & Retail,2014-01-01
ES,Canarias,Mobile,2014-01-01
ES,Comunidad de Madrid,Analytics & AI,2014-01-01
ES,Comunidad de Madrid,Manufacturing & Logistics,2014-01-01
ES,Principado de Asturias,Analytics & AI,2014-01-01
ES,Comunidad de Madrid,Travel & Hospitality,2014-01-01
ES,Comunitat Valenciana,Mobile,2014-01-01
ES,Cataluña/Catalunya,Mobile,2014-01-01
ES,Principado de Asturias,Software & SaaS,2014-01-01
ES,Cataluña/Catalunya,Other,2013-01-01
ES,Cataluña/Catalunya,E-Commerce & Retail,2013-01-01
ES,Comunidad de Madrid,Entertainment & Media,2013-01-01
ES,Cataluña/Catalunya,Other,2013-01-01
ES,Comunidad de Madrid,Other,2013-01-01
ES,Cataluña/Catalunya,E-Commerce & Retail,2013-01-01
ES,Comunidad de Madrid,Social & Communication,2013-01-01
ES,Cataluña/Catalunya,Software & SaaS,2013-01-01
ES,Cataluña/Catalunya,Analytics & AI,2013-01-01
ES,Comunidad de Madrid,Software & SaaS,2013-01-01
ES,Comunidad de Madrid,Education,2013-01-01
ES,Cataluña/Catalunya,Other,2013-01-01
ES,Cataluña/Catalunya,Software & SaaS,2013-01-01
ES,Cataluña/Catalunya,Finance & FinTech,2013-01-01
ES,Cataluña/Catalunya,Software & SaaS,2013-01-01
ES,Cataluña/Catalunya,Software & SaaS,2013-01-01
ES,Cataluña/Catalunya,Education,2013-01-01
ES,Comunitat Valenciana,Entertainment & Media,2013-01-01
ES,Comunitat Valenciana,E-Commerce & Retail,2013-01-01
ES,Comunitat Valenciana,Real Estate,2013-01-01
ES,Comunidad de Madrid,Other,2013-01-01
ES,Cataluña/Catalunya,Healthcare,2013-01-01
ES,Cataluña/Catalunya,Travel & Hospitality,2013-01-01
ES,Cataluña/Catalunya,Other,2013-01-01
ES,Comunitat Valenciana,Analytics & AI,2013-01-01
ES,Cataluña/Catalunya,Travel & Hospitality,2012-01-01
ES,Cataluña/Catalunya,Travel & Hospitality,2012-01-01
ES,Comunitat Valenciana,Finance & FinTech,2012-01-01
ES,Comunidad de Madrid,Other,2012-01-01
ES,Comunidad de Madrid,Healthcare,2012-01-01
ES,Comunidad de Madrid,Other,2012-01-01
ES,Comunidad de Madrid,Other,2012-01-01
ES,Comunitat Valenciana,Entertainment & Media,2012-01-01
ES,Comunitat Valenciana,Entertainment & Media,2012-01-01
ES,País Vasco/Euskadi,Other,2012-01-01
ES,Castilla-La Mancha,Other,2012-01-01
ES,Cataluña/Catalunya,Other,2012-01-01
ES,Cataluña/Catalunya,Hardware & Semiconductors,2012-01-01
ES,Comunidad de Madrid,E-Commerce & Retail,2012-01-01
ES,Cataluña/Catalunya,Other,2012-01-01
ES,Comunitat Valenciana,Mobile,2012-01-01
ES,Andalucía,E-Commerce & Retail,2012-01-01
ES,Cataluña/Catalunya,Other,2012-01-01
ES,Cataluña/Catalunya,Software & SaaS,2012-01-01
ES,Cataluña/Catalunya,Other,2012-01-01
ES,Comunidad de Madrid,Other,2012-01-01
ES,Galicia,Travel & Hospitality,2012-01-01
ES,Cataluña/Catalunya,Education,2012-01-01
ES,Cataluña/Catalunya,Entertainment & Media,2012-01-01
ES,Cataluña/Catalunya,Software & SaaS,2012-01-01
ES,Cataluña/Catalunya,Finance & FinTech,2012-01-01
ES,Castilla y León,Travel & Hospitality,2012-01-01
ES,Comunidad de Madrid,Other,2012-01-01
ES,Comunidad de Madrid,Software & SaaS,2012-01-01
ES,Andalucía,Other,2012-01-01
ES,Cataluña/Catalunya,Manufacturing & Logistics,2012-01-01
ES,Galicia,Analytics & AI,2012-01-01
ES,Andalucía,Energy,2011-01-01
ES,Comunidad de Madrid,Analytics & AI,2011-01-01
ES,Andalucía,Clean Tech & Energy,2011-01-01
ES,Comunidad de Madrid,Entertainment & Media,2011-01-01
ES,Comunitat Valenciana,E-Commerce & Retail,2011-01-01
ES,Cataluña/Catalunya,Other,2011-01-01
ES,Andalucía,Hardware & Semiconductors,2011-01-01
ES,Comunidad de Madrid,Software & SaaS,2011-01-01
ES,Comunitat Valenciana,Entertainment & Media,2011-01-01
ES,Cataluña/Catalunya,Advertising & Marketing,2011-01-01
ES,Cataluña/Catalunya,Advertising & Marketing,2011-01-01
ES,Castilla y León,Software & SaaS,2011-01-01
ES,Comunidad de Madrid,Finance & FinTech,2011-01-01
ES,Cataluña/Catalunya,Healthcare,2011-01-01
ES,Cataluña/Catalunya,Other,2011-01-01
ES,Cataluña/Catalunya,Healthcare,2011-01-01
ES,Comunidad de Madrid,Finance & FinTech,2011-01-01
ES,Andalucía,Analytics & AI,2011-01-01
ES,Cataluña/Catalunya,Other,2010-01-01
ES,Comunidad de Madrid,Software & SaaS,2010-01-01
ES,Cataluña/Catalunya,Travel & Hospitality,2010-01-01
ES,Galicia,Advertising & Marketing,2010-01-01
ES,Comunidad de Madrid,Software & SaaS,2010-01-01
ES,Comunitat Valenciana,Travel & Hospitality,2010-01-01
ES,Illes Balears,Advertising & Marketing,2010-01-01
ES,Andalucía,Other,2010-01-01
ES,Comunidad de Madrid,Security,2010-01-01
ES,Cataluña/Catalunya,Real Estate,2010-01-01
ES,Andalucía,Other,2010-01-01
ES,Cataluña/Catalunya,Energy,2010-01-01
ES,Comunidad de Madrid,Software & SaaS,2010-01-01
ES,Cataluña/Catalunya,Software & SaaS,2009-01-01
ES,Cataluña/Catalunya,Advertising & Marketing,2009-01-01
ES,Comunidad de Madrid,Advertising & Marketing,2009-01-01
ES,Comunidad de Madrid,Travel & Hospitality,2008-01-01
ES,Castilla-La Mancha,Other,2008-01-01
ES,Cataluña/Catalunya,Software & SaaS,2008-01-01
ES,Andalucía,Other,2008-01-01
ES,Cataluña/Catalunya,Other,2008-01-01
ES,Comunidad de Madrid,Education,2008-01-01
ES,Comunitat Valenciana,Other,2008-01-01
ES,Comunidad de Madrid,Other,2007-01-01
ES,Cataluña/Catalunya,E-Commerce & Retail,2006-01-01
ES,Comunidad de Madrid,Finance & FinTech,2005-01-01
ES,Comunitat Valenciana,Other,2004-01-01
ES,Cataluña/Catalunya,Social & Communication,2004-01-01
ES,Aragón,Other,2004-01-01
ES,Comunitat Valenciana,E-Commerce & Retail,2004-01-01
IT,Lazio,Travel & Hospitality,2025-01-01
IT,Lombardia,Software & SaaS,2023-01-01
IT,Abruzzo,Other,2012-01-01
IT,Liguria,Other,2021-01-01
IT,Lombardia,Analytics & AI,2025-01-01
IT,Lombardia,Other,2013-01-01
IT,Campania,Security,2025-01-01
IT,Trentino-Alto Adige/Südtirol,Manufacturing & Logistics,2021-01-01
IT,Toscana,Entertainment & Media,2024-01-01
IT,Friuli-Venezia Giulia,Other,2025-01-01
IT,Lombardia,Healthcare,2017-01-01
IT,Lombardia,Clean Tech & Energy,2024-01-01
IT,Lombardia,Energy,2023-01-01
IT,Lazio,Analytics & AI,2025-01-01
IT,Veneto,Other,2024-01-01
IT,Campania,Other,2025-01-01
IT,Lazio,Other,2024-01-01
IT,Emilia-Romagna,E-Commerce & Retail,2023-01-01
IT,Lombardia,Hardware & Semiconductors,2023-01-01
IT,Lombardia,Software & SaaS,2023-01-01
IT,Toscana,Education,2022-01-01
IT,Veneto,Software & SaaS,2022-01-01
IT,Lombardia,Other,2022-01-01
IT,Lazio,Analytics & AI,2024-01-01
IT,Lombardia,Hardware & Semiconductors,2025-01-01
IT,Lombardia,Analytics & AI,2025-01-01
IT,Lombardia,Other,2025-01-01
IT,Lombardia,Analytics & AI,2022-01-01
IT,Lombardia,Analytics & AI,2020-01-01
IT,Emilia-Romagna,Software & SaaS,2025-01-01
IT,Lombardia,Clean Tech & Energy,2025-01-01
IT,Lombardia,Other,2017-01-01
IT,Calabria,Software & SaaS,2018-01-01
IT,Lazio,Education,2018-01-01
IT,Emilia-Romagna,Analytics & AI,2019-01-01
IT,Puglia,Entertainment & Media,2020-01-01
IT,Lazio,Software & SaaS,2021-01-01
IT,Lombardia,Other,2021-01-01
IT,Veneto,Other,2022-01-01
IT,Emilia-Romagna,Entertainment & Media,2022-01-01
IT,Lombardia,Finance & FinTech,2022-01-01
IT,Piemonte,Other,2022-01-01
IT,Sardegna,Software & SaaS,2022-01-01
IT,Emilia-Romagna,Healthcare,2022-01-01
IT,Emilia-Romagna,Other,2022-01-01
IT,Lazio,Energy,2022-01-01
IT,Lombardia,Manufacturing & Logistics,2022-01-01
IT,Liguria,Travel & Hospitality,2022-01-01
IT,Sicilia,Real Estate,2022-01-01
IT,Piemonte,Other,2023-01-01
IT,Toscana,Other,2023-01-01
IT,Sardegna,Healthcare,2023-01-01
IT,Marche,Software & SaaS,2023-01-01
IT,Lombardia,Finance & FinTech,2023-01-01
IT,Valle d'Aosta/Vallée d'Aoste,Manufacturing & Logistics,2023-01-01
IT,Lazio,Healthcare,2023-01-01
IT,Friuli-Venezia Giulia,Finance & FinTech,2023-01-01
IT,Campania,Other,2023-01-01
IT,Lazio,Manufacturing & Logistics,2023-01-01
IT,Lombardia,Analytics & AI,2023-01-01
IT,Lazio,Other,2023-01-01
IT,Lazio,Social & Communication,2024-01-01
IT,Lombardia,Other,2024-01-01
IT,Abruzzo,Manufacturing & Logistics,2024-01-01
IT,Lombardia,Analytics & AI,2024-01-01
IT,Lombardia,Analytics & AI,2024-01-01
IT,Lombardia,Healthcare,2024-01-01
IT,Lombardia,Education,2024-01-01
IT,Campania,Healthcare,2024-01-01
IT,Lombardia,Other,2024-01-01
IT,Liguria,Analytics & AI,2024-01-01
IT,Piemonte,Other,2024-01-01
IT,Sicilia,Analytics & AI,2024-01-01
IT,Lombardia,Software & SaaS,2024-01-01
IT,Emilia-Romagna,Biotechnology,2024-01-01
IT,Emilia-Romagna,Finance & FinTech,2024-01-01
IT,Lazio,Other,2024-01-01
IT,Lombardia,Other,2024-01-01
IT,Lazio,Security,2024-01-01
IT,Piemonte,Hardware & Semiconductors,2024-01-01
IT,Toscana,Healthcare,2025-01-01
IT,Toscana,Security,2025-01-01
IT,Piemonte,Analytics & AI,2025-01-01
IT,Lombardia,Finance & FinTech,2025-01-01
IT,Puglia,Other,2023-01-01
IT,Puglia,Software & SaaS,2025-01-01
IT,Piemonte,Mobile,2024-01-01
IT,Lazio,Software & SaaS,2015-01-01
IT,Abruzzo,Finance & FinTech,2022-01-01
IT,Campania,Analytics & AI,2024-01-01
IT,Lombardia,E-Commerce & Retail,2021-01-01
IT,Lombardia,Clean Tech & Energy,2024-01-01
IT,Piemonte,Clean Tech & Energy,2024-01-01
IT,Lombardia,Mobile,2022-01-01
IT,Lombardia,Software & SaaS,2024-01-01
IT,Lombardia,Analytics & AI,2024-01-01
IT,Lombardia,Other,2024-01-01
IT,Lombardia,Other,2024-01-01
IT,Lombardia,Analytics & AI,2022-01-01
IT,Toscana,Advertising & Marketing,2016-01-01
IT,Piemonte,Software & SaaS,2024-01-01
IT,Emilia-Romagna,Manufacturing & Logistics,2023-01-01
IT,Lombardia,Software & SaaS,2024-01-01
IT,Campania,Travel & Hospitality,2023-01-01
IT,Lombardia,Entertainment & Media,2016-01-01
IT,Piemonte,Finance & FinTech,2024-01-01
IT,Toscana,Other,2019-01-01
IT,Lombardia,Other,2024-01-01
IT,Valle d'Aosta/Vallée d'Aoste,Other,2024-01-01
IT,Lazio,Other,2020-01-01
IT,Lombardia,Software & SaaS,2024-01-01
IT,Sicilia,Travel & Hospitality,2024-01-01
IT,Sicilia,Other,2024-01-01
IT,Lombardia,Software & SaaS,2024-01-01
IT,Campania,Entertainment & Media,2024-01-01
IT,Lombardia,Analytics & AI,2024-01-01
IT,Lombardia,E-Commerce & Retail,2024-01-01
IT,Lombardia,Finance & FinTech,2024-01-01
IT,Veneto,Analytics & AI,2024-01-01
IT,Lazio,Other,2020-01-01
IT,Veneto,Software & SaaS,2024-01-01
IT,Veneto,Real Estate,2023-01-01
IT,Veneto,Software & SaaS,2009-01-01
IT,Lombardia,Other,2024-01-01
IT,Lombardia,Other,2024-01-01
IT,Veneto,Advertising & Marketing,2024-01-01
IT,Veneto,Clean Tech & Energy,2019-01-01
IT,Friuli-Venezia Giulia,Analytics & AI,2018-01-01
IT,Campania,Manufacturing & Logistics,2020-01-01
IT,Lombardia,Healthcare,2021-01-01
IT,Piemonte,Software & SaaS,2019-01-01
IT,Piemonte,Software & SaaS,2022-01-01
IT,Piemonte,Manufacturing & Logistics,2021-01-01
IT,Lazio,E-Commerce & Retail,2021-01-01
IT,Lombardia,Analytics & AI,2020-01-01
IT,Lazio,Clean Tech & Energy,2018-01-01
IT,Lombardia,Clean Tech & Energy,2023-01-01
IT,Piemonte,Software & SaaS,2020-01-01
IT,Piemonte,Software & SaaS,2021-01-01
IT,Emilia-Romagna,Energy,2020-01-01
IT,Campania,Travel & Hospitality,2024-01-01
IT,Lombardia,Clean Tech & Energy,2021-01-01
IT,Emilia-Romagna,Hardware & Semiconductors,2022-01-01
IT,Puglia,Manufacturing & Logistics,2021-01-01
IT,Lombardia,Analytics & AI,2022-01-01
IT,Sardegna,Clean Tech & Energy,2020-01-01
IT,Lombardia,Finance & FinTech,2021-01-01
IT,Emilia-Romagna,Manufacturing & Logistics,2021-01-01
IT,Calabria,Other,2019-01-01
IT,Lombardia,Software & SaaS,2018-01-01
IT,Puglia,Clean Tech & Energy,2020-01-01
IT,Lombardia,Software & SaaS,2021-01-01
IT,Piemonte,Software & SaaS,2019-01-01
IT,Piemonte,Analytics & AI,2022-01-01
IT,Lombardia,Real Estate,2023-01-01
IT,Liguria,Manufacturing & Logistics,2021-01-01
IT,Lombardia,Finance & FinTech,2022-01-01
IT,Piemonte,Analytics & AI,2020-01-01
IT,Lazio,Analytics & AI,2021-01-01
IT,Lazio,Software & SaaS,2016-01-01
IT,Calabria,Education,2017-01-01
IT,Campania,Software & SaaS,2022-01-01
IT,Veneto,Analytics & AI,2019-01-01
IT,Piemonte,Analytics & AI,2020-01-01
IT,Marche,Manufacturing & Logistics,2020-01-01
IT,Emilia-Romagna,Analytics & AI,2018-01-01
IT,Veneto,Clean Tech & Energy,2022-01-01
IT,Puglia,Software & SaaS,2022-01-01
IT,Toscana,Software & SaaS,2021-01-01
IT,Friuli-Venezia Giulia,Manufacturing & Logistics,2019-01-01
IT,Lazio,Finance & FinTech,2020-01-01
IT,Veneto,Software & SaaS,2022-01-01
IT,Campania,Energy,2022-01-01
IT,Emilia-Romagna,Software & SaaS,2018-01-01
IT,Abruzzo,Analytics & AI,2021-01-01
IT,Lombardia,Analytics & AI,2022-01-01
IT,Lombardia,Hardware & Semiconductors,2016-01-01
IT,Lombardia,Hardware & Semiconductors,2016-01-01
IT,Campania,Analytics & AI,2018-01-01
IT,Abruzzo,Analytics & AI,2021-01-01
IT,Lombardia,Clean Tech & Energy,2022-01-01
IT,Friuli-Venezia Giulia,Travel & Hospitality,2022-01-01
IT,Friuli-Venezia Giulia,Analytics & AI,2022-01-01
IT,Lazio,Software & SaaS,2021-01-01
IT,Puglia,Clean Tech & Energy,2022-01-01
IT,Campania,Software & SaaS,2023-01-01
IT,Lombardia,Analytics & AI,2022-01-01
IT,Abruzzo,E-Commerce & Retail,2009-01-01
IT,Veneto,Other,2024-01-01
IT,Lombardia,Manufacturing & Logistics,2022-01-01
IT,Piemonte,Entertainment & Media,2021-01-01
IT,Lombardia,Other,2021-01-01
IT,Toscana,Analytics & AI,2018-01-01
IT,Lombardia,Education,2022-01-01
IT,Piemonte,Other,2022-01-01
IT,Lombardia,Other,2023-01-01
IT,Emilia-Romagna,Entertainment & Media,2013-01-01
IT,Liguria,Software & SaaS,2016-01-01
IT,Lombardia,Software & SaaS,2014-01-01
IT,Lombardia,Advertising & Marketing,2023-01-01
IT,Lombardia,E-Commerce & Retail,2023-01-01
IT,Veneto,Clean Tech & Energy,2023-01-01
IT,Lombardia,E-Commerce & Retail,2022-01-01
IT,Lazio,Clean Tech & Energy,2021-01-01
IT,Lombardia,Security,2022-01-01
IT,Lombardia,Other,2020-01-01
IT,Trentino-Alto Adige/Südtirol,Travel & Hospitality,2023-01-01
IT,Piemonte,Entertainment & Media,2023-01-01
IT,Lazio,Finance & FinTech,2023-01-01
IT,Emilia-Romagna,Software & SaaS,2022-01-01
IT,Piemonte,Biotechnology,2023-01-01
IT,Lombardia,Software & SaaS,2023-01-01
IT,Sicilia,Software & SaaS,2024-01-01
IT,Lazio,E-Commerce & Retail,2021-01-01
IT,Toscana,E-Commerce & Retail,2021-01-01
IT,Piemonte,Manufacturing & Logistics,2021-01-01
IT,Emilia-Romagna,Other,2024-01-01
IT,Sicilia,Other,2023-01-01
IT,Piemonte,Software & SaaS,2023-01-01
IT,Trentino-Alto Adige/Südtirol,Analytics & AI,2023-01-01
IT,Umbria,Other,2023-01-01
IT,Lombardia,Healthcare,2021-01-01
IT,Lombardia,Analytics & AI,2023-01-01
IT,Sicilia,Software & SaaS,2023-01-01
IT,Emilia-Romagna,E-Commerce & Retail,2023-01-01
IT,Lombardia,E-Commerce & Retail,2023-01-01
IT,Sardegna,Other,2022-01-01
IT,Lombardia,Finance & FinTech,2021-01-01
IT,Lombardia,Analytics & AI,2023-01-01
IT,Piemonte,Other,2023-01-01
IT,Liguria,Clean Tech & Energy,2021-01-01
IT,Trentino-Alto Adige/Südtirol,Other,2004-01-01
IT,Lombardia,Other,2023-01-01
IT,Lombardia,Advertising & Marketing,2023-01-01
IT,Lombardia,Software & SaaS,2023-01-01
IT,Veneto,Travel & Hospitality,2023-01-01
IT,Lazio,Other,2023-01-01
IT,Friuli-Venezia Giulia,Software & SaaS,2021-01-01
IT,Lombardia,Other,2019-01-01
IT,Marche,Other,2023-01-01
IT,Lombardia,Other,2021-01-01
IT,Friuli-Venezia Giulia,Other,2013-01-01
IT,Lazio,Software & SaaS,2023-01-01
IT,Lazio,Analytics & AI,2021-01-01
IT,Lombardia,Analytics & AI,2023-01-01
IT,Toscana,Other,2011-01-01
IT,Lombardia,Other,2022-01-01
IT,Piemonte,Analytics & AI,2022-01-01
IT,Campania,Software & SaaS,2021-01-01
IT,Lombardia,Social & Communication,2023-01-01
IT,Lombardia,Clean Tech & Energy,2023-01-01
IT,Sicilia,Manufacturing & Logistics,2023-01-01
IT,Piemonte,Other,2023-01-01
IT,Veneto,Other,2023-01-01
IT,Piemonte,Software & SaaS,2023-01-01
IT,Lombardia,Travel & Hospitality,2023-01-01
IT,Lombardia,Analytics & AI,2023-01-01
IT,Lombardia,Other,2023-01-01
IT,Lazio,Other,2023-01-01
IT,Lazio,Entertainment & Media,2023-01-01
IT,Liguria,Software & SaaS,2023-01-01
IT,Toscana,Healthcare,2023-01-01
IT,Emilia-Romagna,Real Estate,2023-01-01
IT,Lombardia,E-Commerce & Retail,2023-01-01
IT,Lombardia,Mobile,2023-01-01
IT,Piemonte,Clean Tech & Energy,2023-01-01
IT,Campania,Software & SaaS,2023-01-01
IT,Emilia-Romagna,Software & SaaS,2023-01-01
IT,Trentino-Alto Adige/Südtirol,Travel & Hospitality,2022-01-01
IT,Lazio,E-Commerce & Retail,2022-01-01
IT,Lombardia,Advertising & Marketing,2022-01-01
IT,Lombardia,Software & SaaS,2022-01-01
IT,Lombardia,Other,2022-01-01
IT,Friuli-Venezia Giulia,Manufacturing & Logistics,2022-01-01
IT,Piemonte,Other,2022-01-01
IT,Marche,Entertainment & Media,2022-01-01
IT,Lazio,Software & SaaS,2022-01-01
IT,Lombardia,Other,2022-01-01
IT,Emilia-Romagna,Software & SaaS,2022-01-01
IT,Lombardia,Mobile,2022-01-01
IT,Toscana,Software & SaaS,2022-01-01
IT,Lazio,Software & SaaS,2022-01-01
IT,Sardegna,Finance & FinTech,2022-01-01
IT,Lombardia,Social & Communication,2022-01-01
IT,Sicilia,Other,2022-01-01
IT,Piemonte,Software & SaaS,2022-01-01
IT,Lazio,Other,2022-01-01
IT,Lombardia,Finance & FinTech,2022-01-01
IT,Lombardia,Other,2022-01-01
IT,Lazio,Other,2022-01-01
IT,Trentino-Alto Adige/Südtirol,Other,2022-01-01
IT,Lombardia,Other,2022-01-01
IT,Piemonte,Other,2022-01-01
IT,Lazio,Software & SaaS,2022-01-01
IT,Trentino-Alto Adige/Südtirol,Other,2022-01-01
IT,Puglia,Clean Tech & Energy,2022-01-01
IT,Lazio,Other,2022-01-01
IT,Lombardia,Healthcare,2022-01-01
IT,Toscana,Other,2022-01-01
IT,Veneto,Other,2022-01-01
IT,Campania,Manufacturing & Logistics,2022-01-01
IT,Veneto,Other,2022-01-01
IT,Piemonte,Finance & FinTech,2022-01-01
IT,Lombardia,Other,2022-01-01
IT,Lombardia,Security,2022-01-01
IT,Lombardia,Other,2022-01-01
IT,Lombardia,Clean Tech & Energy,2022-01-01
IT,Lazio,Security,2022-01-01
IT,Abruzzo,Other,2022-01-01
IT,Lombardia,Travel & Hospitality,2022-01-01
IT,Lombardia,Other,2022-01-01
IT,Emilia-Romagna,Software & SaaS,2022-01-01
IT,Lazio,Software & SaaS,2022-01-01
IT,Lombardia,Software & SaaS,2022-01-01
IT,Valle d'Aosta/Vallée d'Aoste,Education,2022-01-01
IT,Puglia,Healthcare,2022-01-01
IT,Lombardia,Manufacturing & Logistics,2022-01-01
IT,Piemonte,Advertising & Marketing,2022-01-01
IT,Lombardia,Travel & Hospitality,2022-01-01
IT,Lombardia,Other,2022-01-01
IT,Lombardia,Other,2022-01-01
IT,Lazio,Software & SaaS,2022-01-01
IT,Lazio,Software & SaaS,2022-01-01
IT,Lazio,Other,2022-01-01
IT,Trentino-Alto Adige/Südtirol,Healthcare,2022-01-01
IT,Lazio,Finance & FinTech,2022-01-01
IT,Lombardia,Healthcare,2022-01-01
IT,Lombardia,Finance & FinTech,2022-01-01
IT,Lombardia,Software & SaaS,2022-01-01
IT,Piemonte,Education,2022-01-01
IT,Emilia-Romagna,Advertising & Marketing,2022-01-01
IT,Lombardia,Hardware & Semiconductors,2022-01-01
IT,Campania,Advertising & Marketing,2022-01-01
IT,Lazio,Software & SaaS,2022-01-01
IT,Emilia-Romagna,Other,2022-01-01
IT,Puglia,Hardware & Semiconductors,2022-01-01
IT,Lombardia,Finance & FinTech,2022-01-01
IT,Lazio,Software & SaaS,2022-01-01
IT,Lombardia,E-Commerce & Retail,2022-01-01
IT,Piemonte,Other,2022-01-01
IT,Lombardia,Other,2022-01-01
IT,Lombardia,Mobile,2022-01-01
IT,Lombardia,Other,2022-01-01
IT,Lombardia,Software & SaaS,2022-01-01
IT,Lazio,Software & SaaS,2022-01-01
IT,Veneto,Other,2022-01-01
IT,Lazio,Advertising & Marketing,2022-01-01
IT,Lombardia,Software & SaaS,2022-01-01
IT,Veneto,Other,2022-01-01
IT,Lombardia,Analytics & AI,2022-01-01
IT,Lombardia,Travel & Hospitality,2022-01-01
IT,Toscana,Manufacturing & Logistics,2022-01-01
IT,Sicilia,Manufacturing & Logistics,2022-01-01
IT,Emilia-Romagna,Hardware & Semiconductors,2022-01-01
IT,Piemonte,Clean Tech & Energy,2022-01-01
IT,Puglia,Other,2022-01-01
IT,Lombardia,Software & SaaS,2022-01-01
IT,Friuli-Venezia Giulia,Other,2022-01-01
IT,Lombardia,Entertainment & Media,2022-01-01
IT,Emilia-Romagna,Other,2022-01-01
IT,Lombardia,Clean Tech & Energy,2022-01-01
IT,Lazio,Education,2022-01-01
IT,Veneto,Other,2022-01-01
IT,Lombardia,Clean Tech & Energy,2022-01-01
IT,Sicilia,Finance & FinTech,2022-01-01
IT,Lazio,Manufacturing & Logistics,2022-01-01
IT,Lombardia,Biotechnology,2022-01-01
IT,Lombardia,Other,2022-01-01
IT,Toscana,Analytics & AI,2022-01-01
IT,Emilia-Romagna,Analytics & AI,2022-01-01
IT,Lombardia,Energy,2022-01-01
IT,Veneto,Social & Communication,2022-01-01
IT,Lombardia,Education,2022-01-01
IT,Piemonte,Other,2021-01-01
IT,Lombardia,Finance & FinTech,2021-01-01
IT,Friuli-Venezia Giulia,Analytics & AI,2021-01-01
IT,Lazio,Software & SaaS,2021-01-01
IT,Campania,E-Commerce & Retail,2021-01-01
IT,Puglia,Clean Tech & Energy,2021-01-01
IT,Lombardia,Finance & FinTech,2021-01-01
IT,Liguria,E-Commerce & Retail,2021-01-01
IT,Lombardia,Other,2021-01-01
IT,Lazio,Software & SaaS,2021-01-01
IT,Lombardia,Healthcare,2021-01-01
IT,Lazio,Other,2021-01-01
IT,Lombardia,Finance & FinTech,2021-01-01
IT,Trentino-Alto Adige/Südtirol,Other,2021-01-01
IT,Piemonte,Education,2021-01-01
IT,Lazio,Analytics & AI,2021-01-01
IT,Piemonte,Clean Tech & Energy,2021-01-01
IT,Emilia-Romagna,Software & SaaS,2021-01-01
IT,Veneto,Manufacturing & Logistics,2021-01-01
IT,Abruzzo,Finance & FinTech,2021-01-01
IT,Lombardia,Travel & Hospitality,2021-01-01
IT,Friuli-Venezia Giulia,Other,2021-01-01
IT,Veneto,Advertising & Marketing,2021-01-01
IT,Veneto,Software & SaaS,2021-01-01
IT,Emilia-Romagna,Software & SaaS,2021-01-01
IT,Puglia,Healthcare,2021-01-01
IT,Lombardia,Biotechnology,2021-01-01
IT,Piemonte,Hardware & Semiconductors,2021-01-01
IT,Puglia,Analytics & AI,2021-01-01
IT,Lombardia,Other,2021-01-01
IT,Lombardia,Other,2021-01-01
IT,Lombardia,Hardware & Semiconductors,2021-01-01
IT,Calabria,Software & SaaS,2021-01-01
IT,Liguria,Manufacturing & Logistics,2021-01-01
IT,Lombardia,Mobile,2021-01-01
IT,Piemonte,Clean Tech & Energy,2021-01-01
IT,Lombardia,Advertising & Marketing,2021-01-01
IT,Piemonte,Biotechnology,2021-01-01
IT,Campania,Software & SaaS,2021-01-01
IT,Lombardia,Finance & FinTech,2021-01-01
IT,Sicilia,Manufacturing & Logistics,2021-01-01
IT,Lazio,E-Commerce & Retail,2021-01-01
IT,Lazio,Software & SaaS,2021-01-01
IT,Lombardia,E-Commerce & Retail,2021-01-01
IT,Abruzzo,Clean Tech & Energy,2021-01-01
IT,Lombardia,E-Commerce & Retail,2021-01-01
IT,Lazio,Finance & FinTech,2021-01-01
IT,Emilia-Romagna,Manufacturing & Logistics,2021-01-01
IT,Lombardia,Finance & FinTech,2021-01-01
IT,Lombardia,Finance & FinTech,2021-01-01
IT,Abruzzo,Analytics & AI,2021-01-01
IT,Puglia,Other,2021-01-01
IT,Abruzzo,Entertainment & Media,2021-01-01
IT,Piemonte,Software & SaaS,2021-01-01
IT,Toscana,Entertainment & Media,2021-01-01
IT,Lombardia,Entertainment & Media,2021-01-01
IT,Lombardia,Other,2021-01-01
IT,Lombardia,Education,2021-01-01
IT,Piemonte,Analytics & AI,2021-01-01
IT,Lazio,Mobile,2021-01-01
IT,Campania,E-Commerce & Retail,2021-01-01
IT,Lombardia,Manufacturing & Logistics,2021-01-01
IT,Lombardia,Real Estate,2021-01-01
IT,Lombardia,Advertising & Marketing,2021-01-01
IT,Emilia-Romagna,Analytics & AI,2021-01-01
IT,Abruzzo,Security,2021-01-01
IT,Lombardia,Finance & FinTech,2021-01-01
IT,Lombardia,Finance & FinTech,2021-01-01
IT,Puglia,Other,2021-01-01
IT,Trentino-Alto Adige/Südtirol,Entertainment & Media,2021-01-01
IT,Lombardia,E-Commerce & Retail,2021-01-01
IT,Lazio,Education,2021-01-01
IT,Lombardia,Education,2021-01-01
IT,Lombardia,Manufacturing & Logistics,2021-01-01
IT,Lombardia,Analytics & AI,2021-01-01
IT,Lombardia,Finance & FinTech,2021-01-01
IT,Trentino-Alto Adige/Südtirol,E-Commerce & Retail,2021-01-01
IT,Campania,Other,2021-01-01
IT,Lombardia,Finance & FinTech,2021-01-01
IT,Lombardia,Software & SaaS,2021-01-01
IT,Lombardia,Education,2021-01-01
IT,Lombardia,Finance & FinTech,2021-01-01
IT,Piemonte,Other,2021-01-01
IT,Lazio,Healthcare,2021-01-01
IT,Lazio,Software & SaaS,2021-01-01
IT,Emilia-Romagna,Other,2021-01-01
IT,Campania,Travel & Hospitality,2021-01-01
IT,Piemonte,Other,2021-01-01
IT,Campania,Software & SaaS,2021-01-01
IT,Lazio,Entertainment & Media,2021-01-01
IT,Puglia,Education,2021-01-01
IT,Lombardia,Finance & FinTech,2021-01-01
IT,Lazio,Social & Communication,2021-01-01
IT,Piemonte,Analytics & AI,2021-01-01
IT,Lazio,Other,2021-01-01
IT,Trentino-Alto Adige/Südtirol,Other,2021-01-01
IT,Lombardia,Education,2021-01-01
IT,Lombardia,Social & Communication,2021-01-01
IT,Lombardia,Manufacturing & Logistics,2021-01-01
IT,Lombardia,Other,2021-01-01
IT,Liguria,Analytics & AI,2021-01-01
IT,Trentino-Alto Adige/Südtirol,Other,2021-01-01
IT,Lombardia,Travel & Hospitality,2021-01-01
IT,Lombardia,Software & SaaS,2021-01-01
IT,Emilia-Romagna,Software & SaaS,2021-01-01
IT,Lombardia,Clean Tech & Energy,2021-01-01
IT,Lombardia,Healthcare,2021-01-01
IT,Piemonte,Hardware & Semiconductors,2021-01-01
IT,Lombardia,Entertainment & Media,2021-01-01
IT,Piemonte,Other,2021-01-01
IT,Campania,Other,2021-01-01
IT,Lombardia,E-Commerce & Retail,2021-01-01
IT,Lombardia,Finance & FinTech,2021-01-01
IT,Emilia-Romagna,Hardware & Semiconductors,2021-01-01
IT,Lombardia,Software & SaaS,2021-01-01
IT,Puglia,Software & SaaS,2021-01-01
IT,Emilia-Romagna,Manufacturing & Logistics,2021-01-01
IT,Lombardia,E-Commerce & Retail,2021-01-01
IT,Emilia-Romagna,Travel & Hospitality,2021-01-01
IT,Lombardia,Advertising & Marketing,2021-01-01
IT,Liguria,Other,2021-01-01
IT,Lazio,Software & SaaS,2021-01-01
IT,Lombardia,Entertainment & Media,2020-01-01
IT,Lombardia,Healthcare,2020-01-01
IT,Lombardia,Finance & FinTech,2020-01-01
IT,Piemonte,Analytics & AI,2020-01-01
IT,Calabria,Mobile,2020-01-01
IT,Lombardia,Biotechnology,2020-01-01
IT,Lombardia,E-Commerce & Retail,2020-01-01
IT,Lombardia,Finance & FinTech,2020-01-01
IT,Piemonte,E-Commerce & Retail,2020-01-01
IT,Molise,Software & SaaS,2020-01-01
IT,Lombardia,Analytics & AI,2020-01-01
IT,Piemonte,Real Estate,2020-01-01
IT,Lombardia,Manufacturing & Logistics,2020-01-01
IT,Trentino-Alto Adige/Südtirol,Software & SaaS,2020-01-01
IT,Lombardia,Other,2020-01-01
IT,Lombardia,Other,2020-01-01
IT,Emilia-Romagna,E-Commerce & Retail,2020-01-01
IT,Piemonte,Energy,2020-01-01
IT,Piemonte,Clean Tech & Energy,2020-01-01
IT,Lazio,Analytics & AI,2020-01-01
IT,Lazio,Other,2020-01-01
IT,Lombardia,Finance & FinTech,2020-01-01
IT,Lombardia,Entertainment & Media,2020-01-01
IT,Lazio,Analytics & AI,2020-01-01
IT,Lombardia,Finance & FinTech,2020-01-01
IT,Puglia,Mobile,2020-01-01
IT,Emilia-Romagna,Mobile,2020-01-01
IT,Lombardia,Mobile,2020-01-01
IT,Veneto,Software & SaaS,2020-01-01
IT,Marche,Mobile,2020-01-01
IT,Lombardia,E-Commerce & Retail,2020-01-01
IT,Lombardia,Software & SaaS,2020-01-01
IT,Lombardia,Biotechnology,2020-01-01
IT,Lombardia,Healthcare,2020-01-01
IT,Lombardia,Education,2020-01-01
IT,Lazio,Analytics & AI,2020-01-01
IT,Lombardia,Travel & Hospitality,2020-01-01
IT,Emilia-Romagna,Other,2020-01-01
IT,Piemonte,Clean Tech & Energy,2020-01-01
IT,Campania,Travel & Hospitality,2020-01-01
IT,Piemonte,Finance & FinTech,2020-01-01
IT,Lombardia,Software & SaaS,2020-01-01
IT,Toscana,Analytics & AI,2020-01-01
IT,Lombardia,Finance & FinTech,2020-01-01
IT,Puglia,E-Commerce & Retail,2020-01-01
IT,Lombardia,Analytics & AI,2020-01-01
IT,Veneto,Education,2020-01-01
IT,Lombardia,E-Commerce & Retail,2020-01-01
IT,Lombardia,Manufacturing & Logistics,2020-01-01
IT,Trentino-Alto Adige/Südtirol,Healthcare,2020-01-01
IT,Lombardia,Mobile,2020-01-01
IT,Lazio,Education,2020-01-01
IT,Lombardia,Mobile,2020-01-01
IT,Lombardia,Other,2020-01-01
IT,Lombardia,E-Commerce & Retail,2020-01-01
IT,Trentino-Alto Adige/Südtirol,Software & SaaS,2020-01-01
IT,Emilia-Romagna,Entertainment & Media,2020-01-01
IT,Lazio,Entertainment & Media,2020-01-01
IT,Liguria,Energy,2020-01-01
IT,Friuli-Venezia Giulia,Finance & FinTech,2020-01-01
IT,Lombardia,Analytics & AI,2020-01-01
IT,Friuli-Venezia Giulia,Travel & Hospitality,2020-01-01
IT,Lombardia,Analytics & AI,2020-01-01
IT,Marche,Healthcare,2020-01-01
IT,Lombardia,Software & SaaS,2020-01-01
IT,Liguria,Software & SaaS,2020-01-01
IT,Lombardia,Software & SaaS,2020-01-01
IT,Abruzzo,Mobile,2020-01-01
IT,Abruzzo,Software & SaaS,2020-01-01
IT,Marche,Education,2020-01-01
IT,Campania,Healthcare,2020-01-01
IT,Campania,Social & Communication,2020-01-01
IT,Lazio,E-Commerce & Retail,2020-01-01
IT,Emilia-Romagna,E-Commerce & Retail,2020-01-01
IT,Piemonte,Software & SaaS,2020-01-01
IT,Lombardia,Security,2020-01-01
IT,Lombardia,Software & SaaS,2020-01-01
IT,Lazio,Other,2020-01-01
IT,Emilia-Romagna,Software & SaaS,2020-01-01
IT,Campania,E-Commerce & Retail,2020-01-01
IT,Lombardia,E-Commerce & Retail,2020-01-01
IT,Campania,Advertising & Marketing,2020-01-01
IT,Lombardia,Healthcare,2020-01-01
IT,Puglia,Analytics & AI,2020-01-01
IT,Lombardia,Travel & Hospitality,2020-01-01
IT,Lombardia,Analytics & AI,2020-01-01
IT,Toscana,Software & SaaS,2020-01-01
IT,Abruzzo,Finance & FinTech,2020-01-01
IT,Lazio,Software & SaaS,2020-01-01
IT,Lombardia,E-Commerce & Retail,2020-01-01
IT,Campania,Healthcare,2020-01-01
IT,Piemonte,Software & SaaS,2020-01-01
IT,Marche,Mobile,2020-01-01
IT,Lazio,Finance & FinTech,2020-01-01
IT,Marche,Education,2020-01-01
IT,Lazio,Analytics & AI,2020-01-01
IT,Veneto,Software & SaaS,2020-01-01
IT,Lombardia,Software & SaaS,2020-01-01
IT,Lazio,Healthcare,2020-01-01
IT,Lombardia,Healthcare,2020-01-01
IT,Lombardia,Manufacturing & Logistics,2020-01-01
IT,Lombardia,Software & SaaS,2020-01-01
IT,Lombardia,E-Commerce & Retail,2020-01-01
IT,Lombardia,Other,2020-01-01
IT,Piemonte,Analytics & AI,2020-01-01
IT,Lazio,Analytics & AI,2020-01-01
IT,Toscana,Travel & Hospitality,2020-01-01
IT,Veneto,E-Commerce & Retail,2020-01-01
IT,Campania,Entertainment & Media,2020-01-01
IT,Campania,Other,2020-01-01
IT,Lazio,Other,2020-01-01
IT,Lombardia,Other,2020-01-01
IT,Lombardia,Energy,2020-01-01
IT,Lombardia,Software & SaaS,2020-01-01
IT,Piemonte,Other,2020-01-01
IT,Trentino-Alto Adige/Südtirol,Analytics & AI,2020-01-01
IT,Sicilia,Software & SaaS,2020-01-01
IT,Lazio,E-Commerce & Retail,2020-01-01
IT,Marche,Hardware & Semiconductors,2020-01-01
IT,Lazio,Analytics & AI,2020-01-01
IT,Friuli-Venezia Giulia,Other,2020-01-01
IT,Lazio,Other,2020-01-01
IT,Lazio,Clean Tech & Energy,2020-01-01
IT,Lombardia,Entertainment & Media,2020-01-01
IT,Lombardia,E-Commerce & Retail,2020-01-01
IT,Lombardia,Analytics & AI,2020-01-01
IT,Lombardia,Analytics & AI,2020-01-01
IT,Lombardia,Software & SaaS,2020-01-01
IT,Piemonte,Healthcare,2020-01-01
IT,Lombardia,Analytics & AI,2020-01-01
IT,Valle d'Aosta/Vallée d'Aoste,Analytics & AI,2020-01-01
IT,Piemonte,Other,2020-01-01
IT,Lombardia,Other,2020-01-01
IT,Lombardia,Other,2020-01-01
IT,Lombardia,Other,2020-01-01
IT,Lombardia,E-Commerce & Retail,2020-01-01
IT,Lombardia,Software & SaaS,2020-01-01
IT,Lombardia,Travel & Hospitality,2020-01-01
IT,Lombardia,Analytics & AI,2020-01-01
IT,Lombardia,Manufacturing & Logistics,2020-01-01
IT,Lombardia,Other,2020-01-01
IT,Lombardia,Analytics & AI,2020-01-01
IT,Lombardia,E-Commerce & Retail,2020-01-01
IT,Lazio,Advertising & Marketing,2020-01-01
IT,Abruzzo,Other,2020-01-01
IT,Liguria,Entertainment & Media,2020-01-01
IT,Campania,Other,2020-01-01
IT,Veneto,Other,2020-01-01
IT,Lombardia,Other,2020-01-01
IT,Lombardia,Healthcare,2020-01-01
IT,Lombardia,Finance & FinTech,2020-01-01
IT,Toscana,Other,2020-01-01
IT,Veneto,Healthcare,2020-01-01
IT,Lombardia,Advertising & Marketing,2020-01-01
IT,Basilicata,Software & SaaS,2020-01-01
IT,Lombardia,Real Estate,2020-01-01
IT,Sicilia,Other,2020-01-01
IT,Trentino-Alto Adige/Südtirol,Advertising & Marketing,2020-01-01
IT,Lombardia,E-Commerce & Retail,2020-01-01
IT,Lombardia,Advertising & Marketing,2020-01-01
IT,Lombardia,Advertising & Marketing,2019-01-01
IT,Toscana,Analytics & AI,2019-01-01
IT,Lombardia,Other,2019-01-01
IT,Trentino-Alto Adige/Südtirol,Clean Tech & Energy,2019-01-01
IT,Lombardia,Finance & FinTech,2019-01-01
IT,Sardegna,Real Estate,2019-01-01
IT,Liguria,Social & Communication,2019-01-01
IT,Lombardia,Real Estate,2019-01-01
IT,Lombardia,Other,2019-01-01
IT,Lazio,Other,2019-01-01
IT,Lombardia,Healthcare,2019-01-01
IT,Lombardia,Other,2019-01-01
IT,Sicilia,Analytics & AI,2019-01-01
IT,Piemonte,Education,2019-01-01
IT,Piemonte,Entertainment & Media,2019-01-01
IT,Lazio,Analytics & AI,2019-01-01
IT,Lombardia,Finance & FinTech,2019-01-01
IT,Toscana,Other,2019-01-01
IT,Lombardia,E-Commerce & Retail,2019-01-01
IT,Lazio,Travel & Hospitality,2019-01-01
IT,Lombardia,Mobile,2019-01-01
IT,Emilia-Romagna,Other,2019-01-01
IT,Liguria,Healthcare,2019-01-01
IT,Lazio,Education,2019-01-01
IT,Veneto,Software & SaaS,2019-01-01
IT,Piemonte,Analytics & AI,2019-01-01
IT,Lombardia,Analytics & AI,2019-01-01
IT,Campania,Software & SaaS,2019-01-01
IT,Lombardia,Other,2019-01-01
IT,Piemonte,E-Commerce & Retail,2019-01-01
IT,Veneto,Biotechnology,2019-01-01
IT,Lombardia,E-Commerce & Retail,2019-01-01
IT,Campania,Entertainment & Media,2019-01-01
IT,Lombardia,Social & Communication,2019-01-01
IT,Toscana,Finance & FinTech,2019-01-01
IT,Lazio,Healthcare,2019-01-01
IT,Lombardia,Other,2019-01-01
IT,Lazio,E-Commerce & Retail,2019-01-01
IT,Lombardia,Software & SaaS,2019-01-01
IT,Lombardia,E-Commerce & Retail,2019-01-01
IT,Lazio,Manufacturing & Logistics,2019-01-01
IT,Puglia,Mobile,2019-01-01
IT,Lombardia,Advertising & Marketing,2019-01-01
IT,Trentino-Alto Adige/Südtirol,Hardware & Semiconductors,2019-01-01
IT,Liguria,Social & Communication,2019-01-01
IT,Lombardia,Software & SaaS,2019-01-01
IT,Lombardia,Healthcare,2019-01-01
IT,Lombardia,E-Commerce & Retail,2019-01-01
IT,Lombardia,Education,2019-01-01
IT,Emilia-Romagna,Advertising & Marketing,2019-01-01
IT,Lombardia,Security,2019-01-01
IT,Liguria,Software & SaaS,2019-01-01
IT,Lombardia,E-Commerce & Retail,2019-01-01
IT,Lazio,Manufacturing & Logistics,2019-01-01
IT,Veneto,Software & SaaS,2019-01-01
IT,Lombardia,Travel & Hospitality,2019-01-01
IT,Lombardia,Other,2019-01-01
IT,Lombardia,Software & SaaS,2019-01-01
IT,Piemonte,Clean Tech & Energy,2019-01-01
IT,Veneto,Entertainment & Media,2019-01-01
IT,Lombardia,Finance & FinTech,2019-01-01
IT,Lombardia,Software & SaaS,2019-01-01
IT,Abruzzo,E-Commerce & Retail,2019-01-01
IT,Abruzzo,Manufacturing & Logistics,2019-01-01
IT,Piemonte,Mobile,2019-01-01
IT,Lazio,Hardware & Semiconductors,2019-01-01
IT,Marche,Software & SaaS,2019-01-01
IT,Lombardia,Travel & Hospitality,2019-01-01
IT,Lazio,Mobile,2019-01-01
IT,Veneto,Manufacturing & Logistics,2019-01-01
IT,Abruzzo,Travel & Hospitality,2019-01-01
IT,Veneto,Education,2019-01-01
IT,Lombardia,Healthcare,2019-01-01
IT,Lazio,Analytics & AI,2019-01-01
IT,Lombardia,Other,2019-01-01
IT,Lombardia,Finance & FinTech,2019-01-01
IT,Abruzzo,Biotechnology,2019-01-01
IT,Piemonte,Advertising & Marketing,2019-01-01
IT,Lombardia,Real Estate,2019-01-01
IT,Campania,Software & SaaS,2019-01-01
IT,Emilia-Romagna,Analytics & AI,2019-01-01
IT,Abruzzo,Software & SaaS,2019-01-01
IT,Sardegna,Advertising & Marketing,2019-01-01
IT,Emilia-Romagna,Analytics & AI,2019-01-01
IT,Lombardia,E-Commerce & Retail,2019-01-01
IT,Emilia-Romagna,Software & SaaS,2019-01-01
IT,Lombardia,Analytics & AI,2019-01-01
IT,Lombardia,Finance & FinTech,2019-01-01
IT,Lombardia,Biotechnology,2019-01-01
IT,Abruzzo,Finance & FinTech,2019-01-01
IT,Puglia,Mobile,2019-01-01
IT,Puglia,Finance & FinTech,2019-01-01
IT,Lombardia,Advertising & Marketing,2019-01-01
IT,Lazio,Other,2019-01-01
IT,Lazio,Finance & FinTech,2019-01-01
IT,Lombardia,Social & Communication,2019-01-01
IT,Piemonte,Software & SaaS,2019-01-01
IT,Lombardia,Finance & FinTech,2019-01-01
IT,Lombardia,Manufacturing & Logistics,2019-01-01
IT,Piemonte,Advertising & Marketing,2019-01-01
IT,Lombardia,Healthcare,2019-01-01
IT,Lombardia,Biotechnology,2019-01-01
IT,Lazio,Education,2019-01-01
IT,Emilia-Romagna,Other,2019-01-01
IT,Lombardia,Finance & FinTech,2019-01-01
IT,Abruzzo,Advertising & Marketing,2019-01-01
IT,Lazio,Software & SaaS,2019-01-01
IT,Puglia,Mobile,2019-01-01
IT,Veneto,Other,2019-01-01
IT,Piemonte,E-Commerce & Retail,2019-01-01
IT,Campania,E-Commerce & Retail,2019-01-01
IT,Emilia-Romagna,Software & SaaS,2019-01-01
IT,Abruzzo,Finance & FinTech,2019-01-01
IT,Campania,Advertising & Marketing,2019-01-01
IT,Abruzzo,Software & SaaS,2019-01-01
IT,Lombardia,Travel & Hospitality,2019-01-01
IT,Trentino-Alto Adige/Südtirol,Healthcare,2019-01-01
IT,Lombardia,Finance & FinTech,2019-01-01
IT,Lazio,Software & SaaS,2019-01-01
IT,Lombardia,Finance & FinTech,2019-01-01
IT,Sicilia,E-Commerce & Retail,2019-01-01
IT,Trentino-Alto Adige/Südtirol,Entertainment & Media,2019-01-01
IT,Lombardia,Education,2019-01-01
IT,Lombardia,Travel & Hospitality,2019-01-01
IT,Lombardia,Analytics & AI,2019-01-01
IT,Lombardia,Education,2019-01-01
IT,Puglia,Mobile,2019-01-01
IT,Lombardia,Software & SaaS,2019-01-01
IT,Piemonte,Software & SaaS,2019-01-01
IT,Lombardia,E-Commerce & Retail,2019-01-01
IT,Lombardia,Other,2019-01-01
IT,Lazio,Software & SaaS,2019-01-01
IT,Lombardia,Other,2019-01-01
IT,Lombardia,Real Estate,2019-01-01
IT,Piemonte,Analytics & AI,2019-01-01
IT,Lombardia,Other,2019-01-01
IT,Emilia-Romagna,Travel & Hospitality,2019-01-01
IT,Piemonte,Other,2019-01-01
IT,Veneto,Clean Tech & Energy,2019-01-01
IT,Lazio,Manufacturing & Logistics,2019-01-01
IT,Lombardia,Other,2019-01-01
IT,Lombardia,Biotechnology,2019-01-01
IT,Veneto,Travel & Hospitality,2019-01-01
IT,Lombardia,Clean Tech & Energy,2019-01-01
IT,Piemonte,Analytics & AI,2019-01-01
IT,Piemonte,Analytics & AI,2019-01-01
IT,Lombardia,Manufacturing & Logistics,2019-01-01
IT,Basilicata,Travel & Hospitality,2019-01-01
IT,Lombardia,Finance & FinTech,2019-01-01
IT,Basilicata,Manufacturing & Logistics,2019-01-01
IT,Lazio,Social & Communication,2019-01-01
IT,Lazio,Travel & Hospitality,2019-01-01
IT,Toscana,Healthcare,2019-01-01
IT,Campania,E-Commerce & Retail,2019-01-01
IT,Abruzzo,Other,2019-01-01
IT,Lombardia,Analytics & AI,2019-01-01
IT,Lazio,Entertainment & Media,2019-01-01
IT,Lombardia,Real Estate,2019-01-01
IT,Toscana,Software & SaaS,2019-01-01
IT,Piemonte,Manufacturing & Logistics,2019-01-01
IT,Lombardia,Finance & FinTech,2019-01-01
IT,Lombardia,Finance & FinTech,2019-01-01
IT,Lombardia,Entertainment & Media,2019-01-01
IT,Lombardia,Healthcare,2019-01-01
IT,Emilia-Romagna,Clean Tech & Energy,2019-01-01
IT,Lazio,Entertainment & Media,2019-01-01
IT,Lombardia,Hardware & Semiconductors,2019-01-01
IT,Lombardia,Finance & FinTech,2019-01-01
IT,Veneto,Other,2019-01-01
IT,Lombardia,Analytics & AI,2019-01-01
IT,Liguria,Healthcare,2019-01-01
IT,Toscana,Entertainment & Media,2019-01-01
IT,Lombardia,Clean Tech & Energy,2019-01-01
IT,Veneto,Software & SaaS,2018-01-01
IT,Lombardia,E-Commerce & Retail,2018-01-01
IT,Calabria,Analytics & AI,2018-01-01
IT,Lombardia,Other,2018-01-01
IT,Trentino-Alto Adige/Südtirol,Travel & Hospitality,2018-01-01
IT,Lazio,Travel & Hospitality,2018-01-01
IT,Lombardia,Finance & FinTech,2018-01-01
IT,Piemonte,Finance & FinTech,2018-01-01
IT,Lazio,Other,2018-01-01
IT,Sicilia,Social & Communication,2018-01-01
IT,Trentino-Alto Adige/Südtirol,Other,2018-01-01
IT,Lombardia,Clean Tech & Energy,2018-01-01
IT,Campania,Security,2018-01-01
IT,Lombardia,Software & SaaS,2018-01-01
IT,Lombardia,Mobile,2018-01-01
IT,Veneto,Other,2018-01-01
IT,Lazio,Software & SaaS,2018-01-01
IT,Emilia-Romagna,Advertising & Marketing,2018-01-01
IT,Toscana,Analytics & AI,2018-01-01
IT,Lombardia,Mobile,2018-01-01
IT,Lombardia,Software & SaaS,2018-01-01
IT,Lombardia,Other,2018-01-01
IT,Lombardia,Travel & Hospitality,2018-01-01
IT,Lombardia,Analytics & AI,2018-01-01
IT,Lombardia,Travel & Hospitality,2018-01-01
IT,Lombardia,Finance & FinTech,2018-01-01
IT,Lombardia,Other,2018-01-01
IT,Emilia-Romagna,Manufacturing & Logistics,2018-01-01
IT,Lazio,Software & SaaS,2018-01-01
IT,Lombardia,Software & SaaS,2018-01-01
IT,Lombardia,Other,2018-01-01
IT,Emilia-Romagna,Software & SaaS,2018-01-01
IT,Friuli-Venezia Giulia,Mobile,2018-01-01
IT,Marche,Travel & Hospitality,2018-01-01
IT,Piemonte,Mobile,2018-01-01
IT,Lombardia,Clean Tech & Energy,2018-01-01
IT,Lombardia,Finance & FinTech,2018-01-01
IT,Lombardia,Travel & Hospitality,2018-01-01
IT,Lazio,Finance & FinTech,2018-01-01
IT,Lombardia,Software & SaaS,2018-01-01
IT,Lazio,Other,2018-01-01
IT,Lombardia,Software & SaaS,2018-01-01
IT,Lombardia,Analytics & AI,2018-01-01
IT,Lombardia,Entertainment & Media,2018-01-01
IT,Lazio,Real Estate,2018-01-01
IT,Piemonte,Healthcare,2018-01-01
IT,Lazio,Biotechnology,2018-01-01
IT,Lombardia,E-Commerce & Retail,2018-01-01
IT,Lazio,Energy,2018-01-01
IT,Lombardia,Software & SaaS,2018-01-01
IT,Sicilia,Advertising & Marketing,2018-01-01
IT,Toscana,Mobile,2018-01-01
IT,Lazio,Finance & FinTech,2018-01-01
IT,Trentino-Alto Adige/Südtirol,Healthcare,2018-01-01
IT,Veneto,Finance & FinTech,2018-01-01
IT,Lombardia,Healthcare,2018-01-01
IT,Lombardia,Software & SaaS,2018-01-01
IT,Sardegna,E-Commerce & Retail,2018-01-01
IT,Toscana,Mobile,2018-01-01
IT,Lombardia,Analytics & AI,2018-01-01
IT,Campania,Travel & Hospitality,2018-01-01
IT,Trentino-Alto Adige/Südtirol,Manufacturing & Logistics,2018-01-01
IT,Puglia,Healthcare,2018-01-01
IT,Lazio,Healthcare,2018-01-01
IT,Emilia-Romagna,Manufacturing & Logistics,2018-01-01
IT,Emilia-Romagna,Finance & FinTech,2018-01-01
IT,Lombardia,E-Commerce & Retail,2018-01-01
IT,Veneto,Advertising & Marketing,2018-01-01
IT,Piemonte,Security,2018-01-01
IT,Lombardia,Analytics & AI,2018-01-01
IT,Lombardia,Analytics & AI,2018-01-01
IT,Lazio,Mobile,2018-01-01
IT,Lombardia,E-Commerce & Retail,2018-01-01
IT,Lombardia,Other,2018-01-01
IT,Emilia-Romagna,Analytics & AI,2018-01-01
IT,Lombardia,Healthcare,2018-01-01
IT,Friuli-Venezia Giulia,Analytics & AI,2018-01-01
IT,Lombardia,Mobile,2018-01-01
IT,Veneto,E-Commerce & Retail,2018-01-01
IT,Lazio,Advertising & Marketing,2018-01-01
IT,Lombardia,Travel & Hospitality,2018-01-01
IT,Lombardia,Manufacturing & Logistics,2018-01-01
IT,Lazio,Software & SaaS,2018-01-01
IT,Lombardia,Analytics & AI,2018-01-01
IT,Lazio,Other,2018-01-01
IT,Lombardia,Other,2018-01-01
IT,Lombardia,Other,2018-01-01
IT,Trentino-Alto Adige/Südtirol,Manufacturing & Logistics,2018-01-01
IT,Campania,Healthcare,2018-01-01
IT,Marche,Finance & FinTech,2018-01-01
IT,Lazio,Other,2018-01-01
IT,Lombardia,Entertainment & Media,2018-01-01
IT,Veneto,Advertising & Marketing,2018-01-01
IT,Lazio,Other,2018-01-01
IT,Lazio,Entertainment & Media,2018-01-01
IT,Lombardia,Healthcare,2018-01-01
IT,Lombardia,Real Estate,2018-01-01
IT,Lombardia,E-Commerce & Retail,2018-01-01
IT,Lombardia,Other,2018-01-01
IT,Lombardia,Other,2018-01-01
IT,Campania,Social & Communication,2018-01-01
IT,Lombardia,Finance & FinTech,2018-01-01
IT,Lombardia,Software & SaaS,2018-01-01
IT,Trentino-Alto Adige/Südtirol,Other,2018-01-01
IT,Lombardia,Finance & FinTech,2018-01-01
IT,Lombardia,Other,2018-01-01
IT,Lombardia,E-Commerce & Retail,2018-01-01
IT,Emilia-Romagna,Analytics & AI,2018-01-01
IT,Toscana,Software & SaaS,2018-01-01
IT,Emilia-Romagna,Other,2018-01-01
IT,Puglia,Other,2018-01-01
IT,Lombardia,Other,2018-01-01
IT,Sicilia,Software & SaaS,2018-01-01
IT,Piemonte,Other,2018-01-01
IT,Emilia-Romagna,Travel & Hospitality,2018-01-01
IT,Sicilia,Other,2018-01-01
IT,Lombardia,Finance & FinTech,2018-01-01
IT,Piemonte,Mobile,2018-01-01
IT,Lombardia,Finance & FinTech,2018-01-01
IT,Lombardia,Finance & FinTech,2018-01-01
IT,Emilia-Romagna,Software & SaaS,2018-01-01
IT,Lazio,Security,2018-01-01
IT,Piemonte,Other,2018-01-01
IT,Lazio,Finance & FinTech,2018-01-01
IT,Lazio,Other,2018-01-01
IT,Lombardia,Finance & FinTech,2018-01-01
IT,Lombardia,E-Commerce & Retail,2018-01-01
IT,Puglia,Software & SaaS,2017-01-01
IT,Toscana,Hardware & Semiconductors,2017-01-01
IT,Sicilia,Travel & Hospitality,2017-01-01
IT,Lombardia,Software & SaaS,2017-01-01
IT,Lombardia,Other,2017-01-01
IT,Lombardia,Education,2017-01-01
IT,Lombardia,Other,2017-01-01
IT,Toscana,Other,2017-01-01
IT,Piemonte,Healthcare,2017-01-01
IT,Veneto,Other,2017-01-01
IT,Sardegna,Entertainment & Media,2017-01-01
IT,Lombardia,Travel & Hospitality,2017-01-01
IT,Lombardia,E-Commerce & Retail,2017-01-01
IT,Lazio,Entertainment & Media,2017-01-01
IT,Friuli-Venezia Giulia,Manufacturing & Logistics,2017-01-01
IT,Abruzzo,Clean Tech & Energy,2017-01-01
IT,Lazio,Other,2017-01-01
IT,Piemonte,Biotechnology,2017-01-01
IT,Piemonte,Manufacturing & Logistics,2017-01-01
IT,Sardegna,Real Estate,2017-01-01
IT,Lombardia,E-Commerce & Retail,2017-01-01
IT,Lombardia,Manufacturing & Logistics,2017-01-01
IT,Lazio,Mobile,2017-01-01
IT,Lombardia,Travel & Hospitality,2017-01-01
IT,Lazio,Clean Tech & Energy,2017-01-01
IT,Toscana,Advertising & Marketing,2017-01-01
IT,Emilia-Romagna,Analytics & AI,2017-01-01
IT,Lombardia,Other,2017-01-01
IT,Veneto,Manufacturing & Logistics,2017-01-01
IT,Lombardia,Analytics & AI,2017-01-01
IT,Lombardia,Other,2017-01-01
IT,Lombardia,E-Commerce & Retail,2017-01-01
IT,Lombardia,Manufacturing & Logistics,2017-01-01
IT,Piemonte,Healthcare,2017-01-01
IT,Lombardia,Manufacturing & Logistics,2017-01-01
IT,Lombardia,E-Commerce & Retail,2017-01-01
IT,Lombardia,Software & SaaS,2017-01-01
IT,Lombardia,Education,2017-01-01
IT,Lombardia,Software & SaaS,2017-01-01
IT,Lombardia,Manufacturing & Logistics,2017-01-01
IT,Lombardia,Analytics & AI,2017-01-01
IT,Lombardia,Finance & FinTech,2017-01-01
IT,Piemonte,Software & SaaS,2017-01-01
IT,Lombardia,Other,2017-01-01
IT,Lombardia,Finance & FinTech,2017-01-01
IT,Lazio,Software & SaaS,2017-01-01
IT,Piemonte,Security,2017-01-01
IT,Lombardia,Healthcare,2017-01-01
IT,Lazio,Energy,2017-01-01
IT,Lombardia,Analytics & AI,2017-01-01
IT,Marche,Analytics & AI,2017-01-01
IT,Lombardia,Travel & Hospitality,2017-01-01
IT,Lazio,Manufacturing & Logistics,2017-01-01
IT,Sardegna,Mobile,2017-01-01
IT,Trentino-Alto Adige/Südtirol,Software & SaaS,2017-01-01
IT,Lombardia,Finance & FinTech,2017-01-01
IT,Piemonte,Other,2017-01-01
IT,Emilia-Romagna,Analytics & AI,2017-01-01
IT,Piemonte,E-Commerce & Retail,2017-01-01
IT,Veneto,E-Commerce & Retail,2017-01-01
IT,Emilia-Romagna,Manufacturing & Logistics,2017-01-01
IT,Emilia-Romagna,Clean Tech & Energy,2017-01-01
IT,Lombardia,Analytics & AI,2017-01-01
IT,Friuli-Venezia Giulia,Clean Tech & Energy,2017-01-01
IT,Toscana,Other,2017-01-01
IT,Lombardia,Software & SaaS,2017-01-01
IT,Liguria,Manufacturing & Logistics,2017-01-01
IT,Lombardia,Analytics & AI,2017-01-01
IT,Lazio,Healthcare,2017-01-01
IT,Toscana,Software & SaaS,2017-01-01
IT,Trentino-Alto Adige/Südtirol,Social & Communication,2017-01-01
IT,Piemonte,Analytics & AI,2017-01-01
IT,Lombardia,Analytics & AI,2017-01-01
IT,Lombardia,Finance & FinTech,2017-01-01
IT,Veneto,Manufacturing & Logistics,2017-01-01
IT,Lombardia,Finance & FinTech,2017-01-01
IT,Lombardia,Social & Communication,2017-01-01
IT,Basilicata,E-Commerce & Retail,2017-01-01
IT,Lombardia,Mobile,2017-01-01
IT,Lombardia,Software & SaaS,2017-01-01
IT,Lombardia,Analytics & AI,2017-01-01
IT,Lombardia,Software & SaaS,2017-01-01
IT,Lazio,Travel & Hospitality,2017-01-01
IT,Lombardia,Finance & FinTech,2017-01-01
IT,Sardegna,Other,2017-01-01
IT,Lombardia,Other,2017-01-01
IT,Lazio,Advertising & Marketing,2017-01-01
IT,Piemonte,Healthcare,2017-01-01
IT,Lombardia,Entertainment & Media,2017-01-01
IT,Lombardia,Advertising & Marketing,2017-01-01
IT,Toscana,Manufacturing & Logistics,2017-01-01
IT,Lazio,Advertising & Marketing,2017-01-01
IT,Sardegna,Analytics & AI,2017-01-01
IT,Umbria,Manufacturing & Logistics,2017-01-01
IT,Lombardia,Social & Communication,2017-01-01
IT,Friuli-Venezia Giulia,Software & SaaS,2017-01-01
IT,Lombardia,Other,2017-01-01
IT,Lombardia,Other,2017-01-01
IT,Lombardia,Manufacturing & Logistics,2017-01-01
IT,Piemonte,Security,2017-01-01
IT,Toscana,Software & SaaS,2017-01-01
IT,Sardegna,Healthcare,2017-01-01
IT,Lombardia,Analytics & AI,2017-01-01
IT,Lombardia,Software & SaaS,2017-01-01
IT,Trentino-Alto Adige/Südtirol,Analytics & AI,2017-01-01
IT,Campania,Software & SaaS,2017-01-01
IT,Lombardia,Other,2017-01-01
IT,Veneto,Other,2017-01-01
IT,Lazio,E-Commerce & Retail,2017-01-01
IT,Toscana,Finance & FinTech,2017-01-01
IT,Lombardia,Software & SaaS,2017-01-01
IT,Lombardia,Manufacturing & Logistics,2017-01-01
IT,Lazio,Other,2017-01-01
IT,Lombardia,Finance & FinTech,2017-01-01
IT,Lombardia,Analytics & AI,2017-01-01
IT,Lombardia,Travel & Hospitality,2017-01-01
IT,Lombardia,Healthcare,2017-01-01
IT,Lombardia,Social & Communication,2017-01-01
IT,Lazio,E-Commerce & Retail,2017-01-01
IT,Piemonte,Other,2017-01-01
IT,Toscana,Software & SaaS,2017-01-01
IT,Emilia-Romagna,Education,2017-01-01
IT,Lombardia,Analytics & AI,2017-01-01
IT,Lazio,Social & Communication,2017-01-01
IT,Lazio,Other,2017-01-01
IT,Lombardia,Travel & Hospitality,2017-01-01
IT,Lombardia,Other,2017-01-01
IT,Lombardia,Manufacturing & Logistics,2017-01-01
IT,Lombardia,Finance & FinTech,2017-01-01
IT,Lombardia,Finance & FinTech,2017-01-01
IT,Veneto,Entertainment & Media,2017-01-01
IT,Veneto,Other,2017-01-01
IT,Lombardia,Security,2017-01-01
IT,Lombardia,Software & SaaS,2017-01-01
IT,Sicilia,Finance & FinTech,2017-01-01
IT,Lazio,Other,2017-01-01
IT,Piemonte,Mobile,2017-01-01
IT,Lombardia,Analytics & AI,2017-01-01
IT,Liguria,Analytics & AI,2017-01-01
IT,Piemonte,Analytics & AI,2017-01-01
IT,Lombardia,Biotechnology,2017-01-01
IT,Lombardia,Social & Communication,2017-01-01
IT,Lazio,Analytics & AI,2017-01-01
IT,Lombardia,Manufacturing & Logistics,2017-01-01
IT,Lombardia,Finance & FinTech,2017-01-01
IT,Piemonte,E-Commerce & Retail,2017-01-01
IT,Lombardia,Software & SaaS,2017-01-01
IT,Lombardia,Software & SaaS,2017-01-01
IT,Lombardia,Analytics & AI,2017-01-01
IT,Lombardia,Travel & Hospitality,2017-01-01
IT,Friuli-Venezia Giulia,Travel & Hospitality,2017-01-01
IT,Lombardia,Software & SaaS,2017-01-01
IT,Toscana,E-Commerce & Retail,2017-01-01
IT,Sardegna,Healthcare,2017-01-01
IT,Lombardia,Other,2017-01-01
IT,Lombardia,Entertainment & Media,2017-01-01
IT,Lombardia,Manufacturing & Logistics,2017-01-01
IT,Lombardia,Real Estate,2017-01-01
IT,Lombardia,Travel & Hospitality,2017-01-01
IT,Lazio,Analytics & AI,2017-01-01
IT,Lombardia,Analytics & AI,2017-01-01
IT,Piemonte,E-Commerce & Retail,2017-01-01
IT,Lombardia,Healthcare,2017-01-01
IT,Lazio,Analytics & AI,2016-01-01
IT,Emilia-Romagna,Software & SaaS,2016-01-01
IT,Toscana,Hardware & Semiconductors,2016-01-01
IT,Lazio,Hardware & Semiconductors,2016-01-01
IT,Lombardia,E-Commerce & Retail,2016-01-01
IT,Lombardia,Analytics & AI,2016-01-01
IT,Lombardia,Other,2016-01-01
IT,Lombardia,Finance & FinTech,2016-01-01
IT,Lombardia,Finance & FinTech,2016-01-01
IT,Lombardia,Healthcare,2016-01-01
IT,Toscana,Hardware & Semiconductors,2016-01-01
IT,Lombardia,Healthcare,2016-01-01
IT,Lombardia,Other,2016-01-01
IT,Abruzzo,Manufacturing & Logistics,2016-01-01
IT,Marche,Clean Tech & Energy,2016-01-01
IT,Lombardia,Other,2016-01-01
IT,Toscana,Analytics & AI,2016-01-01
IT,Lombardia,Finance & FinTech,2016-01-01
IT,Piemonte,Software & SaaS,2016-01-01
IT,Lombardia,Analytics & AI,2016-01-01
IT,Lombardia,Software & SaaS,2016-01-01
IT,Emilia-Romagna,Travel & Hospitality,2016-01-01
IT,Lombardia,Travel & Hospitality,2016-01-01
IT,Lombardia,Analytics & AI,2016-01-01
IT,Lombardia,Advertising & Marketing,2016-01-01
IT,Piemonte,Hardware & Semiconductors,2016-01-01
IT,Abruzzo,Mobile,2016-01-01
IT,Lazio,Travel & Hospitality,2016-01-01
IT,Piemonte,E-Commerce & Retail,2016-01-01
IT,Sardegna,Software & SaaS,2016-01-01
IT,Lombardia,Finance & FinTech,2016-01-01
IT,Friuli-Venezia Giulia,Software & SaaS,2016-01-01
IT,Emilia-Romagna,Advertising & Marketing,2016-01-01
IT,Liguria,Analytics & AI,2016-01-01
IT,Lombardia,E-Commerce & Retail,2016-01-01
IT,Lombardia,E-Commerce & Retail,2016-01-01
IT,Friuli-Venezia Giulia,Social & Communication,2016-01-01
IT,Lazio,Hardware & Semiconductors,2016-01-01
IT,Friuli-Venezia Giulia,Other,2016-01-01
IT,Lazio,Software & SaaS,2016-01-01
IT,Lombardia,Social & Communication,2016-01-01
IT,Lombardia,Finance & FinTech,2016-01-01
IT,Lombardia,Analytics & AI,2016-01-01
IT,Lombardia,Social & Communication,2016-01-01
IT,Liguria,Biotechnology,2016-01-01
IT,Piemonte,Clean Tech & Energy,2016-01-01
IT,Piemonte,Real Estate,2016-01-01
IT,Lombardia,E-Commerce & Retail,2016-01-01
IT,Lombardia,Analytics & AI,2016-01-01
IT,Lazio,Advertising & Marketing,2016-01-01
IT,Liguria,Other,2016-01-01
IT,Veneto,Manufacturing & Logistics,2016-01-01
IT,Campania,Other,2016-01-01
IT,Lombardia,Hardware & Semiconductors,2016-01-01
IT,Friuli-Venezia Giulia,E-Commerce & Retail,2016-01-01
IT,Abruzzo,E-Commerce & Retail,2016-01-01
IT,Sardegna,E-Commerce & Retail,2016-01-01
IT,Lombardia,Healthcare,2016-01-01
IT,Toscana,E-Commerce & Retail,2016-01-01
IT,Lombardia,Analytics & AI,2016-01-01
IT,Lombardia,E-Commerce & Retail,2016-01-01
IT,Lombardia,Other,2016-01-01
IT,Sicilia,Analytics & AI,2016-01-01
IT,Piemonte,Software & SaaS,2016-01-01
IT,Liguria,Analytics & AI,2016-01-01
IT,Lombardia,Software & SaaS,2016-01-01
IT,Emilia-Romagna,Travel & Hospitality,2016-01-01
IT,Lazio,Software & SaaS,2016-01-01
IT,Marche,Software & SaaS,2016-01-01
IT,Lombardia,E-Commerce & Retail,2016-01-01
IT,Lazio,Manufacturing & Logistics,2016-01-01
IT,Toscana,Advertising & Marketing,2016-01-01
IT,Lombardia,Advertising & Marketing,2016-01-01
IT,Toscana,Advertising & Marketing,2016-01-01
IT,Lombardia,Other,2016-01-01
IT,Toscana,Other,2016-01-01
IT,Piemonte,Security,2016-01-01
IT,Piemonte,Hardware & Semiconductors,2016-01-01
IT,Emilia-Romagna,E-Commerce & Retail,2016-01-01
IT,Emilia-Romagna,Other,2016-01-01
IT,Lazio,Analytics & AI,2016-01-01
IT,Emilia-Romagna,E-Commerce & Retail,2016-01-01
IT,Toscana,Software & SaaS,2016-01-01
IT,Lombardia,Manufacturing & Logistics,2016-01-01
IT,Lombardia,Social & Communication,2016-01-01
IT,Lombardia,Finance & FinTech,2016-01-01
IT,Liguria,Clean Tech & Energy,2016-01-01
IT,Umbria,Analytics & AI,2016-01-01
IT,Liguria,Entertainment & Media,2016-01-01
IT,Lombardia,Software & SaaS,2016-01-01
IT,Veneto,Advertising & Marketing,2016-01-01
IT,Emilia-Romagna,Manufacturing & Logistics,2016-01-01
IT,Veneto,Other,2016-01-01
IT,Lombardia,E-Commerce & Retail,2016-01-01
IT,Lombardia,Software & SaaS,2016-01-01
IT,Lombardia,Finance & FinTech,2016-01-01
IT,Lombardia,Software & SaaS,2016-01-01
IT,Campania,Analytics & AI,2016-01-01
IT,Lombardia,Entertainment & Media,2016-01-01
IT,Lombardia,E-Commerce & Retail,2016-01-01
IT,Sardegna,Other,2016-01-01
IT,Lazio,Other,2016-01-01
IT,Emilia-Romagna,Other,2016-01-01
IT,Lazio,Other,2016-01-01
IT,Lombardia,Other,2016-01-01
IT,Piemonte,Other,2016-01-01
IT,Lombardia,Other,2016-01-01
IT,Lombardia,Finance & FinTech,2016-01-01
IT,Lombardia,E-Commerce & Retail,2016-01-01
IT,Campania,Software & SaaS,2016-01-01
IT,Friuli-Venezia Giulia,Other,2016-01-01
IT,Piemonte,Other,2016-01-01
IT,Lombardia,Software & SaaS,2016-01-01
IT,Lazio,Travel & Hospitality,2016-01-01
IT,Emilia-Romagna,Analytics & AI,2016-01-01
IT,Lombardia,Other,2016-01-01
IT,Veneto,Software & SaaS,2016-01-01
IT,Lombardia,Security,2016-01-01
IT,Liguria,Other,2016-01-01
IT,Piemonte,Hardware & Semiconductors,2016-01-01
IT,Toscana,Manufacturing & Logistics,2016-01-01
IT,Piemonte,Finance & FinTech,2016-01-01
IT,Puglia,Software & SaaS,2016-01-01
IT,Friuli-Venezia Giulia,Biotechnology,2016-01-01
IT,Lazio,Finance & FinTech,2016-01-01
IT,Lazio,Healthcare,2016-01-01
IT,Lazio,Manufacturing & Logistics,2016-01-01
IT,Lombardia,E-Commerce & Retail,2016-01-01
IT,Lazio,Healthcare,2016-01-01
IT,Trentino-Alto Adige/Südtirol,Finance & FinTech,2016-01-01
IT,Piemonte,E-Commerce & Retail,2016-01-01
IT,Lombardia,E-Commerce & Retail,2016-01-01
IT,Abruzzo,Other,2016-01-01
IT,Lombardia,Biotechnology,2016-01-01
IT,Lombardia,Software & SaaS,2016-01-01
IT,Lombardia,Analytics & AI,2016-01-01
IT,Lazio,Manufacturing & Logistics,2016-01-01
IT,Lombardia,Finance & FinTech,2016-01-01
IT,Lazio,Mobile,2016-01-01
IT,Trentino-Alto Adige/Südtirol,Other,2015-01-01
IT,Lazio,Manufacturing & Logistics,2015-01-01
IT,Lombardia,Travel & Hospitality,2015-01-01
IT,Lombardia,Other,2015-01-01
IT,Piemonte,Software & SaaS,2015-01-01
IT,Trentino-Alto Adige/Südtirol,Software & SaaS,2015-01-01
IT,Lombardia,Education,2015-01-01
IT,Emilia-Romagna,Advertising & Marketing,2015-01-01
IT,Lombardia,E-Commerce & Retail,2015-01-01
IT,Lombardia,Software & SaaS,2015-01-01
IT,Lombardia,Education,2015-01-01
IT,Lazio,Entertainment & Media,2015-01-01
IT,Trentino-Alto Adige/Südtirol,Other,2015-01-01
IT,Lazio,Hardware & Semiconductors,2015-01-01
IT,Sardegna,Other,2015-01-01
IT,Abruzzo,Advertising & Marketing,2015-01-01
IT,Campania,Software & SaaS,2015-01-01
IT,Lombardia,Software & SaaS,2015-01-01
IT,Lazio,Other,2015-01-01
IT,Lazio,Software & SaaS,2015-01-01
IT,Lombardia,Healthcare,2015-01-01
IT,Campania,E-Commerce & Retail,2015-01-01
IT,Lazio,Mobile,2015-01-01
IT,Emilia-Romagna,Mobile,2015-01-01
IT,Marche,E-Commerce & Retail,2015-01-01
IT,Sicilia,Other,2015-01-01
IT,Lombardia,Analytics & AI,2015-01-01
IT,Lombardia,Clean Tech & Energy,2015-01-01
IT,Veneto,Software & SaaS,2015-01-01
IT,Toscana,Healthcare,2015-01-01
IT,Lombardia,Biotechnology,2015-01-01
IT,Trentino-Alto Adige/Südtirol,Analytics & AI,2015-01-01
IT,Lombardia,E-Commerce & Retail,2015-01-01
IT,Lazio,Manufacturing & Logistics,2015-01-01
IT,Lombardia,Finance & FinTech,2015-01-01
IT,Lombardia,Advertising & Marketing,2015-01-01
IT,Emilia-Romagna,Other,2015-01-01
IT,Lombardia,Real Estate,2015-01-01
IT,Abruzzo,Software & SaaS,2015-01-01
IT,Lombardia,E-Commerce & Retail,2015-01-01
IT,Puglia,Manufacturing & Logistics,2015-01-01
IT,Piemonte,Clean Tech & Energy,2015-01-01
IT,Lombardia,Real Estate,2015-01-01
IT,Lombardia,E-Commerce & Retail,2015-01-01
IT,Lazio,Healthcare,2015-01-01
IT,Emilia-Romagna,Analytics & AI,2015-01-01
IT,Veneto,Other,2015-01-01
IT,Lombardia,Finance & FinTech,2015-01-01
IT,Piemonte,Software & SaaS,2015-01-01
IT,Calabria,Advertising & Marketing,2015-01-01
IT,Veneto,Manufacturing & Logistics,2015-01-01
IT,Lombardia,Other,2015-01-01
IT,Trentino-Alto Adige/Südtirol,Manufacturing & Logistics,2015-01-01
IT,Lazio,E-Commerce & Retail,2015-01-01
IT,Emilia-Romagna,E-Commerce & Retail,2015-01-01
IT,Sardegna,Analytics & AI,2015-01-01
IT,Veneto,Mobile,2015-01-01
IT,Lombardia,E-Commerce & Retail,2015-01-01
IT,Toscana,Healthcare,2015-01-01
IT,Lombardia,E-Commerce & Retail,2015-01-01
IT,Lombardia,Software & SaaS,2015-01-01
IT,Lombardia,Healthcare,2015-01-01
IT,Sicilia,Real Estate,2015-01-01
IT,Liguria,Software & SaaS,2015-01-01
IT,Lombardia,Analytics & AI,2015-01-01
IT,Piemonte,Mobile,2015-01-01
IT,Emilia-Romagna,Software & SaaS,2015-01-01
IT,Toscana,E-Commerce & Retail,2015-01-01
IT,Emilia-Romagna,Advertising & Marketing,2015-01-01
IT,Lombardia,Software & SaaS,2015-01-01
IT,Valle d'Aosta,Analytics & AI,2015-01-01
IT,Lombardia,Advertising & Marketing,2015-01-01
IT,Lombardia,Manufacturing & Logistics,2015-01-01
IT,Veneto,Software & SaaS,2015-01-01
IT,Friuli-Venezia Giulia,Software & SaaS,2015-01-01
IT,Piemonte,Manufacturing & Logistics,2015-01-01
IT,Liguria,Advertising & Marketing,2015-01-01
IT,Veneto,Other,2015-01-01
IT,Lazio,Other,2015-01-01
IT,Lombardia,Finance & FinTech,2015-01-01
IT,Emilia-Romagna,E-Commerce & Retail,2015-01-01
IT,Lazio,Travel & Hospitality,2015-01-01
IT,Lazio,Entertainment & Media,2015-01-01
IT,Lombardia,Travel & Hospitality,2015-01-01
IT,Lombardia,Entertainment & Media,2015-01-01
IT,Toscana,Software & SaaS,2015-01-01
IT,Lombardia,E-Commerce & Retail,2015-01-01
IT,Lombardia,Healthcare,2015-01-01
IT,Lombardia,Travel & Hospitality,2015-01-01
IT,Emilia-Romagna,E-Commerce & Retail,2015-01-01
IT,Marche,Other,2015-01-01
IT,Veneto,E-Commerce & Retail,2015-01-01
IT,Lombardia,Finance & FinTech,2015-01-01
IT,Lazio,Manufacturing & Logistics,2015-01-01
IT,Toscana,E-Commerce & Retail,2015-01-01
IT,Lombardia,Finance & FinTech,2015-01-01
IT,Lombardia,Other,2015-01-01
IT,Friuli-Venezia Giulia,Software & SaaS,2015-01-01
IT,Lombardia,Other,2015-01-01
IT,Lazio,E-Commerce & Retail,2015-01-01
IT,Lombardia,Finance & FinTech,2015-01-01
IT,Lombardia,Manufacturing & Logistics,2015-01-01
IT,Lombardia,Analytics & AI,2015-01-01
IT,Lazio,Advertising & Marketing,2015-01-01
IT,Trentino-Alto Adige/Südtirol,Software & SaaS,2015-01-01
IT,Lombardia,Analytics & AI,2015-01-01
IT,Lazio,Entertainment & Media,2015-01-01
IT,Abruzzo,E-Commerce & Retail,2015-01-01
IT,Veneto,Other,2015-01-01
IT,Toscana,Social & Communication,2015-01-01
IT,Lombardia,Software & SaaS,2015-01-01
IT,Lazio,Software & SaaS,2015-01-01
IT,Lazio,Manufacturing & Logistics,2015-01-01
IT,Piemonte,E-Commerce & Retail,2015-01-01
IT,Piemonte,Analytics & AI,2015-01-01
IT,Piemonte,Travel & Hospitality,2015-01-01
IT,Emilia-Romagna,Software & SaaS,2015-01-01
IT,Lombardia,Mobile,2015-01-01
IT,Emilia-Romagna,Travel & Hospitality,2015-01-01
IT,Lazio,Software & SaaS,2015-01-01
IT,Veneto,Analytics & AI,2015-01-01
IT,Lombardia,Software & SaaS,2015-01-01
IT,Lombardia,Social & Communication,2015-01-01
IT,Piemonte,Software & SaaS,2015-01-01
IT,Toscana,Other,2015-01-01
IT,Veneto,Other,2015-01-01
IT,Marche,Hardware & Semiconductors,2015-01-01
IT,Lazio,Mobile,2015-01-01
IT,Lombardia,E-Commerce & Retail,2015-01-01
IT,Toscana,Software & SaaS,2015-01-01
IT,Friuli-Venezia Giulia,Healthcare,2015-01-01
IT,Lazio,Manufacturing & Logistics,2015-01-01
IT,Lombardia,Other,2015-01-01
IT,Lombardia,Finance & FinTech,2015-01-01
IT,Lombardia,Other,2015-01-01
IT,Lombardia,Entertainment & Media,2015-01-01
IT,Emilia-Romagna,Hardware & Semiconductors,2015-01-01
IT,Lombardia,Other,2015-01-01
IT,Lombardia,Software & SaaS,2015-01-01
IT,Emilia-Romagna,Software & SaaS,2015-01-01
IT,Lombardia,Other,2015-01-01
IT,Lombardia,Other,2015-01-01
IT,Veneto,Other,2015-01-01
IT,Lazio,Other,2015-01-01
IT,Lombardia,E-Commerce & Retail,2015-01-01
IT,Lazio,Manufacturing & Logistics,2015-01-01
IT,Toscana,Healthcare,2015-01-01
IT,Liguria,Software & SaaS,2015-01-01
IT,Lombardia,Hardware & Semiconductors,2015-01-01
IT,Trentino-Alto Adige/Südtirol,Security,2015-01-01
IT,Lombardia,Manufacturing & Logistics,2015-01-01
IT,Marche,Software & SaaS,2014-01-01
IT,Lombardia,Other,2014-01-01
IT,Lazio,E-Commerce & Retail,2014-01-01
IT,Puglia,Other,2014-01-01
IT,Lombardia,Clean Tech & Energy,2014-01-01
IT,Lazio,Software & SaaS,2014-01-01
IT,Emilia-Romagna,Other,2014-01-01
IT,Piemonte,Hardware & Semiconductors,2014-01-01
IT,Lombardia,Manufacturing & Logistics,2014-01-01
IT,Campania,Manufacturing & Logistics,2014-01-01
IT,Campania,Social & Communication,2014-01-01
IT,Piemonte,Software & SaaS,2014-01-01
IT,Sicilia,E-Commerce & Retail,2014-01-01
IT,Lombardia,Other,2014-01-01
IT,Lazio,Hardware & Semiconductors,2014-01-01
IT,Campania,Other,2014-01-01
IT,Campania,Mobile,2014-01-01
IT,Piemonte,Travel & Hospitality,2014-01-01
IT,Lombardia,E-Commerce & Retail,2014-01-01
IT,Campania,Security,2014-01-01
IT,Lombardia,E-Commerce & Retail,2014-01-01
IT,Emilia-Romagna,Entertainment & Media,2014-01-01
IT,Lombardia,Software & SaaS,2014-01-01
IT,Lazio,Security,2014-01-01
IT,Lombardia,Finance & FinTech,2014-01-01
IT,Emilia-Romagna,E-Commerce & Retail,2014-01-01
IT,Emilia-Romagna,Manufacturing & Logistics,2014-01-01
IT,Lombardia,Healthcare,2014-01-01
IT,Lombardia,Finance & FinTech,2014-01-01
IT,Lombardia,Education,2014-01-01
IT,Piemonte,Software & SaaS,2014-01-01
IT,Lazio,Other,2014-01-01
IT,Lombardia,Advertising & Marketing,2014-01-01
IT,Lazio,Clean Tech & Energy,2014-01-01
IT,Lombardia,Mobile,2014-01-01
IT,Veneto,Software & SaaS,2014-01-01
IT,Lombardia,Software & SaaS,2014-01-01
IT,Toscana,Advertising & Marketing,2014-01-01
IT,Lombardia,Healthcare,2014-01-01
IT,Puglia,Mobile,2014-01-01
IT,Piemonte,Travel & Hospitality,2014-01-01
IT,Lombardia,Software & SaaS,2014-01-01
IT,Piemonte,Manufacturing & Logistics,2014-01-01
IT,Lombardia,Hardware & Semiconductors,2014-01-01
IT,Lazio,Software & SaaS,2014-01-01
IT,Emilia-Romagna,Advertising & Marketing,2013-01-01
IT,Lombardia,Finance & FinTech,2013-01-01
IT,Liguria,Software & SaaS,2013-01-01
IT,Campania,Social & Communication,2013-01-01
IT,Lombardia,Other,2013-01-01
IT,Lombardia,E-Commerce & Retail,2013-01-01
IT,Lazio,Travel & Hospitality,2013-01-01
IT,Lazio,Software & SaaS,2013-01-01
IT,Lombardia,Finance & FinTech,2013-01-01
IT,Lazio,Healthcare,2013-01-01
IT,Lombardia,Finance & FinTech,2013-01-01
IT,Lazio,Software & SaaS,2012-01-01
IT,Lombardia,Social & Communication,2012-01-01
IT,Lombardia,Other,2012-01-01
IT,Lombardia,Travel & Hospitality,2012-01-01
IT,Lazio,Software & SaaS,2012-01-01
IT,Campania,Social & Communication,2012-01-01
IT,Marche,Software & SaaS,2012-01-01
IT,Marche,Manufacturing & Logistics,2011-01-01
IT,Lombardia,Mobile,2011-01-01
IT,Lazio,Software & SaaS,2011-01-01
IT,Lombardia,Other,2011-01-01
IT,Lombardia,Advertising & Marketing,2010-01-01
IT,Toscana,Other,2010-01-01
IT,Lazio,Other,2010-01-01
IT,Lombardia,Software & SaaS,2009-01-01
IT,Lombardia,E-Commerce & Retail,2009-01-01
IT,Lombardia,Social & Communication,2009-01-01
IT,Lombardia,Energy,2007-01-01
